Unnamed: 0,Nedbør (1 t),Lufttemperatur,Middelvind,Skydekke,count,weekday,hour,isHoliday,count_last_hour,month,num_bikes_available
2021-09-01 00:00:00+00:00,0.0,-4.2,1.3,8,0,2,0,False,,9,15
2021-09-01 01:00:00+00:00,0.0,-4.4,1.1,8,0,2,1,False,0.0,9,16
2021-09-01 02:00:00+00:00,0.0,-4.5,0.3,8,0,2,2,False,0.0,9,16
2021-09-01 03:00:00+00:00,0.0,-4.6,0.2,8,0,2,3,False,0.0,9,16
2021-09-01 04:00:00+00:00,0.0,-4.6,0.8,8,3,2,4,False,0.0,9,16
2021-09-01 05:00:00+00:00,0.0,-4.6,1.0,8,8,2,5,False,3.0,9,16
2021-09-01 06:00:00+00:00,0.0,-4.7,0.6,8,6,2,6,False,8.0,9,16
2021-09-01 07:00:00+00:00,0.0,-4.5,0.6,8,4,2,7,False,6.0,9,12
2021-09-01 08:00:00+00:00,0.0,-4.7,0.4,8,7,2,8,False,4.0,9,7
2021-09-01 09:00:00+00:00,0.0,-4.7,0.5,8,1,2,9,False,7.0,9,0
2021-09-01 10:00:00+00:00,0.0,-4.8,0.8,7,1,2,10,False,1.0,9,17
2021-09-01 11:00:00+00:00,0.0,-4.5,0.6,7,0,2,11,False,1.0,9,10
2021-09-01 12:00:00+00:00,0.0,-3.7,2.1,7,3,2,12,False,0.0,9,11
2021-09-01 13:00:00+00:00,0.0,-5.0,2.7,7,3,2,13,False,3.0,9,10
2021-09-01 14:00:00+00:00,0.0,-5.1,1.0,7,3,2,14,False,3.0,9,12
2021-09-01 15:00:00+00:00,0.0,-5.5,1.3,7,5,2,15,False,3.0,9,9
2021-09-01 16:00:00+00:00,0.0,-5.1,1.8,7,2,2,16,False,5.0,9,6
2021-09-01 17:00:00+00:00,0.0,-5.4,1.1,7,4,2,17,False,2.0,9,7
2021-09-01 18:00:00+00:00,0.0,-5.5,1.5,7,1,2,18,False,4.0,9,8
2021-09-01 19:00:00+00:00,0.0,-6.0,1.1,8,1,2,19,False,1.0,9,9
2021-09-01 20:00:00+00:00,0.0,-6.0,0.8,8,0,2,20,False,1.0,9,7
2021-09-01 21:00:00+00:00,0.0,-6.0,0.8,8,0,2,21,False,0.0,9,7
2021-09-01 22:00:00+00:00,0.1,-5.8,1.0,8,0,2,22,False,0.0,9,10
2021-09-01 23:00:00+00:00,0.1,-5.3,0.5,8,0,2,23,False,0.0,9,10
2021-09-02 00:00:00+00:00,0.0,-5.4,6.1,7,0,3,0,False,0.0,9,12
2021-09-02 01:00:00+00:00,0.0,-5.8,6.4,7,0,3,1,False,0.0,9,12
2021-09-02 02:00:00+00:00,0.1,-6.1,5.3,7,0,3,2,False,0.0,9,12
2021-09-02 03:00:00+00:00,0.0,-6.1,4.9,7,0,3,3,False,0.0,9,12
2021-09-02 04:00:00+00:00,0.2,-5.8,4.9,7,0,3,4,False,0.0,9,12
2021-09-02 05:00:00+00:00,0.0,-5.8,5.3,7,7,3,5,False,0.0,9,12
2021-09-02 06:00:00+00:00,0.0,-6.0,6.1,7,6,3,6,False,7.0,9,12
2021-09-02 07:00:00+00:00,0.0,-6.1,5.6,7,2,3,7,False,6.0,9,12
2021-09-02 08:00:00+00:00,0.0,-6.3,5.4,7,1,3,8,False,2.0,9,6
2021-09-02 09:00:00+00:00,0.0,-6.5,5.7,7,1,3,9,False,1.0,9,0
2021-09-02 10:00:00+00:00,0.0,-6.4,5.5,7,3,3,10,False,1.0,9,17
2021-09-02 11:00:00+00:00,0.0,-5.7,5.9,7,1,3,11,False,3.0,9,17
2021-09-02 12:00:00+00:00,0.0,-4.4,5.2,7,1,3,12,False,1.0,9,18
2021-09-02 13:00:00+00:00,0.0,-3.8,4.0,3,5,3,13,False,1.0,9,17
2021-09-02 14:00:00+00:00,0.0,-3.5,4.9,3,2,3,14,False,5.0,9,18
2021-09-02 15:00:00+00:00,0.0,-3.9,4.1,3,4,3,15,False,2.0,9,18
2021-09-02 16:00:00+00:00,0.0,-4.7,3.6,2,4,3,16,False,4.0,9,15
2021-09-02 17:00:00+00:00,0.0,-5.9,4.4,2,4,3,17,False,4.0,9,15
2021-09-02 18:00:00+00:00,0.0,-7.1,2.9,2,1,3,18,False,4.0,9,11
2021-09-02 19:00:00+00:00,0.0,-7.6,2.5,4,1,3,19,False,1.0,9,11
2021-09-02 20:00:00+00:00,0.0,-7.7,2.7,4,2,3,20,False,1.0,9,8
2021-09-02 21:00:00+00:00,0.0,-8.3,1.7,4,1,3,21,False,2.0,9,9
2021-09-02 22:00:00+00:00,0.0,-9.6,1.6,4,1,3,22,False,1.0,9,9
2021-09-02 23:00:00+00:00,0.0,-10.3,0.8,4,0,3,23,False,1.0,9,12
2021-09-03 00:00:00+00:00,0.0,-2.3,0.5,6,0,4,0,False,0.0,9,13
2021-09-03 01:00:00+00:00,0.0,-1.5,1.1,6,0,4,1,False,0.0,9,12
2021-09-03 02:00:00+00:00,0.0,-1.8,0.5,6,0,4,2,False,0.0,9,12
2021-09-03 03:00:00+00:00,0.0,-2.0,1.5,6,0,4,3,False,0.0,9,12
2021-09-03 04:00:00+00:00,0.0,-1.9,0.7,6,1,4,4,False,0.0,9,12
2021-09-03 05:00:00+00:00,0.0,-1.7,1.1,6,8,4,5,False,1.0,9,12
2021-09-03 06:00:00+00:00,0.0,-2.0,0.7,6,7,4,6,False,8.0,9,12
2021-09-03 07:00:00+00:00,0.0,-2.6,1.0,8,4,4,7,False,7.0,9,11
2021-09-03 08:00:00+00:00,0.0,-0.7,0.9,8,0,4,8,False,4.0,9,5
2021-09-03 09:00:00+00:00,0.0,0.7,1.1,8,0,4,9,False,0.0,9,4
2021-09-03 10:00:00+00:00,0.0,1.2,1.1,3,0,4,10,False,0.0,9,0
2021-09-03 11:00:00+00:00,0.0,4.2,1.0,3,4,4,11,False,0.0,9,0
2021-09-03 12:00:00+00:00,0.0,6.0,1.5,3,2,4,12,False,4.0,9,0
2021-09-03 13:00:00+00:00,0.0,6.2,2.0,3,5,4,13,False,2.0,9,18
2021-09-03 14:00:00+00:00,0.0,5.7,1.8,3,4,4,14,False,5.0,9,15
2021-09-03 15:00:00+00:00,0.0,6.3,3.0,3,1,4,15,False,4.0,9,13
2021-09-03 16:00:00+00:00,0.0,6.1,2.3,6,1,4,16,False,1.0,9,13
2021-09-03 17:00:00+00:00,0.0,5.8,1.4,6,1,4,17,False,1.0,9,11
2021-09-03 18:00:00+00:00,0.0,5.0,1.0,6,0,4,18,False,1.0,9,12
2021-09-03 19:00:00+00:00,0.0,4.6,1.3,6,1,4,19,False,0.0,9,12
2021-09-03 20:00:00+00:00,0.0,3.5,2.4,6,3,4,20,False,1.0,9,12
2021-09-03 21:00:00+00:00,0.0,3.1,2.6,6,0,4,21,False,3.0,9,13
2021-09-03 22:00:00+00:00,0.0,2.7,2.9,7,0,4,22,False,0.0,9,14
2021-09-03 23:00:00+00:00,0.0,1.5,2.6,7,0,4,23,False,0.0,9,12
2021-09-04 00:00:00+00:00,0.0,5.4,5.4,8,0,5,0,False,0.0,9,11
2021-09-04 01:00:00+00:00,0.0,5.7,5.4,8,0,5,1,False,0.0,9,11
2021-09-04 02:00:00+00:00,1.3,4.7,4.2,8,0,5,2,False,0.0,9,11
2021-09-04 03:00:00+00:00,0.0,3.6,3.4,8,0,5,3,False,0.0,9,11
2021-09-04 04:00:00+00:00,0.0,2.5,2.0,8,0,5,4,False,0.0,9,11
2021-09-04 05:00:00+00:00,0.0,2.8,4.3,8,0,5,5,False,0.0,9,11
2021-09-04 06:00:00+00:00,0.0,2.9,4.6,8,3,5,6,False,0.0,9,11
2021-09-04 07:00:00+00:00,0.0,2.9,5.7,7,4,5,7,False,3.0,9,11
2021-09-04 08:00:00+00:00,0.0,3.6,3.9,7,3,5,8,False,4.0,9,12
2021-09-04 09:00:00+00:00,0.0,4.3,4.1,7,1,5,9,False,3.0,9,7
2021-09-04 10:00:00+00:00,0.0,7.0,4.4,6,3,5,10,False,1.0,9,5
2021-09-04 11:00:00+00:00,0.1,7.4,3.8,6,4,5,11,False,3.0,9,2
2021-09-04 12:00:00+00:00,0.0,9.0,6.1,6,2,5,12,False,4.0,9,1
2021-09-04 13:00:00+00:00,0.0,9.9,7.1,4,4,5,13,False,2.0,9,0
2021-09-04 14:00:00+00:00,0.0,7.9,2.9,4,1,5,14,False,4.0,9,18
2021-09-04 15:00:00+00:00,0.0,8.3,6.7,4,6,5,15,False,1.0,9,16
2021-09-04 16:00:00+00:00,0.0,9.0,7.1,4,2,5,16,False,6.0,9,13
2021-09-04 17:00:00+00:00,0.0,8.2,7.8,4,4,5,17,False,2.0,9,10
2021-09-04 18:00:00+00:00,0.0,7.2,6.8,4,1,5,18,False,4.0,9,7
2021-09-04 19:00:00+00:00,0.0,5.5,5.7,2,1,5,19,False,1.0,9,8
2021-09-04 20:00:00+00:00,0.0,3.7,4.8,2,1,5,20,False,1.0,9,8
2021-09-04 21:00:00+00:00,0.0,2.6,4.1,2,1,5,21,False,1.0,9,8
2021-09-04 22:00:00+00:00,0.0,1.8,3.0,0,2,5,22,False,1.0,9,8
2021-09-04 23:00:00+00:00,0.0,0.9,2.9,0,0,5,23,False,2.0,9,8
2021-09-05 00:00:00+00:00,0.0,6.0,3.1,7,0,6,0,False,0.0,9,7
2021-09-05 01:00:00+00:00,0.0,5.7,2.8,7,0,6,1,False,0.0,9,5
2021-09-05 02:00:00+00:00,0.0,5.7,1.9,7,0,6,2,False,0.0,9,5
2021-09-05 03:00:00+00:00,0.0,5.7,1.7,7,0,6,3,False,0.0,9,5
2021-09-05 04:00:00+00:00,0.0,5.7,1.6,7,0,6,4,False,0.0,9,5
2021-09-05 05:00:00+00:00,0.3,5.0,1.4,7,0,6,5,False,0.0,9,5
2021-09-05 06:00:00+00:00,0.1,5.2,3.0,7,0,6,6,False,0.0,9,5
2021-09-05 07:00:00+00:00,0.1,5.4,3.2,8,1,6,7,False,0.0,9,5
2021-09-05 08:00:00+00:00,0.0,5.8,2.4,8,4,6,8,False,1.0,9,5
2021-09-05 09:00:00+00:00,0.0,5.9,3.6,8,1,6,9,False,4.0,9,5
2021-09-05 10:00:00+00:00,0.0,5.9,3.7,8,0,6,10,False,1.0,9,4
2021-09-05 11:00:00+00:00,0.0,6.2,2.2,8,0,6,11,False,0.0,9,1
2021-09-05 12:00:00+00:00,0.1,6.0,2.0,8,2,6,12,False,0.0,9,0
2021-09-05 13:00:00+00:00,0.3,6.2,2.0,8,1,6,13,False,2.0,9,0
2021-09-05 14:00:00+00:00,2.5,6.3,2.2,8,2,6,14,False,1.0,9,1
2021-09-05 15:00:00+00:00,1.4,6.5,2.4,8,3,6,15,False,2.0,9,0
2021-09-05 16:00:00+00:00,2.4,6.6,3.9,8,2,6,16,False,3.0,9,20
2021-09-05 17:00:00+00:00,0.6,7.0,4.0,8,0,6,17,False,2.0,9,18
2021-09-05 18:00:00+00:00,0.3,6.6,4.3,8,1,6,18,False,0.0,9,17
2021-09-05 19:00:00+00:00,0.2,6.6,3.8,8,0,6,19,False,1.0,9,15
2021-09-05 20:00:00+00:00,0.0,6.8,3.7,8,0,6,20,False,0.0,9,16
2021-09-05 21:00:00+00:00,0.3,6.9,3.6,8,0,6,21,False,0.0,9,18
2021-09-05 22:00:00+00:00,0.0,6.9,2.7,8,0,6,22,False,0.0,9,18
2021-09-05 23:00:00+00:00,0.0,7.0,2.4,8,0,6,23,False,0.0,9,18
2021-09-06 00:00:00+00:00,0.0,14.2,1.7,5,0,0,0,False,0.0,9,18
2021-09-06 01:00:00+00:00,0.0,13.6,1.4,5,0,0,1,False,0.0,9,18
2021-09-06 02:00:00+00:00,0.0,14.1,1.3,5,0,0,2,False,0.0,9,18
2021-09-06 03:00:00+00:00,0.0,13.5,1.6,5,0,0,3,False,0.0,9,18
2021-09-06 04:00:00+00:00,0.0,12.7,1.8,5,3,0,4,False,0.0,9,18
2021-09-06 05:00:00+00:00,0.0,13.1,0.9,5,8,0,5,False,3.0,9,18
2021-09-06 06:00:00+00:00,0.0,14.2,1.1,5,13,0,6,False,8.0,9,18
2021-09-06 07:00:00+00:00,0.0,16.2,1.0,7,6,0,7,False,13.0,9,15
2021-09-06 08:00:00+00:00,0.0,17.0,1.6,7,2,0,8,False,6.0,9,9
2021-09-06 09:00:00+00:00,0.0,18.6,2.6,7,2,0,9,False,2.0,9,0
2021-09-06 10:00:00+00:00,0.0,18.5,2.8,2,1,0,10,False,2.0,9,14
2021-09-06 11:00:00+00:00,0.0,18.9,3.5,2,2,0,11,False,1.0,9,13
2021-09-06 12:00:00+00:00,0.0,20.3,2.7,2,0,0,12,False,2.0,9,11
2021-09-06 13:00:00+00:00,0.0,20.7,3.0,1,3,0,13,False,0.0,9,9
2021-09-06 14:00:00+00:00,0.0,21.8,3.0,1,3,0,14,False,3.0,9,9
2021-09-06 15:00:00+00:00,0.0,21.3,3.3,1,5,0,15,False,3.0,9,10
2021-09-06 16:00:00+00:00,0.0,21.6,3.8,1,5,0,16,False,5.0,9,7
2021-09-06 17:00:00+00:00,0.0,21.2,4.3,1,0,0,17,False,5.0,9,9
2021-09-06 18:00:00+00:00,0.0,20.1,4.2,1,0,0,18,False,0.0,9,6
2021-09-06 19:00:00+00:00,0.0,19.2,3.4,2,0,0,19,False,0.0,9,5
2021-09-06 20:00:00+00:00,0.0,17.6,3.3,2,1,0,20,False,0.0,9,8
2021-09-06 21:00:00+00:00,0.0,16.2,2.5,2,1,0,21,False,1.0,9,11
2021-09-06 22:00:00+00:00,0.0,15.6,2.4,2,0,0,22,False,1.0,9,13
2021-09-06 23:00:00+00:00,0.0,14.4,2.6,2,0,0,23,False,0.0,9,12
2021-09-07 00:00:00+00:00,0.0,15.3,0.6,2,0,1,0,False,0.0,9,11
2021-09-07 01:00:00+00:00,0.0,15.0,1.2,2,0,1,1,False,0.0,9,11
2021-09-07 02:00:00+00:00,0.1,13.9,1.4,2,0,1,2,False,0.0,9,12
2021-09-07 03:00:00+00:00,0.0,13.5,2.0,2,0,1,3,False,0.0,9,12
2021-09-07 04:00:00+00:00,0.0,13.8,1.6,2,2,1,4,False,0.0,9,12
2021-09-07 05:00:00+00:00,0.0,13.9,1.8,2,7,1,5,False,2.0,9,12
2021-09-07 06:00:00+00:00,0.0,14.9,2.8,2,10,1,6,False,7.0,9,12
2021-09-07 07:00:00+00:00,0.0,18.0,1.2,7,3,1,7,False,10.0,9,11
2021-09-07 08:00:00+00:00,0.0,19.1,1.4,7,0,1,8,False,3.0,9,16
2021-09-07 09:00:00+00:00,0.0,19.7,1.7,7,1,1,9,False,0.0,9,8
2021-09-07 10:00:00+00:00,0.0,20.1,2.4,7,0,1,10,False,1.0,9,5
2021-09-07 11:00:00+00:00,0.0,21.2,1.5,7,3,1,11,False,0.0,9,6
2021-09-07 12:00:00+00:00,0.0,22.0,1.7,7,2,1,12,False,3.0,9,6
2021-09-07 13:00:00+00:00,0.0,22.7,1.8,3,4,1,13,False,2.0,9,6
2021-09-07 14:00:00+00:00,0.0,23.6,1.5,3,7,1,14,False,4.0,9,12
2021-09-07 15:00:00+00:00,0.0,25.0,1.9,3,2,1,15,False,7.0,9,10
2021-09-07 16:00:00+00:00,0.0,20.3,5.1,7,4,1,16,False,2.0,9,7
2021-09-07 17:00:00+00:00,4.0,17.8,2.9,7,1,1,17,False,4.0,9,7
2021-09-07 18:00:00+00:00,0.1,19.3,2.2,7,3,1,18,False,1.0,9,12
2021-09-07 19:00:00+00:00,0.0,20.2,1.7,7,0,1,19,False,3.0,9,12
2021-09-07 20:00:00+00:00,0.0,19.2,1.9,7,2,1,20,False,0.0,9,11
2021-09-07 21:00:00+00:00,0.0,17.9,2.2,7,1,1,21,False,2.0,9,10
2021-09-07 22:00:00+00:00,0.0,17.7,2.5,4,0,1,22,False,1.0,9,12
2021-09-07 23:00:00+00:00,0.0,17.5,3.1,4,0,1,23,False,0.0,9,12
2021-09-08 00:00:00+00:00,0.0,15.6,1.4,5,0,2,0,False,0.0,9,15
2021-09-08 01:00:00+00:00,0.0,15.4,1.1,5,0,2,1,False,0.0,9,15
2021-09-08 02:00:00+00:00,0.0,15.4,1.3,5,0,2,2,False,0.0,9,16
2021-09-08 03:00:00+00:00,0.0,14.9,0.5,5,0,2,3,False,0.0,9,16
2021-09-08 04:00:00+00:00,0.0,14.9,0.9,5,1,2,4,False,0.0,9,16
2021-09-08 05:00:00+00:00,0.0,15.1,0.9,5,2,2,5,False,1.0,9,16
2021-09-08 06:00:00+00:00,0.0,15.2,1.0,5,12,2,6,False,2.0,9,16
2021-09-08 07:00:00+00:00,0.0,15.7,1.4,7,4,2,7,False,12.0,9,15
2021-09-08 08:00:00+00:00,0.0,18.0,1.5,7,2,2,8,False,4.0,9,14
2021-09-08 09:00:00+00:00,0.0,17.9,2.1,7,1,2,9,False,2.0,9,7
2021-09-08 10:00:00+00:00,0.0,19.5,2.6,6,1,2,10,False,1.0,9,2
2021-09-08 11:00:00+00:00,0.0,18.3,1.7,6,2,2,11,False,1.0,9,2
2021-09-08 12:00:00+00:00,0.0,18.4,2.4,6,0,2,12,False,2.0,9,1
2021-09-08 13:00:00+00:00,0.7,19.7,1.7,6,6,2,13,False,0.0,9,20
2021-09-08 14:00:00+00:00,2.0,19.4,1.9,6,6,2,14,False,6.0,9,18
2021-09-08 15:00:00+00:00,0.0,20.6,4.6,6,7,2,15,False,6.0,9,19
2021-09-08 16:00:00+00:00,0.0,20.7,4.8,2,6,2,16,False,7.0,9,13
2021-09-08 17:00:00+00:00,0.0,19.8,4.6,2,2,2,17,False,6.0,9,8
2021-09-08 18:00:00+00:00,0.0,19.0,5.1,2,0,2,18,False,2.0,9,13
2021-09-08 19:00:00+00:00,0.0,17.7,4.6,3,2,2,19,False,0.0,9,7
2021-09-08 20:00:00+00:00,0.0,17.1,3.6,3,0,2,20,False,2.0,9,7
2021-09-08 21:00:00+00:00,0.0,17.0,3.1,3,2,2,21,False,0.0,9,11
2021-09-08 22:00:00+00:00,0.3,16.5,4.0,7,0,2,22,False,2.0,9,15
2021-09-08 23:00:00+00:00,0.0,16.2,3.2,7,0,2,23,False,0.0,9,17
2021-09-09 00:00:00+00:00,0.0,13.7,0.2,0,0,3,0,False,0.0,9,17
2021-09-09 01:00:00+00:00,0.0,13.6,1.3,0,0,3,1,False,0.0,9,17
2021-09-09 02:00:00+00:00,0.0,13.6,0.2,0,0,3,2,False,0.0,9,17
2021-09-09 03:00:00+00:00,0.0,15.0,1.5,0,0,3,3,False,0.0,9,17
2021-09-09 04:00:00+00:00,0.0,14.9,1.0,0,0,3,4,False,0.0,9,17
2021-09-09 05:00:00+00:00,0.0,14.6,1.1,0,3,3,5,False,0.0,9,17
2021-09-09 06:00:00+00:00,0.0,14.5,1.8,0,7,3,6,False,3.0,9,17
2021-09-09 07:00:00+00:00,0.0,14.6,1.5,8,3,3,7,False,7.0,9,17
2021-09-09 08:00:00+00:00,0.0,15.0,1.4,8,0,3,8,False,3.0,9,15
2021-09-09 09:00:00+00:00,0.0,15.7,1.2,8,5,3,9,False,0.0,9,10
2021-09-09 10:00:00+00:00,0.0,17.1,1.4,8,0,3,10,False,5.0,9,7
2021-09-09 11:00:00+00:00,0.0,18.8,2.3,8,0,3,11,False,0.0,9,6
2021-09-09 12:00:00+00:00,0.0,19.1,1.4,8,2,3,12,False,0.0,9,1
2021-09-09 13:00:00+00:00,0.0,21.5,2.0,4,5,3,13,False,2.0,9,18
2021-09-09 14:00:00+00:00,0.0,23.0,2.4,4,6,3,14,False,5.0,9,18
2021-09-09 15:00:00+00:00,0.0,23.4,1.5,4,1,3,15,False,6.0,9,17
2021-09-09 16:00:00+00:00,0.0,24.2,2.2,5,3,3,16,False,1.0,9,13
2021-09-09 17:00:00+00:00,0.0,23.2,2.0,5,2,3,17,False,3.0,9,10
2021-09-09 18:00:00+00:00,0.0,21.3,2.0,5,3,3,18,False,2.0,9,12
2021-09-09 19:00:00+00:00,0.0,19.1,1.8,2,2,3,19,False,3.0,9,13
2021-09-09 20:00:00+00:00,0.0,17.6,0.8,2,1,3,20,False,2.0,9,12
2021-09-09 21:00:00+00:00,0.0,16.2,0.2,2,0,3,21,False,1.0,9,11
2021-09-09 22:00:00+00:00,0.0,15.0,0.3,3,0,3,22,False,0.0,9,9
2021-09-09 23:00:00+00:00,0.0,14.4,0.4,3,0,3,23,False,0.0,9,11
2021-09-13 00:00:00+00:00,0.0,11.4,2.7,5,0,0,0,False,0.0,9,5
2021-09-13 01:00:00+00:00,0.0,10.2,1.4,5,0,0,1,False,0.0,9,5
2021-09-13 02:00:00+00:00,0.0,9.5,1.6,5,0,0,2,False,0.0,9,5
2021-09-13 03:00:00+00:00,0.0,8.4,1.7,5,1,0,3,False,0.0,9,5
2021-09-13 04:00:00+00:00,0.0,7.9,0.9,5,3,0,4,False,1.0,9,5
2021-09-13 05:00:00+00:00,0.0,7.8,0.8,5,2,0,5,False,3.0,9,5
2021-09-13 06:00:00+00:00,0.0,7.3,0.5,5,1,0,6,False,2.0,9,3
2021-09-13 07:00:00+00:00,0.0,8.2,1.7,6,1,0,7,False,1.0,9,1
2021-09-13 08:00:00+00:00,0.0,11.1,1.0,6,0,0,8,False,1.0,9,0
2021-09-13 09:00:00+00:00,0.0,12.9,0.9,6,0,0,9,False,0.0,9,1
2021-09-13 10:00:00+00:00,0.0,14.8,1.2,6,0,0,10,False,0.0,9,0
2021-09-13 11:00:00+00:00,0.0,15.8,2.5,6,2,0,11,False,0.0,9,0
2021-09-13 12:00:00+00:00,0.0,15.8,2.2,6,0,0,12,False,2.0,9,0
2021-09-13 13:00:00+00:00,0.0,17.4,2.3,4,1,0,13,False,0.0,9,0
2021-09-13 14:00:00+00:00,0.0,16.1,3.3,4,6,0,14,False,1.0,9,0
2021-09-13 15:00:00+00:00,0.0,17.2,3.4,4,3,0,15,False,6.0,9,0
2021-09-13 16:00:00+00:00,0.0,17.1,1.9,5,2,0,16,False,3.0,9,1
2021-09-13 17:00:00+00:00,0.0,16.7,1.6,5,2,0,17,False,2.0,9,2
2021-09-13 18:00:00+00:00,0.0,15.6,2.2,5,1,0,18,False,2.0,9,3
2021-09-13 19:00:00+00:00,0.0,13.6,2.3,3,0,0,19,False,1.0,9,7
2021-09-13 20:00:00+00:00,0.0,12.8,1.9,3,2,0,20,False,0.0,9,7
2021-09-13 21:00:00+00:00,0.0,12.1,1.4,3,2,0,21,False,2.0,9,12
2021-09-13 22:00:00+00:00,0.0,10.9,1.6,4,0,0,22,False,2.0,9,12
2021-09-13 23:00:00+00:00,0.0,10.2,2.4,4,0,0,23,False,0.0,9,11
2021-09-14 00:00:00+00:00,0.0,9.6,2.2,4,0,1,0,False,0.0,9,11
2021-09-14 01:00:00+00:00,0.0,9.5,2.1,4,0,1,1,False,0.0,9,13
2021-09-14 02:00:00+00:00,0.0,8.9,2.1,4,0,1,2,False,0.0,9,13
2021-09-14 03:00:00+00:00,0.0,8.6,1.8,4,0,1,3,False,0.0,9,13
2021-09-14 04:00:00+00:00,0.0,8.5,2.8,4,0,1,4,False,0.0,9,13
2021-09-14 05:00:00+00:00,0.0,8.3,2.9,4,7,1,5,False,0.0,9,13
2021-09-14 06:00:00+00:00,0.0,8.2,3.0,4,7,1,6,False,7.0,9,13
2021-09-14 07:00:00+00:00,0.0,9.0,3.0,6,2,1,7,False,7.0,9,13
2021-09-14 08:00:00+00:00,0.0,10.9,1.8,6,0,1,8,False,2.0,9,6
2021-09-14 09:00:00+00:00,0.0,12.3,1.2,6,2,1,9,False,0.0,9,0
2021-09-14 10:00:00+00:00,0.0,12.8,2.3,4,0,1,10,False,2.0,9,0
2021-09-14 11:00:00+00:00,0.0,14.8,1.8,4,0,1,11,False,0.0,9,0
2021-09-14 12:00:00+00:00,0.0,16.0,1.5,4,1,1,12,False,0.0,9,0
2021-09-14 13:00:00+00:00,0.0,16.4,2.0,1,1,1,13,False,1.0,9,0
2021-09-14 14:00:00+00:00,0.0,17.8,1.9,1,4,1,14,False,1.0,9,1
2021-09-14 15:00:00+00:00,0.0,18.4,1.3,1,2,1,15,False,4.0,9,1
2021-09-14 16:00:00+00:00,0.0,18.1,1.8,1,5,1,16,False,2.0,9,0
2021-09-14 17:00:00+00:00,0.0,17.4,1.9,1,0,1,17,False,5.0,9,1
2021-09-14 18:00:00+00:00,0.0,15.7,0.9,1,2,1,18,False,0.0,9,3
2021-09-14 19:00:00+00:00,0.0,13.9,3.0,1,0,1,19,False,2.0,9,2
2021-09-14 20:00:00+00:00,0.0,12.4,2.7,1,1,1,20,False,0.0,9,7
2021-09-14 21:00:00+00:00,0.0,11.2,1.9,1,2,1,21,False,1.0,9,9
2021-09-14 22:00:00+00:00,0.0,10.9,2.4,0,0,1,22,False,2.0,9,11
2021-09-14 23:00:00+00:00,0.0,10.5,3.2,0,0,1,23,False,0.0,9,15
2021-09-15 00:00:00+00:00,0.0,11.0,4.0,0,0,2,0,False,0.0,9,14
2021-09-15 01:00:00+00:00,0.0,10.2,1.8,0,0,2,1,False,0.0,9,14
2021-09-15 02:00:00+00:00,0.0,10.2,3.8,0,0,2,2,False,0.0,9,14
2021-09-15 03:00:00+00:00,0.0,10.8,3.5,0,0,2,3,False,0.0,9,14
2021-09-15 04:00:00+00:00,0.0,8.7,0.8,0,1,2,4,False,0.0,9,14
2021-09-15 05:00:00+00:00,0.0,8.6,1.9,0,5,2,5,False,1.0,9,14
2021-09-15 06:00:00+00:00,0.0,10.1,3.8,0,10,2,6,False,5.0,9,14
2021-09-15 07:00:00+00:00,0.0,11.3,4.2,7,1,2,7,False,10.0,9,13
2021-09-15 08:00:00+00:00,0.0,13.1,2.2,7,1,2,8,False,1.0,9,9
2021-09-15 09:00:00+00:00,0.0,13.5,2.3,7,0,2,9,False,1.0,9,0
2021-09-15 10:00:00+00:00,0.0,13.8,2.5,7,0,2,10,False,0.0,9,0
2021-09-15 11:00:00+00:00,0.0,14.7,1.9,7,1,2,11,False,0.0,9,0
2021-09-15 12:00:00+00:00,0.0,15.6,2.8,7,1,2,12,False,1.0,9,0
2021-09-15 13:00:00+00:00,0.0,15.8,2.6,7,3,2,13,False,1.0,9,10
2021-09-15 14:00:00+00:00,0.0,16.4,2.8,7,4,2,14,False,3.0,9,9
2021-09-15 15:00:00+00:00,0.0,16.7,2.9,7,4,2,15,False,4.0,9,9
2021-09-15 16:00:00+00:00,0.0,16.5,2.4,7,3,2,16,False,4.0,9,6
2021-09-15 17:00:00+00:00,0.0,16.3,1.9,7,3,2,17,False,3.0,9,15
2021-09-15 18:00:00+00:00,0.0,15.8,1.7,7,0,2,18,False,3.0,9,17
2021-09-15 19:00:00+00:00,0.0,15.1,2.8,7,2,2,19,False,0.0,9,19
2021-09-15 20:00:00+00:00,0.0,14.9,3.6,7,2,2,20,False,2.0,9,20
2021-09-15 21:00:00+00:00,0.0,14.8,3.9,7,0,2,21,False,2.0,9,21
2021-09-15 22:00:00+00:00,0.0,14.4,3.0,7,0,2,22,False,0.0,9,19
2021-09-15 23:00:00+00:00,0.0,13.9,3.1,7,0,2,23,False,0.0,9,19
2021-09-16 00:00:00+00:00,0.0,13.5,3.9,7,0,3,0,False,0.0,9,20
2021-09-16 01:00:00+00:00,0.0,13.1,3.2,7,0,3,1,False,0.0,9,20
2021-09-16 02:00:00+00:00,0.0,12.3,3.7,7,0,3,2,False,0.0,9,20
2021-09-16 03:00:00+00:00,0.0,12.2,3.1,7,0,3,3,False,0.0,9,20
2021-09-16 04:00:00+00:00,0.4,11.4,3.4,7,0,3,4,False,0.0,9,20
2021-09-16 05:00:00+00:00,0.3,11.1,3.6,7,3,3,5,False,0.0,9,17
2021-09-16 06:00:00+00:00,1.0,10.9,2.8,7,8,3,6,False,3.0,9,17
2021-09-16 07:00:00+00:00,1.1,10.8,3.2,8,3,3,7,False,8.0,9,17
2021-09-16 08:00:00+00:00,0.2,10.9,3.7,8,0,3,8,False,3.0,9,17
2021-09-16 09:00:00+00:00,0.0,11.2,3.6,8,4,3,9,False,0.0,9,12
2021-09-16 10:00:00+00:00,0.0,11.0,3.8,8,1,3,10,False,4.0,9,7
2021-09-16 11:00:00+00:00,0.0,11.2,3.7,8,1,3,11,False,1.0,9,7
2021-09-16 12:00:00+00:00,0.0,11.4,5.0,8,4,3,12,False,1.0,9,4
2021-09-16 13:00:00+00:00,0.0,11.1,3.9,8,1,3,13,False,4.0,9,4
2021-09-16 14:00:00+00:00,0.0,11.4,4.0,8,3,3,14,False,1.0,9,5
2021-09-16 15:00:00+00:00,0.0,11.4,3.5,8,2,3,15,False,3.0,9,3
2021-09-16 16:00:00+00:00,0.0,11.4,3.5,8,2,3,16,False,2.0,9,3
2021-09-16 17:00:00+00:00,0.0,11.4,4.2,8,1,3,17,False,2.0,9,8
2021-09-16 18:00:00+00:00,0.0,10.9,2.9,8,1,3,18,False,1.0,9,15
2021-09-16 19:00:00+00:00,0.0,10.6,3.3,8,1,3,19,False,1.0,9,19
2021-09-16 20:00:00+00:00,0.0,10.3,3.4,8,2,3,20,False,1.0,9,19
2021-09-16 21:00:00+00:00,0.0,10.2,3.7,8,1,3,21,False,2.0,9,19
2021-09-16 22:00:00+00:00,0.0,10.2,3.8,8,0,3,22,False,1.0,9,19
2021-09-16 23:00:00+00:00,0.0,10.1,3.7,8,0,3,23,False,0.0,9,18
2021-09-17 00:00:00+00:00,0.0,10.2,3.8,8,0,4,0,False,0.0,9,19
2021-09-17 01:00:00+00:00,0.0,9.9,3.3,8,0,4,1,False,0.0,9,20
2021-09-17 02:00:00+00:00,0.0,9.7,3.3,8,0,4,2,False,0.0,9,20
2021-09-17 03:00:00+00:00,0.0,9.5,3.7,8,0,4,3,False,0.0,9,20
2021-09-17 04:00:00+00:00,0.0,9.4,4.6,8,0,4,4,False,0.0,9,20
2021-09-17 05:00:00+00:00,0.0,9.6,4.3,8,2,4,5,False,0.0,9,20
2021-09-17 06:00:00+00:00,0.0,9.5,4.1,8,8,4,6,False,2.0,9,20
2021-09-17 07:00:00+00:00,0.0,9.4,4.7,7,1,4,7,False,8.0,9,20
2021-09-17 08:00:00+00:00,0.0,9.5,4.9,7,3,4,8,False,1.0,9,19
2021-09-17 09:00:00+00:00,0.0,9.8,4.4,7,2,4,9,False,3.0,9,12
2021-09-17 10:00:00+00:00,0.0,10.4,4.3,8,0,4,10,False,2.0,9,12
2021-09-17 11:00:00+00:00,0.0,10.8,3.2,8,1,4,11,False,0.0,9,10
2021-09-17 12:00:00+00:00,0.0,10.9,3.9,8,3,4,12,False,1.0,9,9
2021-09-17 13:00:00+00:00,0.0,11.4,2.8,8,3,4,13,False,3.0,9,9
2021-09-17 14:00:00+00:00,0.0,11.4,3.7,8,4,4,14,False,3.0,9,9
2021-09-17 15:00:00+00:00,0.0,11.3,3.6,8,1,4,15,False,4.0,9,7
2021-09-17 16:00:00+00:00,0.0,11.2,3.3,8,3,4,16,False,1.0,9,8
2021-09-17 17:00:00+00:00,0.0,10.8,3.2,8,2,4,17,False,3.0,9,7
2021-09-17 18:00:00+00:00,0.0,10.3,3.0,8,1,4,18,False,2.0,9,7
2021-09-17 19:00:00+00:00,0.0,9.7,3.5,7,0,4,19,False,1.0,9,5
2021-09-17 20:00:00+00:00,0.0,9.4,3.7,7,0,4,20,False,0.0,9,3
2021-09-17 21:00:00+00:00,0.0,9.3,3.9,7,2,4,21,False,0.0,9,14
2021-09-17 22:00:00+00:00,0.0,9.5,4.5,7,0,4,22,False,2.0,9,15
2021-09-17 23:00:00+00:00,0.0,9.3,3.0,7,0,4,23,False,0.0,9,16
2021-09-18 00:00:00+00:00,0.0,9.1,3.8,7,0,5,0,False,0.0,9,16
2021-09-18 01:00:00+00:00,0.0,9.1,3.6,7,0,5,1,False,0.0,9,16
2021-09-18 02:00:00+00:00,0.0,8.9,2.0,7,0,5,2,False,0.0,9,16
2021-09-18 03:00:00+00:00,0.0,9.0,3.0,7,0,5,3,False,0.0,9,16
2021-09-18 04:00:00+00:00,0.0,8.6,2.7,7,0,5,4,False,0.0,9,16
2021-09-18 05:00:00+00:00,0.0,8.5,2.2,7,2,5,5,False,0.0,9,16
2021-09-18 06:00:00+00:00,0.0,8.5,2.1,7,0,5,6,False,2.0,9,16
2021-09-18 07:00:00+00:00,0.0,8.8,2.4,7,0,5,7,False,0.0,9,16
2021-09-18 08:00:00+00:00,0.0,9.1,1.8,7,1,5,8,False,0.0,9,16
2021-09-18 09:00:00+00:00,0.0,9.7,2.0,7,0,5,9,False,1.0,9,16
2021-09-18 10:00:00+00:00,0.0,10.5,2.5,7,3,5,10,False,0.0,9,16
2021-09-18 11:00:00+00:00,0.0,11.5,1.8,7,1,5,11,False,3.0,9,16
2021-09-18 12:00:00+00:00,0.0,11.8,2.5,7,1,5,12,False,1.0,9,16
2021-09-18 13:00:00+00:00,0.0,12.1,2.5,8,3,5,13,False,1.0,9,16
2021-09-18 14:00:00+00:00,0.0,11.9,2.0,8,4,5,14,False,3.0,9,16
2021-09-18 15:00:00+00:00,0.0,12.1,1.8,8,2,5,15,False,4.0,9,16
2021-09-18 16:00:00+00:00,0.0,12.0,1.0,8,1,5,16,False,2.0,9,16
2021-09-18 17:00:00+00:00,0.0,11.7,0.7,8,0,5,17,False,1.0,9,16
2021-09-18 18:00:00+00:00,0.0,11.4,1.2,8,0,5,18,False,0.0,9,16
2021-09-18 19:00:00+00:00,0.0,11.1,1.0,8,0,5,19,False,0.0,9,16
2021-09-18 20:00:00+00:00,0.0,11.0,1.6,8,0,5,20,False,0.0,9,16
2021-09-18 21:00:00+00:00,0.0,10.7,1.7,8,0,5,21,False,0.0,9,16
2021-09-18 22:00:00+00:00,0.0,10.6,2.2,8,2,5,22,False,0.0,9,16
2021-09-18 23:00:00+00:00,0.0,10.3,1.4,8,0,5,23,False,2.0,9,16
2021-09-19 00:00:00+00:00,0.0,10.1,1.4,8,0,6,0,False,0.0,9,16
2021-09-19 01:00:00+00:00,0.0,9.8,1.1,8,0,6,1,False,0.0,9,16
2021-09-19 02:00:00+00:00,0.0,9.5,0.8,8,0,6,2,False,0.0,9,16
2021-09-19 03:00:00+00:00,0.0,9.6,1.5,8,0,6,3,False,0.0,9,16
2021-09-19 04:00:00+00:00,0.0,9.0,1.6,8,0,6,4,False,0.0,9,16
2021-09-19 05:00:00+00:00,0.0,8.9,1.7,8,0,6,5,False,0.0,9,6
2021-09-19 06:00:00+00:00,0.0,8.8,0.8,8,0,6,6,False,0.0,9,6
2021-09-19 07:00:00+00:00,0.0,9.0,1.7,8,1,6,7,False,0.0,9,6
2021-09-19 08:00:00+00:00,0.0,9.4,1.1,8,1,6,8,False,1.0,9,6
2021-09-19 09:00:00+00:00,0.0,10.6,0.8,8,2,6,9,False,1.0,9,6
2021-09-19 10:00:00+00:00,0.0,11.7,1.4,7,3,6,10,False,2.0,9,6
2021-09-19 11:00:00+00:00,0.0,11.3,1.8,7,0,6,11,False,3.0,9,6
2021-09-19 12:00:00+00:00,0.0,11.9,1.1,7,1,6,12,False,0.0,9,6
2021-09-19 13:00:00+00:00,0.0,12.1,0.9,7,4,6,13,False,1.0,9,6
2021-09-19 14:00:00+00:00,0.0,11.8,1.6,7,1,6,14,False,4.0,9,6
2021-09-19 15:00:00+00:00,0.0,11.5,1.8,7,1,6,15,False,1.0,9,6
2021-09-19 16:00:00+00:00,0.0,11.4,1.6,8,0,6,16,False,1.0,9,6
2021-09-19 17:00:00+00:00,0.0,11.1,2.1,8,0,6,17,False,0.0,9,6
2021-09-19 18:00:00+00:00,0.0,10.8,1.7,8,0,6,18,False,0.0,9,6
2021-09-19 19:00:00+00:00,0.0,10.5,1.1,8,0,6,19,False,0.0,9,6
2021-09-19 20:00:00+00:00,0.0,9.9,2.0,8,0,6,20,False,0.0,9,6
2021-09-19 21:00:00+00:00,0.0,9.5,1.6,8,0,6,21,False,0.0,9,6
2021-09-19 22:00:00+00:00,0.0,9.3,2.2,8,0,6,22,False,0.0,9,6
2021-09-19 23:00:00+00:00,0.0,9.3,1.9,8,0,6,23,False,0.0,9,6
2021-09-20 00:00:00+00:00,0.0,9.0,2.2,8,0,0,0,False,0.0,9,6
2021-09-20 01:00:00+00:00,0.0,8.9,2.0,8,0,0,1,False,0.0,9,6
2021-09-20 02:00:00+00:00,0.0,8.7,2.2,8,0,0,2,False,0.0,9,6
2021-09-20 03:00:00+00:00,0.0,8.7,2.1,8,0,0,3,False,0.0,9,6
2021-09-20 04:00:00+00:00,0.0,8.8,2.4,8,2,0,4,False,0.0,9,6
2021-09-20 05:00:00+00:00,0.0,8.6,2.4,8,4,0,5,False,2.0,9,6
2021-09-20 06:00:00+00:00,0.0,8.3,2.4,8,13,0,6,False,4.0,9,6
2021-09-20 07:00:00+00:00,0.0,8.2,1.8,8,1,0,7,False,13.0,9,6
2021-09-20 08:00:00+00:00,0.0,8.4,1.8,8,3,0,8,False,1.0,9,6
2021-09-20 09:00:00+00:00,0.0,8.6,1.6,8,2,0,9,False,3.0,9,3
2021-09-20 10:00:00+00:00,0.1,9.3,1.4,8,1,0,10,False,2.0,9,3
2021-09-20 11:00:00+00:00,0.0,9.7,1.4,8,0,0,11,False,1.0,9,2
2021-09-20 12:00:00+00:00,0.0,10.2,2.1,8,1,0,12,False,0.0,9,2
2021-09-20 13:00:00+00:00,0.0,10.5,1.9,8,2,0,13,False,1.0,9,1
2021-09-20 14:00:00+00:00,0.0,10.0,2.6,8,0,0,14,False,2.0,9,2
2021-09-20 15:00:00+00:00,0.0,10.3,1.1,8,2,0,15,False,0.0,9,1
2021-09-20 16:00:00+00:00,0.0,10.2,2.5,8,4,0,16,False,2.0,9,0
2021-09-20 17:00:00+00:00,0.0,9.6,2.5,8,0,0,17,False,4.0,9,4
2021-09-20 18:00:00+00:00,0.0,9.6,2.6,8,0,0,18,False,0.0,9,3
2021-09-20 19:00:00+00:00,0.0,9.5,2.2,8,0,0,19,False,0.0,9,4
2021-09-20 20:00:00+00:00,0.0,9.3,2.3,8,0,0,20,False,0.0,9,4
2021-09-20 21:00:00+00:00,0.0,9.5,2.4,8,0,0,21,False,0.0,9,6
2021-09-20 22:00:00+00:00,0.0,9.1,2.9,8,2,0,22,False,0.0,9,6
2021-09-20 23:00:00+00:00,0.0,9.2,2.5,8,0,0,23,False,2.0,9,8
2021-09-21 00:00:00+00:00,0.0,9.0,3.2,8,0,1,0,False,0.0,9,8
2021-09-21 01:00:00+00:00,0.0,9.1,2.8,8,0,1,1,False,0.0,9,7
2021-09-21 02:00:00+00:00,0.0,9.0,3.4,8,0,1,2,False,0.0,9,7
2021-09-21 03:00:00+00:00,0.0,9.0,2.5,8,0,1,3,False,0.0,9,7
2021-09-21 04:00:00+00:00,0.0,9.2,3.0,8,1,1,4,False,0.0,9,7
2021-09-21 05:00:00+00:00,0.2,9.4,4.0,8,2,1,5,False,1.0,9,7
2021-09-21 06:00:00+00:00,1.7,9.1,2.5,8,5,1,6,False,2.0,9,7
2021-09-21 07:00:00+00:00,1.6,9.4,2.6,8,0,1,7,False,5.0,9,6
2021-09-21 08:00:00+00:00,0.0,10.3,2.4,8,1,1,8,False,0.0,9,4
2021-09-21 09:00:00+00:00,0.0,10.9,2.1,8,2,1,9,False,1.0,9,0
2021-09-21 10:00:00+00:00,0.0,12.3,1.5,7,1,1,10,False,2.0,9,20
2021-09-21 11:00:00+00:00,0.0,12.6,2.0,7,0,1,11,False,1.0,9,19
2021-09-21 12:00:00+00:00,0.0,13.5,2.6,7,3,1,12,False,0.0,9,17
2021-09-21 13:00:00+00:00,0.0,14.4,2.7,7,0,1,13,False,3.0,9,18
2021-09-21 14:00:00+00:00,0.0,15.3,2.1,7,4,1,14,False,0.0,9,18
2021-09-21 15:00:00+00:00,0.0,17.0,0.9,7,2,1,15,False,4.0,9,18
2021-09-21 16:00:00+00:00,0.0,15.6,2.4,7,3,1,16,False,2.0,9,17
2021-09-21 17:00:00+00:00,0.0,14.9,2.0,7,2,1,17,False,3.0,9,16
2021-09-21 18:00:00+00:00,0.0,13.2,0.5,7,1,1,18,False,2.0,9,15
2021-09-21 19:00:00+00:00,0.0,11.6,1.2,5,0,1,19,False,1.0,9,17
2021-09-21 20:00:00+00:00,0.0,11.2,1.8,5,2,1,20,False,0.0,9,17
2021-09-21 21:00:00+00:00,0.0,10.2,0.5,5,0,1,21,False,2.0,9,18
2021-09-21 22:00:00+00:00,0.0,9.9,0.6,4,0,1,22,False,0.0,9,19
2021-09-21 23:00:00+00:00,0.0,9.8,1.2,4,0,1,23,False,0.0,9,17
2021-09-22 00:00:00+00:00,0.0,10.0,1.7,4,0,2,0,False,0.0,9,17
2021-09-22 01:00:00+00:00,0.0,9.2,0.8,4,0,2,1,False,0.0,9,18
2021-09-22 02:00:00+00:00,0.0,8.6,0.5,4,0,2,2,False,0.0,9,18
2021-09-22 03:00:00+00:00,0.0,8.0,0.8,4,1,2,3,False,0.0,9,18
2021-09-22 04:00:00+00:00,0.0,7.4,0.6,4,0,2,4,False,1.0,9,18
2021-09-22 05:00:00+00:00,0.0,6.8,0.3,4,4,2,5,False,0.0,9,18
2021-09-22 06:00:00+00:00,0.0,6.7,1.0,4,10,2,6,False,4.0,9,17
2021-09-22 07:00:00+00:00,0.0,7.0,1.9,1,2,2,7,False,10.0,9,17
2021-09-22 08:00:00+00:00,0.0,10.6,0.7,1,1,2,8,False,2.0,9,14
2021-09-22 09:00:00+00:00,0.0,12.4,1.3,1,3,2,9,False,1.0,9,8
2021-09-22 10:00:00+00:00,0.0,13.2,1.3,1,0,2,10,False,3.0,9,7
2021-09-22 11:00:00+00:00,0.0,15.1,2.2,1,0,2,11,False,0.0,9,6
2021-09-22 12:00:00+00:00,0.0,16.0,3.1,1,3,2,12,False,0.0,9,3
2021-09-22 13:00:00+00:00,0.0,17.6,2.6,1,1,2,13,False,3.0,9,13
2021-09-22 14:00:00+00:00,0.0,17.7,4.6,1,5,2,14,False,1.0,9,14
2021-09-22 15:00:00+00:00,0.0,17.8,3.1,1,1,2,15,False,5.0,9,13
2021-09-22 16:00:00+00:00,0.0,17.5,4.5,5,8,2,16,False,1.0,9,13
2021-09-22 17:00:00+00:00,0.0,16.2,3.1,5,2,2,17,False,8.0,9,13
2021-09-22 18:00:00+00:00,0.0,15.2,2.3,5,1,2,18,False,2.0,9,17
2021-09-22 19:00:00+00:00,0.0,14.7,2.5,6,1,2,19,False,1.0,9,15
2021-09-22 20:00:00+00:00,0.0,14.1,2.3,6,0,2,20,False,1.0,9,15
2021-09-22 21:00:00+00:00,0.0,14.0,1.9,6,0,2,21,False,0.0,9,17
2021-09-22 22:00:00+00:00,0.5,13.7,2.9,8,0,2,22,False,0.0,9,17
2021-09-22 23:00:00+00:00,0.4,13.0,2.6,8,0,2,23,False,0.0,9,20
2021-09-23 00:00:00+00:00,0.0,12.9,2.8,8,0,3,0,False,0.0,9,20
2021-09-23 01:00:00+00:00,0.0,12.7,3.3,8,0,3,1,False,0.0,9,20
2021-09-23 02:00:00+00:00,0.0,12.7,2.0,8,0,3,2,False,0.0,9,20
2021-09-23 03:00:00+00:00,0.0,12.7,2.1,8,1,3,3,False,0.0,9,20
2021-09-23 04:00:00+00:00,0.0,12.5,1.9,8,2,3,4,False,1.0,9,20
2021-09-23 05:00:00+00:00,0.1,12.0,2.5,8,4,3,5,False,2.0,9,20
2021-09-23 06:00:00+00:00,0.8,11.1,1.9,8,9,3,6,False,4.0,9,19
2021-09-23 07:00:00+00:00,1.1,10.2,2.3,8,0,3,7,False,9.0,9,17
2021-09-23 08:00:00+00:00,0.1,10.0,0.8,8,0,3,8,False,0.0,9,13
2021-09-23 09:00:00+00:00,0.0,10.2,1.7,8,0,3,9,False,0.0,9,5
2021-09-23 10:00:00+00:00,0.0,10.7,4.6,7,2,3,10,False,0.0,9,4
2021-09-23 11:00:00+00:00,0.0,11.9,2.9,7,1,3,11,False,2.0,9,14
2021-09-23 12:00:00+00:00,0.0,13.2,3.3,7,2,3,12,False,1.0,9,15
2021-09-23 13:00:00+00:00,0.0,12.7,2.5,7,4,3,13,False,2.0,9,14
2021-09-23 14:00:00+00:00,0.0,12.4,2.3,7,4,3,14,False,4.0,9,13
2021-09-23 15:00:00+00:00,0.0,12.9,2.5,7,3,3,15,False,4.0,9,14
2021-09-23 16:00:00+00:00,0.0,13.3,3.9,1,5,3,16,False,3.0,9,7
2021-09-23 17:00:00+00:00,0.0,13.0,2.7,1,0,3,17,False,5.0,9,8
2021-09-23 18:00:00+00:00,0.0,11.7,2.3,1,1,3,18,False,0.0,9,5
2021-09-23 19:00:00+00:00,0.0,9.5,0.5,1,0,3,19,False,1.0,9,4
2021-09-23 20:00:00+00:00,0.0,8.3,2.8,1,0,3,20,False,0.0,9,6
2021-09-23 21:00:00+00:00,0.0,7.7,0.6,1,2,3,21,False,0.0,9,7
2021-09-23 22:00:00+00:00,0.0,9.9,2.2,0,0,3,22,False,2.0,9,7
2021-09-23 23:00:00+00:00,0.0,7.5,1.3,0,0,3,23,False,0.0,9,12
2021-09-24 00:00:00+00:00,0.0,5.9,2.3,0,0,4,0,False,0.0,9,10
2021-09-24 01:00:00+00:00,0.0,6.6,1.8,0,0,4,1,False,0.0,9,10
2021-09-24 02:00:00+00:00,0.0,6.2,1.8,0,0,4,2,False,0.0,9,10
2021-09-24 03:00:00+00:00,0.0,5.3,1.2,0,0,4,3,False,0.0,9,10
2021-09-24 04:00:00+00:00,0.0,5.6,2.4,0,0,4,4,False,0.0,9,10
2021-09-24 05:00:00+00:00,0.0,6.2,2.7,0,4,4,5,False,0.0,9,10
2021-09-24 06:00:00+00:00,0.0,6.5,2.5,0,11,4,6,False,4.0,9,10
2021-09-24 07:00:00+00:00,0.0,6.8,1.8,7,1,4,7,False,11.0,9,10
2021-09-24 08:00:00+00:00,0.0,7.9,0.7,7,0,4,8,False,1.0,9,7
2021-09-24 09:00:00+00:00,0.0,8.5,0.9,7,1,4,9,False,0.0,9,9
2021-09-24 10:00:00+00:00,0.0,10.3,1.4,7,2,4,10,False,1.0,9,10
2021-09-24 11:00:00+00:00,0.2,10.0,2.4,7,0,4,11,False,2.0,9,10
2021-09-24 12:00:00+00:00,0.4,9.2,2.4,7,0,4,12,False,0.0,9,9
2021-09-24 13:00:00+00:00,0.0,9.4,3.6,8,3,4,13,False,0.0,9,9
2021-09-24 14:00:00+00:00,0.0,9.9,2.6,8,2,4,14,False,3.0,9,10
2021-09-24 15:00:00+00:00,0.0,11.7,3.5,8,3,4,15,False,2.0,9,11
2021-09-24 16:00:00+00:00,0.0,11.5,1.9,7,0,4,16,False,3.0,9,8
2021-09-24 17:00:00+00:00,0.0,12.4,3.4,7,0,4,17,False,0.0,9,8
2021-09-24 18:00:00+00:00,0.0,12.4,2.2,7,2,4,18,False,0.0,9,7
2021-09-24 19:00:00+00:00,0.0,11.6,1.5,3,0,4,19,False,2.0,9,10
2021-09-24 20:00:00+00:00,0.0,10.7,2.5,3,0,4,20,False,0.0,9,10
2021-09-24 21:00:00+00:00,0.0,10.5,2.9,3,0,4,21,False,0.0,9,8
2021-09-24 22:00:00+00:00,0.0,9.9,3.0,2,0,4,22,False,0.0,9,8
2021-09-24 23:00:00+00:00,0.0,9.5,1.9,2,0,4,23,False,0.0,9,8
2021-09-25 00:00:00+00:00,0.0,8.4,1.7,2,0,5,0,False,0.0,9,10
2021-09-25 01:00:00+00:00,0.0,9.8,1.8,2,0,5,1,False,0.0,9,10
2021-09-25 02:00:00+00:00,0.0,7.3,0.9,2,0,5,2,False,0.0,9,10
2021-09-25 03:00:00+00:00,0.0,6.4,1.5,2,0,5,3,False,0.0,9,10
2021-09-25 04:00:00+00:00,0.0,6.2,1.0,2,0,5,4,False,0.0,9,10
2021-09-25 05:00:00+00:00,0.0,7.1,1.8,2,0,5,5,False,0.0,9,10
2021-09-25 06:00:00+00:00,0.0,6.0,3.9,2,0,5,6,False,0.0,9,10
2021-09-25 07:00:00+00:00,0.0,6.4,1.4,1,2,5,7,False,0.0,9,10
2021-09-25 08:00:00+00:00,0.0,11.3,2.3,1,1,5,8,False,2.0,9,10
2021-09-25 09:00:00+00:00,0.0,13.7,2.0,1,2,5,9,False,1.0,9,10
2021-09-25 10:00:00+00:00,0.0,15.3,2.6,1,5,5,10,False,2.0,9,8
2021-09-25 11:00:00+00:00,0.0,16.5,2.3,1,3,5,11,False,5.0,9,8
2021-09-25 12:00:00+00:00,0.0,17.1,2.4,1,3,5,12,False,3.0,9,8
2021-09-25 13:00:00+00:00,0.0,18.2,3.0,1,2,5,13,False,3.0,9,3
2021-09-25 14:00:00+00:00,0.0,18.5,2.4,1,0,5,14,False,2.0,9,3
2021-09-25 15:00:00+00:00,0.0,18.4,2.9,1,2,5,15,False,0.0,9,2
2021-09-25 16:00:00+00:00,0.0,17.8,3.1,3,1,5,16,False,2.0,9,0
2021-09-25 17:00:00+00:00,0.0,15.6,2.3,3,0,5,17,False,1.0,9,1
2021-09-25 18:00:00+00:00,0.0,13.7,2.3,3,0,5,18,False,0.0,9,0
2021-09-25 19:00:00+00:00,0.0,12.1,1.5,2,0,5,19,False,0.0,9,0
2021-09-25 20:00:00+00:00,0.0,10.2,2.4,2,0,5,20,False,0.0,9,0
2021-09-25 21:00:00+00:00,0.0,9.0,2.3,2,1,5,21,False,0.0,9,0
2021-09-25 22:00:00+00:00,0.0,8.0,1.7,2,0,5,22,False,1.0,9,0
2021-09-25 23:00:00+00:00,0.0,7.6,2.2,2,0,5,23,False,0.0,9,1
2021-09-26 00:00:00+00:00,0.0,7.6,2.7,2,0,6,0,False,0.0,9,0
2021-09-26 01:00:00+00:00,0.0,6.9,2.0,2,0,6,1,False,0.0,9,0
2021-09-26 02:00:00+00:00,0.0,7.0,2.2,2,0,6,2,False,0.0,9,0
2021-09-26 03:00:00+00:00,0.0,7.3,1.2,2,0,6,3,False,0.0,9,0
2021-09-26 04:00:00+00:00,0.0,6.7,1.5,2,0,6,4,False,0.0,9,0
2021-09-26 05:00:00+00:00,0.0,7.3,2.3,2,0,6,5,False,0.0,9,0
2021-09-26 06:00:00+00:00,0.0,8.0,1.4,2,0,6,6,False,0.0,9,0
2021-09-26 07:00:00+00:00,0.0,8.8,1.8,8,0,6,7,False,0.0,9,0
2021-09-26 08:00:00+00:00,0.0,9.6,1.4,8,2,6,8,False,0.0,9,0
2021-09-26 09:00:00+00:00,0.0,10.3,0.7,8,1,6,9,False,2.0,9,0
2021-09-26 10:00:00+00:00,0.0,11.2,0.6,8,2,6,10,False,1.0,9,20
2021-09-26 11:00:00+00:00,0.0,11.7,1.1,8,1,6,11,False,2.0,9,18
2021-09-26 12:00:00+00:00,0.0,12.8,1.0,8,1,6,12,False,1.0,9,17
2021-09-26 13:00:00+00:00,0.0,15.1,1.2,6,3,6,13,False,1.0,9,17
2021-09-26 14:00:00+00:00,0.0,15.9,1.7,6,1,6,14,False,3.0,9,16
2021-09-26 15:00:00+00:00,0.0,15.2,2.6,6,1,6,15,False,1.0,9,15
2021-09-26 16:00:00+00:00,0.0,15.1,3.6,6,0,6,16,False,1.0,9,13
2021-09-26 17:00:00+00:00,0.0,14.0,2.7,6,2,6,17,False,0.0,9,12
2021-09-26 18:00:00+00:00,0.0,13.5,1.9,6,2,6,18,False,2.0,9,13
2021-09-26 19:00:00+00:00,0.0,13.2,1.5,7,0,6,19,False,2.0,9,15
2021-09-26 20:00:00+00:00,0.0,12.3,0.7,7,0,6,20,False,0.0,9,13
2021-09-26 21:00:00+00:00,0.0,12.2,1.2,7,0,6,21,False,0.0,9,13
2021-09-26 22:00:00+00:00,0.0,12.0,1.2,7,0,6,22,False,0.0,9,15
2021-09-26 23:00:00+00:00,0.0,12.1,1.7,7,0,6,23,False,0.0,9,15
2021-09-27 00:00:00+00:00,0.0,11.5,1.6,7,0,0,0,False,0.0,9,15
2021-09-27 01:00:00+00:00,0.0,11.7,2.1,7,0,0,1,False,0.0,9,15
2021-09-27 02:00:00+00:00,0.0,11.2,2.5,7,0,0,2,False,0.0,9,15
2021-09-27 03:00:00+00:00,0.0,11.5,3.0,7,1,0,3,False,0.0,9,15
2021-09-27 04:00:00+00:00,0.0,11.3,2.7,7,2,0,4,False,1.0,9,15
2021-09-27 05:00:00+00:00,0.0,11.4,3.2,7,3,0,5,False,2.0,9,15
2021-09-27 06:00:00+00:00,0.0,11.0,2.9,7,12,0,6,False,3.0,9,14
2021-09-27 07:00:00+00:00,0.1,10.7,3.5,8,0,0,7,False,12.0,9,12
2021-09-27 08:00:00+00:00,0.1,11.5,4.0,8,0,0,8,False,0.0,9,10
2021-09-27 09:00:00+00:00,0.0,11.7,2.6,8,2,0,9,False,0.0,9,0
2021-09-27 10:00:00+00:00,0.0,11.5,3.8,8,1,0,10,False,2.0,9,20
2021-09-27 11:00:00+00:00,0.0,12.4,3.8,8,2,0,11,False,1.0,9,20
2021-09-27 12:00:00+00:00,0.0,12.9,3.9,8,1,0,12,False,2.0,9,20
2021-09-27 13:00:00+00:00,0.0,13.2,4.3,8,2,0,13,False,1.0,9,19
2021-09-27 14:00:00+00:00,0.0,13.6,4.5,8,1,0,14,False,2.0,9,17
2021-09-27 15:00:00+00:00,0.6,12.4,4.4,8,2,0,15,False,1.0,9,16
2021-09-27 16:00:00+00:00,1.6,13.0,3.7,8,1,0,16,False,2.0,9,15
2021-09-27 17:00:00+00:00,0.0,13.5,1.2,8,1,0,17,False,1.0,9,16
2021-09-27 18:00:00+00:00,0.0,14.7,3.5,8,0,0,18,False,1.0,9,17
2021-09-27 19:00:00+00:00,0.1,14.8,5.3,8,0,0,19,False,0.0,9,19
2021-09-27 20:00:00+00:00,0.5,14.5,4.0,8,0,0,20,False,0.0,9,19
2021-09-27 21:00:00+00:00,2.3,13.7,3.4,8,0,0,21,False,0.0,9,20
2021-09-27 22:00:00+00:00,2.8,13.1,3.2,8,0,0,22,False,0.0,9,20
2021-09-27 23:00:00+00:00,1.2,12.6,2.4,8,0,0,23,False,0.0,9,21
2021-09-28 00:00:00+00:00,2.7,12.1,2.2,8,0,1,0,False,0.0,9,21
2021-09-28 01:00:00+00:00,0.2,11.9,2.3,8,0,1,1,False,0.0,9,21
2021-09-28 02:00:00+00:00,0.1,11.8,2.9,8,0,1,2,False,0.0,9,21
2021-09-28 03:00:00+00:00,3.6,11.5,1.5,8,0,1,3,False,0.0,9,21
2021-09-28 04:00:00+00:00,2.0,11.8,2.9,8,1,1,4,False,0.0,9,21
2021-09-28 05:00:00+00:00,0.6,12.1,2.6,8,6,1,5,False,1.0,9,21
2021-09-28 06:00:00+00:00,0.0,12.1,2.6,8,9,1,6,False,6.0,9,21
2021-09-28 07:00:00+00:00,0.0,12.4,2.8,8,4,1,7,False,9.0,9,20
2021-09-28 08:00:00+00:00,0.0,12.8,2.7,8,0,1,8,False,4.0,9,14
2021-09-28 09:00:00+00:00,0.0,13.2,2.8,8,0,1,9,False,0.0,9,6
2021-09-28 10:00:00+00:00,0.0,13.8,2.1,7,0,1,10,False,0.0,9,1
2021-09-28 11:00:00+00:00,0.0,14.9,3.6,7,0,1,11,False,0.0,9,2
2021-09-28 12:00:00+00:00,0.0,15.3,3.1,7,1,1,12,False,0.0,9,4
2021-09-28 13:00:00+00:00,0.0,16.0,2.6,7,3,1,13,False,1.0,9,6
2021-09-28 14:00:00+00:00,0.0,16.9,3.3,7,4,1,14,False,3.0,9,6
2021-09-28 15:00:00+00:00,0.0,16.9,3.0,7,3,1,15,False,4.0,9,5
2021-09-28 16:00:00+00:00,0.0,16.5,3.0,4,3,1,16,False,3.0,9,2
2021-09-28 17:00:00+00:00,0.0,15.4,2.7,4,0,1,17,False,3.0,9,14
2021-09-28 18:00:00+00:00,0.0,13.8,2.4,4,3,1,18,False,0.0,9,14
2021-09-28 19:00:00+00:00,0.0,12.7,2.0,3,0,1,19,False,3.0,9,17
2021-09-28 20:00:00+00:00,0.0,11.7,1.4,3,0,1,20,False,0.0,9,19
2021-09-28 21:00:00+00:00,0.0,11.9,0.5,3,0,1,21,False,0.0,9,18
2021-09-28 22:00:00+00:00,0.0,12.0,1.9,7,0,1,22,False,0.0,9,19
2021-09-28 23:00:00+00:00,0.0,11.7,1.0,7,0,1,23,False,0.0,9,19
2021-09-29 00:00:00+00:00,0.0,11.4,1.3,7,0,2,0,False,0.0,9,19
2021-09-29 01:00:00+00:00,0.0,11.1,1.5,7,0,2,1,False,0.0,9,19
2021-09-29 02:00:00+00:00,0.0,9.8,2.4,7,0,2,2,False,0.0,9,19
2021-09-29 03:00:00+00:00,0.0,9.0,3.8,7,1,2,3,False,0.0,9,19
2021-09-29 04:00:00+00:00,0.0,8.9,2.6,7,1,2,4,False,1.0,9,19
2021-09-29 05:00:00+00:00,0.0,9.9,3.5,7,5,2,5,False,1.0,9,19
2021-09-29 06:00:00+00:00,0.0,9.1,2.1,7,13,2,6,False,5.0,9,18
2021-09-29 07:00:00+00:00,0.0,9.8,2.8,7,6,2,7,False,13.0,9,17
2021-09-29 08:00:00+00:00,0.0,10.8,3.2,7,2,2,8,False,6.0,9,14
2021-09-29 09:00:00+00:00,0.0,11.2,3.6,7,0,2,9,False,2.0,9,11
2021-09-29 10:00:00+00:00,0.1,11.1,2.5,8,0,2,10,False,0.0,9,6
2021-09-29 11:00:00+00:00,0.0,11.8,2.9,8,1,2,11,False,0.0,9,4
2021-09-29 12:00:00+00:00,0.0,12.7,3.1,8,2,2,12,False,1.0,9,5
2021-09-29 13:00:00+00:00,0.0,12.7,2.3,8,1,2,13,False,2.0,9,5
2021-09-29 14:00:00+00:00,0.0,12.9,3.8,8,2,2,14,False,1.0,9,5
2021-09-29 15:00:00+00:00,0.0,12.8,3.0,8,0,2,15,False,2.0,9,3
2021-09-29 16:00:00+00:00,0.0,12.7,3.1,8,2,2,16,False,0.0,9,4
2021-09-29 17:00:00+00:00,0.0,12.7,2.7,8,1,2,17,False,2.0,9,5
2021-09-29 18:00:00+00:00,0.0,12.7,3.0,8,1,2,18,False,1.0,9,13
2021-09-29 19:00:00+00:00,0.0,13.1,3.6,8,1,2,19,False,1.0,9,14
2021-09-29 20:00:00+00:00,0.0,12.8,3.3,8,0,2,20,False,1.0,9,15
2021-09-29 21:00:00+00:00,0.1,12.2,4.4,8,0,2,21,False,0.0,9,15
2021-09-29 22:00:00+00:00,0.0,11.9,4.4,8,1,2,22,False,0.0,9,16
2021-09-29 23:00:00+00:00,0.1,11.6,4.3,8,0,2,23,False,1.0,9,17
2021-09-30 00:00:00+00:00,1.6,11.3,3.9,8,0,3,0,False,0.0,9,18
2021-09-30 01:00:00+00:00,2.2,11.2,2.6,8,0,3,1,False,0.0,9,18
2021-09-30 02:00:00+00:00,2.3,10.9,2.0,8,0,3,2,False,0.0,9,18
2021-09-30 03:00:00+00:00,2.7,10.7,3.8,8,1,3,3,False,0.0,9,18
2021-09-30 04:00:00+00:00,1.4,10.7,2.9,8,0,3,4,False,1.0,9,18
2021-09-30 05:00:00+00:00,0.5,10.7,3.8,8,3,3,5,False,0.0,9,18
2021-09-30 06:00:00+00:00,1.9,10.7,3.7,8,6,3,6,False,3.0,9,17
2021-09-30 07:00:00+00:00,0.9,10.7,4.2,8,0,3,7,False,6.0,9,17
2021-09-30 08:00:00+00:00,0.4,10.8,4.1,8,2,3,8,False,0.0,9,14
2021-09-30 09:00:00+00:00,1.6,10.6,3.4,8,0,3,9,False,2.0,9,8
2021-09-30 10:00:00+00:00,1.2,10.7,3.8,8,1,3,10,False,0.0,9,9
2021-09-30 11:00:00+00:00,0.7,10.7,4.4,8,0,3,11,False,1.0,9,7
2021-09-30 12:00:00+00:00,0.4,10.6,5.3,8,2,3,12,False,0.0,9,7
2021-09-30 13:00:00+00:00,0.3,10.5,4.3,8,0,3,13,False,2.0,9,6
2021-09-30 14:00:00+00:00,0.0,10.6,4.7,8,4,3,14,False,0.0,9,6
2021-09-30 15:00:00+00:00,0.0,10.9,5.4,8,1,3,15,False,4.0,9,5
2021-09-30 16:00:00+00:00,0.0,10.7,3.9,8,1,3,16,False,1.0,9,5
2021-09-30 17:00:00+00:00,0.1,10.8,4.0,8,0,3,17,False,1.0,9,4
2021-09-30 18:00:00+00:00,0.0,11.0,2.5,8,1,3,18,False,0.0,9,8
2021-09-30 19:00:00+00:00,0.0,11.1,3.3,8,1,3,19,False,1.0,9,11
2021-09-30 20:00:00+00:00,0.0,11.1,3.5,8,1,3,20,False,1.0,9,11
2021-09-30 21:00:00+00:00,0.0,11.1,3.3,8,0,3,21,False,1.0,9,11
2021-09-30 22:00:00+00:00,0.3,10.6,2.1,7,0,3,22,False,0.0,9,11
2021-09-30 23:00:00+00:00,1.0,10.2,3.0,7,0,3,23,False,0.0,9,13
2021-09-10 00:00:00+00:00,0.0,13.1,2.2,8,0,4,0,False,0.0,9,12
2021-09-10 01:00:00+00:00,0.0,13.0,2.6,8,0,4,1,False,0.0,9,13
2021-09-10 02:00:00+00:00,0.0,13.0,1.8,8,0,4,2,False,0.0,9,13
2021-09-10 03:00:00+00:00,0.0,12.9,1.5,8,0,4,3,False,0.0,9,13
2021-09-10 04:00:00+00:00,0.0,12.9,1.7,8,1,4,4,False,0.0,9,13
2021-09-10 05:00:00+00:00,0.0,12.9,1.7,8,5,4,5,False,1.0,9,13
2021-09-10 06:00:00+00:00,0.0,12.9,1.6,8,11,4,6,False,5.0,9,13
2021-09-10 07:00:00+00:00,0.0,12.9,2.5,8,1,4,7,False,11.0,9,13
2021-09-10 08:00:00+00:00,0.0,12.9,1.8,8,2,4,8,False,1.0,9,8
2021-09-10 09:00:00+00:00,0.0,13.1,2.2,8,3,4,9,False,2.0,9,0
2021-09-10 10:00:00+00:00,0.0,13.3,1.9,8,2,4,10,False,3.0,9,18
2021-09-10 11:00:00+00:00,0.0,13.2,3.3,8,5,4,11,False,2.0,9,18
2021-09-10 12:00:00+00:00,0.0,13.3,3.0,8,4,4,12,False,5.0,9,15
2021-09-10 13:00:00+00:00,0.0,13.9,2.6,8,1,4,13,False,4.0,9,16
2021-09-10 14:00:00+00:00,0.0,14.7,2.5,8,5,4,14,False,1.0,9,12
2021-09-10 15:00:00+00:00,0.0,14.6,2.9,8,2,4,15,False,5.0,9,9
2021-09-10 16:00:00+00:00,0.0,13.6,4.5,7,3,4,16,False,2.0,9,9
2021-09-10 17:00:00+00:00,0.0,13.0,4.3,7,0,4,17,False,3.0,9,10
2021-09-10 18:00:00+00:00,0.0,12.6,4.3,7,2,4,18,False,0.0,9,10
2021-09-10 19:00:00+00:00,0.0,12.3,4.4,8,2,4,19,False,2.0,9,10
2021-09-10 20:00:00+00:00,0.0,12.2,3.8,8,1,4,20,False,2.0,9,13
2021-09-10 21:00:00+00:00,0.0,12.0,3.3,8,0,4,21,False,1.0,9,11
2021-09-10 22:00:00+00:00,0.0,11.8,3.3,8,1,4,22,False,0.0,9,9
2021-09-10 23:00:00+00:00,0.0,11.7,3.5,8,0,4,23,False,1.0,9,10
2021-09-11 00:00:00+00:00,0.0,2.6,4.5,8,0,5,0,False,0.0,9,11
2021-09-11 01:00:00+00:00,0.0,2.7,3.4,8,0,5,1,False,0.0,9,10
2021-09-11 02:00:00+00:00,0.0,3.0,3.5,8,0,5,2,False,0.0,9,10
2021-09-11 03:00:00+00:00,0.0,3.5,5.3,8,0,5,3,False,0.0,9,11
2021-09-11 04:00:00+00:00,0.5,3.6,4.6,8,0,5,4,False,0.0,9,11
2021-09-11 05:00:00+00:00,0.4,4.3,3.8,8,0,5,5,False,0.0,9,11
2021-09-11 06:00:00+00:00,0.3,5.1,4.4,8,2,5,6,False,0.0,9,11
2021-09-11 07:00:00+00:00,0.4,5.0,4.1,8,1,5,7,False,2.0,9,11
2021-09-11 08:00:00+00:00,2.0,5.3,2.2,8,1,5,8,False,1.0,9,11
2021-09-11 09:00:00+00:00,1.9,7.2,3.6,8,3,5,9,False,1.0,9,9
2021-09-11 10:00:00+00:00,0.7,8.1,4.1,8,4,5,10,False,3.0,9,8
2021-09-11 11:00:00+00:00,0.2,8.3,3.6,8,2,5,11,False,4.0,9,9
2021-09-11 12:00:00+00:00,0.1,8.7,3.0,8,0,5,12,False,2.0,9,6
2021-09-11 13:00:00+00:00,0.0,9.0,2.9,8,0,5,13,False,0.0,9,2
2021-09-11 14:00:00+00:00,0.0,9.2,2.5,8,1,5,14,False,0.0,9,0
2021-09-11 15:00:00+00:00,0.0,9.2,2.2,8,1,5,15,False,1.0,9,0
2021-09-11 16:00:00+00:00,0.0,8.8,2.0,7,0,5,16,False,1.0,9,1
2021-09-11 17:00:00+00:00,0.0,8.4,1.8,7,1,5,17,False,0.0,9,0
2021-09-11 18:00:00+00:00,0.0,8.4,1.4,7,0,5,18,False,1.0,9,0
2021-09-11 19:00:00+00:00,0.0,8.4,2.0,7,1,5,19,False,0.0,9,1
2021-09-11 20:00:00+00:00,0.0,7.3,2.3,7,0,5,20,False,1.0,9,1
2021-09-11 21:00:00+00:00,0.0,7.3,1.8,7,1,5,21,False,0.0,9,1
2021-09-11 22:00:00+00:00,0.0,7.6,1.4,8,0,5,22,False,1.0,9,0
2021-09-11 23:00:00+00:00,0.0,7.6,1.8,8,0,5,23,False,0.0,9,1
2021-09-12 00:00:00+00:00,0.1,-1.9,4.0,8,0,6,0,False,0.0,9,2
2021-09-12 01:00:00+00:00,0.1,-1.7,4.3,8,0,6,1,False,0.0,9,3
2021-09-12 02:00:00+00:00,0.1,-1.9,4.2,8,0,6,2,False,0.0,9,3
2021-09-12 03:00:00+00:00,0.0,-1.7,2.5,8,0,6,3,False,0.0,9,3
2021-09-12 04:00:00+00:00,0.0,-1.4,3.7,8,0,6,4,False,0.0,9,3
2021-09-12 05:00:00+00:00,0.0,-1.3,3.7,8,0,6,5,False,0.0,9,3
2021-09-12 06:00:00+00:00,0.3,-1.6,4.0,8,0,6,6,False,0.0,9,3
2021-09-12 07:00:00+00:00,0.0,-1.4,3.0,8,1,6,7,False,0.0,9,3
2021-09-12 08:00:00+00:00,0.3,-1.4,2.8,8,2,6,8,False,1.0,9,3
2021-09-12 09:00:00+00:00,0.1,-1.2,3.3,8,1,6,9,False,2.0,9,3
2021-09-12 10:00:00+00:00,0.0,-1.0,4.2,8,1,6,10,False,1.0,9,2
2021-09-12 11:00:00+00:00,0.0,-1.0,3.2,8,0,6,11,False,1.0,9,1
2021-09-12 12:00:00+00:00,0.0,-0.4,3.5,8,0,6,12,False,0.0,9,0
2021-09-12 13:00:00+00:00,0.0,-0.3,2.2,8,1,6,13,False,0.0,9,0
2021-09-12 14:00:00+00:00,0.0,-0.1,3.2,8,1,6,14,False,1.0,9,1
2021-09-12 15:00:00+00:00,0.0,0.0,2.8,8,1,6,15,False,1.0,9,2
2021-09-12 16:00:00+00:00,0.0,-0.1,3.5,8,0,6,16,False,1.0,9,1
2021-09-12 17:00:00+00:00,0.0,-0.1,3.6,8,3,6,17,False,0.0,9,1
2021-09-12 18:00:00+00:00,0.0,-0.1,3.0,8,1,6,18,False,3.0,9,1
2021-09-12 19:00:00+00:00,0.3,-0.6,3.2,8,0,6,19,False,1.0,9,1
2021-09-12 20:00:00+00:00,0.6,-1.0,3.1,8,0,6,20,False,0.0,9,1
2021-09-12 21:00:00+00:00,0.6,-1.0,2.6,8,0,6,21,False,0.0,9,4
2021-09-12 22:00:00+00:00,0.8,-1.3,3.4,8,0,6,22,False,0.0,9,5
2021-09-12 23:00:00+00:00,0.2,-1.3,3.4,8,0,6,23,False,0.0,9,5
