Unnamed: 0,Nedbør (1 t),Lufttemperatur,Middelvind,Skydekke,count,weekday,hour,isHoliday,count_last_hour,month,bike_availability_388.0,dock_availability_388.0,bike_availability_588.0,dock_availability_588.0,num_bikes_available
2022-06-01 00:00:00+00:00,0.0,-3.7,2.2,0,0,2,0,False,,6,0.9963888888888884,0.9963888888888884,0.9963888888888884,0.9963888888888884,4
2022-06-01 01:00:00+00:00,0.0,-4.4,0.5,0,0,2,1,False,0.0,6,0.9797222222222224,0.9797222222222224,0.9797222222222224,0.9797222222222224,4
2022-06-01 02:00:00+00:00,0.0,-1.7,5.3,0,0,2,2,False,0.0,6,0.9866666666666666,0.9866666666666666,0.9866666666666666,0.9866666666666666,4
2022-06-01 03:00:00+00:00,0.0,-4.3,2.5,0,1,2,3,False,0.0,6,0.9819444444444444,0.9819444444444444,0.9819444444444444,0.9819444444444444,4
2022-06-01 04:00:00+00:00,0.0,-4.3,3.8,0,2,2,4,False,1.0,6,0.978888888888889,0.978888888888889,0.978888888888889,0.978888888888889,4
2022-06-01 05:00:00+00:00,0.0,-3.8,3.7,0,0,2,5,False,2.0,6,0.9966666666666671,0.9966666666666671,0.9966666666666671,0.9966666666666671,4
2022-06-01 06:00:00+00:00,0.0,-4.5,1.4,0,2,2,6,False,0.0,6,0.984722222222222,0.984722222222222,0.984722222222222,0.984722222222222,3
2022-06-01 07:00:00+00:00,0.0,-5.1,1.0,4,1,2,7,False,2.0,6,0.9783333333333334,0.9783333333333334,0.9783333333333334,0.9783333333333334,2
2022-06-01 08:00:00+00:00,0.0,-5.3,0.5,4,0,2,8,False,1.0,6,0.9880555555555556,0.9880555555555556,0.9880555555555556,0.9880555555555556,2
2022-06-01 09:00:00+00:00,0.0,-5.4,2.2,4,0,2,9,False,0.0,6,0.9908333333333332,0.9908333333333332,0.9908333333333332,0.9908333333333332,1
2022-06-01 10:00:00+00:00,0.0,-5.9,1.1,2,0,2,10,False,0.0,6,0.9816666666666668,0.9816666666666668,0.9816666666666668,0.9816666666666668,0
2022-06-01 11:00:00+00:00,0.0,-4.6,1.3,2,1,2,11,False,0.0,6,0.986388888888889,0.986388888888889,0.986388888888889,0.986388888888889,0
2022-06-01 12:00:00+00:00,0.0,-4.2,1.2,2,1,2,12,False,1.0,6,0.9838888888888888,0.9838888888888888,0.9838888888888888,0.9838888888888888,0
2022-06-01 13:00:00+00:00,0.0,-2.7,1.5,2,0,2,13,False,1.0,6,0.9899999999999998,0.9899999999999998,0.9899999999999998,0.9899999999999998,0
2022-06-01 14:00:00+00:00,0.0,-3.9,0.2,2,2,2,14,False,0.0,6,0.9908333333333332,0.9908333333333332,0.9908333333333332,0.9908333333333332,1
2022-06-01 15:00:00+00:00,0.0,-4.0,0.8,2,3,2,15,False,2.0,6,0.9874999999999996,0.9874999999999996,0.9874999999999996,0.9874999999999996,0
2022-06-01 16:00:00+00:00,0.0,-6.6,0.0,1,1,2,16,False,3.0,6,0.982222222222222,0.982222222222222,0.982222222222222,0.982222222222222,3
2022-06-01 17:00:00+00:00,0.0,-7.7,1.6,1,0,2,17,False,1.0,6,0.9911111111111108,0.9911111111111108,0.9911111111111108,0.9911111111111108,3
2022-06-01 18:00:00+00:00,0.0,-8.5,1.1,1,1,2,18,False,0.0,6,0.989444444444444,0.989444444444444,0.989444444444444,0.989444444444444,0
2022-06-01 19:00:00+00:00,0.0,-9.0,1.7,0,1,2,19,False,1.0,6,0.9933333333333332,0.9933333333333332,0.9933333333333332,0.9933333333333332,0
2022-06-01 20:00:00+00:00,0.0,-9.0,2.7,0,0,2,20,False,1.0,6,0.9983333333333332,0.9983333333333332,0.9983333333333332,0.9983333333333332,3
2022-06-01 21:00:00+00:00,0.0,-9.5,1.8,0,0,2,21,False,0.0,6,0.9899999999999995,0.9899999999999995,0.9899999999999995,0.9899999999999995,2
2022-06-01 22:00:00+00:00,0.0,-9.2,2.2,5,0,2,22,False,0.0,6,0.9877777777777776,0.9877777777777776,0.9877777777777776,0.9877777777777776,3
2022-06-01 23:00:00+00:00,0.0,-8.2,1.9,5,0,2,23,False,0.0,6,0.979722222222222,0.979722222222222,0.979722222222222,0.979722222222222,4
2022-06-02 00:00:00+00:00,0.0,3.1,0.9,8,0,3,0,False,0.0,6,0.9847222222222224,0.9847222222222224,0.9847222222222224,0.9847222222222224,4
2022-06-02 01:00:00+00:00,0.0,2.3,2.2,8,0,3,1,False,0.0,6,0.9841666666666667,0.9841666666666667,0.9841666666666667,0.9841666666666667,4
2022-06-02 02:00:00+00:00,0.0,1.1,2.5,8,0,3,2,False,0.0,6,0.9808333333333332,0.9808333333333332,0.9808333333333332,0.9808333333333332,4
2022-06-02 03:00:00+00:00,0.0,1.4,5.6,8,0,3,3,False,0.0,6,0.9911111111111108,0.9911111111111108,0.9911111111111108,0.9911111111111108,4
2022-06-02 04:00:00+00:00,0.0,2.1,6.3,8,1,3,4,False,0.0,6,0.9866666666666664,0.9866666666666664,0.9866666666666664,0.9866666666666664,4
2022-06-02 05:00:00+00:00,0.0,1.2,5.4,8,1,3,5,False,1.0,6,0.984444444444444,0.984444444444444,0.984444444444444,0.984444444444444,4
2022-06-02 06:00:00+00:00,0.0,-0.3,4.1,8,2,3,6,False,1.0,6,0.9861111111111108,0.9861111111111108,0.9861111111111108,0.9861111111111108,4
2022-06-02 07:00:00+00:00,0.0,-0.8,4.1,3,2,3,7,False,2.0,6,0.9877777777777776,0.9877777777777776,0.9877777777777776,0.9877777777777776,4
2022-06-02 08:00:00+00:00,0.0,-0.8,3.6,3,0,3,8,False,2.0,6,0.9988888888888886,0.9988888888888886,0.9988888888888886,0.9988888888888886,3
2022-06-02 09:00:00+00:00,0.0,-0.2,2.1,3,0,3,9,False,0.0,6,0.9652777777777776,0.9652777777777776,0.9652777777777776,0.9652777777777776,2
2022-06-02 10:00:00+00:00,0.0,0.1,4.1,5,0,3,10,False,0.0,6,0.98,0.98,0.98,0.98,0
2022-06-02 11:00:00+00:00,0.0,1.3,2.0,5,0,3,11,False,0.0,6,0.9861111111111108,0.9861111111111108,0.9861111111111108,0.9861111111111108,0
2022-06-02 12:00:00+00:00,0.0,1.1,3.8,5,0,3,12,False,0.0,6,0.9858333333333332,0.9858333333333332,0.9858333333333332,0.9858333333333332,0
2022-06-02 13:00:00+00:00,0.0,3.1,4.6,3,0,3,13,False,0.0,6,0.9966666666666668,0.9966666666666668,0.9966666666666668,0.9966666666666668,0
2022-06-02 14:00:00+00:00,0.0,2.9,3.5,3,1,3,14,False,0.0,6,0.999722222222222,0.999722222222222,0.999722222222222,0.999722222222222,0
2022-06-02 15:00:00+00:00,0.0,2.5,3.1,3,1,3,15,False,1.0,6,1.0,1.0,1.0,1.0,0
2022-06-02 16:00:00+00:00,0.0,2.4,3.7,3,1,3,16,False,1.0,6,0.9836111111111112,0.9836111111111112,0.9836111111111112,0.9836111111111112,1
2022-06-02 17:00:00+00:00,0.0,0.7,3.5,3,0,3,17,False,1.0,6,0.9805555555555554,0.9805555555555554,0.9805555555555554,0.9805555555555554,0
2022-06-02 18:00:00+00:00,0.0,-0.6,1.3,3,2,3,18,False,0.0,6,0.9802777777777776,0.9802777777777776,0.9802777777777776,0.9802777777777776,2
2022-06-02 19:00:00+00:00,0.0,-0.9,2.3,4,0,3,19,False,2.0,6,0.985277777777778,0.985277777777778,0.985277777777778,0.985277777777778,1
2022-06-02 20:00:00+00:00,0.0,-2.6,0.4,4,0,3,20,False,0.0,6,0.9844444444444446,0.9844444444444446,0.9844444444444446,0.9844444444444446,2
2022-06-02 21:00:00+00:00,0.0,-3.2,1.1,4,0,3,21,False,0.0,6,0.9855555555555556,0.9855555555555556,0.9855555555555556,0.9855555555555556,0
2022-06-02 22:00:00+00:00,0.0,-4.0,1.8,2,0,3,22,False,0.0,6,0.985,0.985,0.985,0.985,2
2022-06-02 23:00:00+00:00,0.0,-3.3,2.1,2,0,3,23,False,0.0,6,0.9766666666666668,0.9766666666666668,0.9766666666666668,0.9766666666666668,2
2022-06-03 00:00:00+00:00,0.0,-1.3,1.4,2,0,4,0,False,0.0,6,0.9802777777777778,0.9802777777777778,0.9802777777777778,0.9802777777777778,2
2022-06-03 01:00:00+00:00,0.0,-1.6,0.9,2,0,4,1,False,0.0,6,0.9897222222222222,0.9897222222222222,0.9897222222222222,0.9897222222222222,3
2022-06-03 02:00:00+00:00,0.0,-2.0,1.3,2,0,4,2,False,0.0,6,0.9916666666666668,0.9916666666666668,0.9916666666666668,0.9916666666666668,3
2022-06-03 03:00:00+00:00,0.0,-3.1,0.3,2,0,4,3,False,0.0,6,0.9891666666666666,0.9891666666666666,0.9891666666666666,0.9891666666666666,3
2022-06-03 04:00:00+00:00,0.0,-3.4,1.1,2,1,4,4,False,0.0,6,0.9825,0.9825,0.9825,0.9825,3
2022-06-03 05:00:00+00:00,0.0,-3.1,1.7,2,0,4,5,False,1.0,6,0.9861111111111112,0.9861111111111112,0.9861111111111112,0.9861111111111112,3
2022-06-03 06:00:00+00:00,0.0,-3.5,1.0,2,2,4,6,False,0.0,6,0.9916666666666666,0.9916666666666666,0.9916666666666666,0.9916666666666666,3
2022-06-03 07:00:00+00:00,0.0,-3.8,0.8,0,0,4,7,False,2.0,6,0.9677777777777776,0.9677777777777776,0.9677777777777776,0.9677777777777776,2
2022-06-03 08:00:00+00:00,0.0,-3.3,0.6,0,0,4,8,False,0.0,6,0.9325,0.9325,0.9325,0.9325,2
2022-06-03 09:00:00+00:00,0.0,0.9,0.4,0,1,4,9,False,0.0,6,0.9850000000000004,0.9850000000000004,0.9850000000000004,0.9850000000000004,0
2022-06-03 10:00:00+00:00,0.0,0.9,1.8,1,0,4,10,False,1.0,6,0.9830555555555552,0.9830555555555552,0.9830555555555552,0.9830555555555552,0
2022-06-03 11:00:00+00:00,0.0,3.2,1.4,1,1,4,11,False,0.0,6,0.9861111111111108,0.9861111111111108,0.9861111111111108,0.9861111111111108,8
2022-06-03 12:00:00+00:00,0.0,4.7,1.3,1,1,4,12,False,1.0,6,0.9669444444444442,0.9669444444444442,0.9669444444444442,0.9669444444444442,7
2022-06-03 13:00:00+00:00,0.0,7.0,1.1,1,1,4,13,False,1.0,6,0.9930555555555556,0.9930555555555556,0.9930555555555556,0.9930555555555556,7
2022-06-03 14:00:00+00:00,0.0,6.9,2.6,1,1,4,14,False,1.0,6,0.9875000000000004,0.9875000000000004,0.9875000000000004,0.9875000000000004,7
2022-06-03 15:00:00+00:00,0.0,8.1,2.2,1,2,4,15,False,1.0,6,0.9930555555555556,0.9930555555555556,0.9930555555555556,0.9930555555555556,7
2022-06-03 16:00:00+00:00,0.0,8.0,3.2,5,1,4,16,False,2.0,6,0.9875000000000002,0.9875000000000002,0.9875000000000002,0.9875000000000002,7
2022-06-03 17:00:00+00:00,0.0,7.2,2.0,5,0,4,17,False,1.0,6,0.9855555555555556,0.9855555555555556,0.9855555555555556,0.9855555555555556,6
2022-06-03 18:00:00+00:00,0.0,5.7,0.3,5,0,4,18,False,0.0,6,0.9858333333333332,0.9858333333333332,0.9858333333333332,0.9858333333333332,6
2022-06-03 19:00:00+00:00,0.0,4.8,2.3,7,0,4,19,False,0.0,6,0.9847222222222218,0.9847222222222218,0.9847222222222218,0.9847222222222218,5
2022-06-03 20:00:00+00:00,0.0,4.2,2.7,7,0,4,20,False,0.0,6,0.9866666666666664,0.9866666666666664,0.9866666666666664,0.9866666666666664,5
2022-06-03 21:00:00+00:00,0.0,1.9,1.3,7,0,4,21,False,0.0,6,0.9991666666666668,0.9991666666666668,0.9991666666666668,0.9991666666666668,5
2022-06-03 22:00:00+00:00,0.0,1.0,1.4,3,1,4,22,False,0.0,6,0.9841666666666667,0.9841666666666667,0.9841666666666667,0.9841666666666667,5
2022-06-03 23:00:00+00:00,0.0,0.5,1.8,3,0,4,23,False,1.0,6,0.985,0.985,0.985,0.985,5
2022-06-04 00:00:00+00:00,0.0,-2.3,1.0,0,0,5,0,False,0.0,6,0.9844444444444442,0.9844444444444442,0.9844444444444442,0.9844444444444442,6
2022-06-04 01:00:00+00:00,0.0,-2.8,0.9,0,0,5,1,False,0.0,6,0.9922222222222224,0.9922222222222224,0.9922222222222224,0.9922222222222224,5
2022-06-04 02:00:00+00:00,0.0,-1.7,1.0,0,0,5,2,False,0.0,6,0.9916666666666664,0.9916666666666664,0.9916666666666664,0.9916666666666664,5
2022-06-04 03:00:00+00:00,0.0,-2.1,2.2,0,0,5,3,False,0.0,6,0.9858333333333332,0.9858333333333332,0.9858333333333332,0.9858333333333332,5
2022-06-04 04:00:00+00:00,0.0,-3.8,0.8,0,0,5,4,False,0.0,6,0.9813888888888888,0.9813888888888888,0.9813888888888888,0.9813888888888888,5
2022-06-04 05:00:00+00:00,0.0,-4.5,1.3,0,0,5,5,False,0.0,6,0.975277777777778,0.975277777777778,0.975277777777778,0.975277777777778,5
2022-06-04 06:00:00+00:00,0.0,-4.2,1.6,0,1,5,6,False,0.0,6,0.9833333333333332,0.9833333333333332,0.9833333333333332,0.9833333333333332,5
2022-06-04 07:00:00+00:00,0.0,-2.8,2.0,8,1,5,7,False,1.0,6,0.9836111111111112,0.9836111111111112,0.9836111111111112,0.9836111111111112,6
2022-06-04 08:00:00+00:00,0.0,-0.8,0.5,8,1,5,8,False,1.0,6,0.9858333333333336,0.9858333333333336,0.9858333333333336,0.9858333333333336,7
2022-06-04 09:00:00+00:00,0.0,0.4,1.3,8,1,5,9,False,1.0,6,0.9677777777777782,0.9677777777777782,0.9677777777777782,0.9677777777777782,6
2022-06-04 10:00:00+00:00,0.0,1.4,2.6,8,1,5,10,False,1.0,6,0.9861111111111112,0.9861111111111112,0.9861111111111112,0.9861111111111112,5
2022-06-04 11:00:00+00:00,0.0,2.7,1.4,8,1,5,11,False,1.0,6,0.9797222222222224,0.9797222222222224,0.9797222222222224,0.9797222222222224,4
2022-06-04 12:00:00+00:00,0.0,4.2,0.8,8,2,5,12,False,1.0,6,0.9033333333333334,0.9033333333333334,0.9033333333333334,0.9033333333333334,5
2022-06-04 13:00:00+00:00,0.0,4.6,1.3,8,1,5,13,False,2.0,6,0.9952777777777778,0.9952777777777778,0.9952777777777778,0.9952777777777778,5
2022-06-04 14:00:00+00:00,0.0,4.9,1.7,8,1,5,14,False,1.0,6,0.9761111111111108,0.9761111111111108,0.9761111111111108,0.9761111111111108,6
2022-06-04 15:00:00+00:00,0.0,5.3,0.8,8,2,5,15,False,1.0,6,0.982222222222222,0.982222222222222,0.982222222222222,0.982222222222222,4
2022-06-04 16:00:00+00:00,0.0,5.2,1.1,8,0,5,16,False,2.0,6,0.9972222222222225,0.9972222222222225,0.9972222222222225,0.9972222222222225,3
2022-06-04 17:00:00+00:00,0.0,4.9,1.5,8,0,5,17,False,0.0,6,0.999722222222222,0.999722222222222,0.999722222222222,0.999722222222222,4
2022-06-04 18:00:00+00:00,0.0,4.5,1.3,8,0,5,18,False,0.0,6,0.97,0.97,0.97,0.97,2
2022-06-04 19:00:00+00:00,0.0,3.6,1.0,6,0,5,19,False,0.0,6,0.9894444444444443,0.9894444444444443,0.9894444444444443,0.9894444444444443,2
2022-06-04 20:00:00+00:00,0.0,1.0,2.3,6,0,5,20,False,0.0,6,0.9819444444444444,0.9819444444444444,0.9819444444444444,0.9819444444444444,4
2022-06-04 21:00:00+00:00,0.0,0.4,3.6,6,0,5,21,False,0.0,6,0.9908333333333332,0.9908333333333332,0.9908333333333332,0.9908333333333332,4
2022-06-04 22:00:00+00:00,0.0,0.1,3.1,5,0,5,22,False,0.0,6,0.989444444444444,0.989444444444444,0.989444444444444,0.989444444444444,5
2022-06-04 23:00:00+00:00,0.0,0.1,4.0,5,0,5,23,False,0.0,6,0.991388888888889,0.991388888888889,0.991388888888889,0.991388888888889,6
2022-06-05 00:00:00+00:00,0.0,8.0,0.7,2,0,6,0,False,0.0,6,0.9833333333333332,0.9833333333333332,0.9833333333333332,0.9833333333333332,6
2022-06-05 01:00:00+00:00,0.0,6.3,0.8,2,0,6,1,False,0.0,6,0.952777777777778,0.952777777777778,0.952777777777778,0.952777777777778,7
2022-06-05 02:00:00+00:00,0.0,5.8,1.3,2,0,6,2,False,0.0,6,0.9824999999999996,0.9824999999999996,0.9824999999999996,0.9824999999999996,7
2022-06-05 03:00:00+00:00,0.0,4.8,1.6,2,0,6,3,False,0.0,6,0.9883333333333332,0.9883333333333332,0.9883333333333332,0.9883333333333332,7
2022-06-05 04:00:00+00:00,0.0,3.9,1.0,2,0,6,4,False,0.0,6,0.9880555555555556,0.9880555555555556,0.9880555555555556,0.9880555555555556,7
2022-06-05 05:00:00+00:00,0.0,4.1,1.9,2,0,6,5,False,0.0,6,0.9902777777777778,0.9902777777777778,0.9902777777777778,0.9902777777777778,7
2022-06-05 06:00:00+00:00,0.0,6.9,0.9,2,2,6,6,False,0.0,6,0.9858333333333336,0.9858333333333336,0.9858333333333336,0.9858333333333336,7
2022-06-05 07:00:00+00:00,0.0,9.8,0.9,2,0,6,7,False,2.0,6,0.964444444444444,0.964444444444444,0.964444444444444,0.964444444444444,7
2022-06-05 08:00:00+00:00,0.0,11.0,1.8,2,0,6,8,False,0.0,6,0.9838888888888888,0.9838888888888888,0.9838888888888888,0.9838888888888888,7
2022-06-05 09:00:00+00:00,0.0,12.5,2.5,2,1,6,9,False,0.0,6,0.9933333333333332,0.9933333333333332,0.9933333333333332,0.9933333333333332,5
2022-06-05 10:00:00+00:00,0.0,14.2,2.7,2,1,6,10,False,1.0,6,0.953888888888889,0.953888888888889,0.953888888888889,0.953888888888889,5
2022-06-05 11:00:00+00:00,0.0,15.4,3.9,2,4,6,11,False,1.0,6,0.9891666666666667,0.9891666666666667,0.9891666666666667,0.9891666666666667,7
2022-06-05 12:00:00+00:00,0.0,17.1,3.2,2,3,6,12,False,4.0,6,0.9891666666666666,0.9891666666666666,0.9891666666666666,0.9891666666666666,8
2022-06-05 13:00:00+00:00,0.0,17.3,4.8,6,2,6,13,False,3.0,6,0.987222222222222,0.987222222222222,0.987222222222222,0.987222222222222,8
2022-06-05 14:00:00+00:00,0.0,18.2,4.1,6,0,6,14,False,2.0,6,0.9905555555555556,0.9905555555555556,0.9905555555555556,0.9905555555555556,4
2022-06-05 15:00:00+00:00,0.0,16.9,4.5,6,0,6,15,False,0.0,6,0.9816666666666664,0.9816666666666664,0.9816666666666664,0.9816666666666664,4
2022-06-05 16:00:00+00:00,0.0,16.6,4.1,7,0,6,16,False,0.0,6,0.9736111111111112,0.9736111111111112,0.9736111111111112,0.9736111111111112,2
2022-06-05 17:00:00+00:00,0.0,16.2,4.6,7,2,6,17,False,0.0,6,0.9850000000000002,0.9850000000000002,0.9850000000000002,0.9850000000000002,3
2022-06-05 18:00:00+00:00,0.0,13.3,3.9,7,1,6,18,False,2.0,6,0.9638888888888888,0.9638888888888888,0.9638888888888888,0.9638888888888888,4
2022-06-05 19:00:00+00:00,0.0,12.8,3.5,7,0,6,19,False,1.0,6,0.99,0.99,0.99,0.99,4
2022-06-05 20:00:00+00:00,0.1,12.5,1.7,7,0,6,20,False,0.0,6,0.9969444444444444,0.9969444444444444,0.9969444444444444,0.9969444444444444,3
2022-06-05 21:00:00+00:00,0.3,12.0,2.0,7,0,6,21,False,0.0,6,0.9944444444444442,0.9944444444444442,0.9944444444444442,0.9944444444444442,2
2022-06-05 22:00:00+00:00,0.1,11.8,2.4,7,0,6,22,False,0.0,6,0.9836111111111112,0.9836111111111112,0.9836111111111112,0.9836111111111112,2
2022-06-05 23:00:00+00:00,0.3,11.2,2.2,7,0,6,23,False,0.0,6,0.9933333333333332,0.9933333333333332,0.9933333333333332,0.9933333333333332,2
2022-06-06 00:00:00+00:00,0.0,11.5,0.7,3,0,0,0,False,0.0,6,0.9694444444444446,0.9694444444444446,0.9694444444444446,0.9694444444444446,2
2022-06-06 01:00:00+00:00,0.0,11.3,2.3,3,0,0,1,False,0.0,6,0.9838888888888886,0.9838888888888886,0.9838888888888886,0.9838888888888886,2
2022-06-06 02:00:00+00:00,0.0,11.4,1.5,3,0,0,2,False,0.0,6,0.9833333333333334,0.9833333333333334,0.9833333333333334,0.9833333333333334,2
2022-06-06 03:00:00+00:00,0.0,12.5,3.5,3,0,0,3,False,0.0,6,0.9833333333333332,0.9833333333333332,0.9833333333333332,0.9833333333333332,2
2022-06-06 04:00:00+00:00,0.0,12.2,3.3,3,0,0,4,False,0.0,6,0.9855555555555552,0.9855555555555552,0.9855555555555552,0.9855555555555552,2
2022-06-06 05:00:00+00:00,0.0,13.9,1.5,3,0,0,5,False,0.0,6,0.9738888888888888,0.9738888888888888,0.9738888888888888,0.9738888888888888,2
2022-06-06 06:00:00+00:00,0.0,15.3,2.2,3,0,0,6,False,0.0,6,0.9913888888888888,0.9913888888888888,0.9913888888888888,0.9913888888888888,2
2022-06-06 07:00:00+00:00,0.0,16.6,1.8,2,2,0,7,False,0.0,6,0.9633333333333332,0.9633333333333332,0.9633333333333332,0.9633333333333332,2
2022-06-06 08:00:00+00:00,0.0,17.4,2.0,2,0,0,8,False,2.0,6,0.989722222222222,0.989722222222222,0.989722222222222,0.989722222222222,2
2022-06-06 09:00:00+00:00,0.0,18.2,1.9,2,2,0,9,False,0.0,6,0.982777777777778,0.982777777777778,0.982777777777778,0.982777777777778,2
2022-06-06 10:00:00+00:00,0.0,20.6,1.1,4,3,0,10,False,2.0,6,0.9825000000000002,0.9825000000000002,0.9825000000000002,0.9825000000000002,0
2022-06-06 11:00:00+00:00,0.0,21.4,1.1,4,1,0,11,False,3.0,6,0.9541666666666668,0.9541666666666668,0.9541666666666668,0.9541666666666668,2
2022-06-06 12:00:00+00:00,0.0,22.3,1.7,4,0,0,12,False,1.0,6,0.9894444444444443,0.9894444444444443,0.9894444444444443,0.9894444444444443,1
2022-06-06 13:00:00+00:00,0.0,23.7,3.1,5,1,0,13,False,0.0,6,0.9749999999999998,0.9749999999999998,0.9749999999999998,0.9749999999999998,1
2022-06-06 14:00:00+00:00,0.0,24.0,3.2,5,0,0,14,False,1.0,6,0.985,0.985,0.985,0.985,0
2022-06-06 15:00:00+00:00,0.0,24.5,3.8,5,0,0,15,False,0.0,6,0.9663888888888889,0.9663888888888889,0.9663888888888889,0.9663888888888889,1
2022-06-06 16:00:00+00:00,0.0,24.6,2.4,2,0,0,16,False,0.0,6,0.9827777777777778,0.9827777777777778,0.9827777777777778,0.9827777777777778,0
2022-06-06 17:00:00+00:00,0.0,24.5,1.9,2,3,0,17,False,0.0,6,0.9894444444444442,0.9894444444444442,0.9894444444444442,0.9894444444444442,0
2022-06-06 18:00:00+00:00,0.0,24.2,1.7,2,1,0,18,False,3.0,6,0.9833333333333332,0.9833333333333332,0.9833333333333332,0.9833333333333332,1
2022-06-06 19:00:00+00:00,0.0,22.9,4.4,3,0,0,19,False,1.0,6,0.983333333333333,0.983333333333333,0.983333333333333,0.983333333333333,1
2022-06-06 20:00:00+00:00,0.0,20.6,3.4,3,1,0,20,False,0.0,6,0.9897222222222216,0.9897222222222216,0.9897222222222216,0.9897222222222216,0
2022-06-06 21:00:00+00:00,0.0,19.0,1.5,3,0,0,21,False,1.0,6,0.9866666666666668,0.9866666666666668,0.9866666666666668,0.9866666666666668,0
2022-06-06 22:00:00+00:00,0.0,17.3,1.1,4,0,0,22,False,0.0,6,0.9841666666666664,0.9841666666666664,0.9841666666666664,0.9841666666666664,1
2022-06-06 23:00:00+00:00,0.0,15.6,1.9,4,0,0,23,False,0.0,6,0.9899999999999998,0.9899999999999998,0.9899999999999998,0.9899999999999998,0
2022-06-13 00:00:00+00:00,0.0,10.3,1.1,5,0,0,0,False,0.0,6,0.9833333333333332,0.9833333333333332,0.9833333333333332,0.9833333333333332,1
2022-06-13 01:00:00+00:00,0.0,9.9,0.7,5,0,0,1,False,0.0,6,0.9888888888888888,0.9888888888888888,0.9888888888888888,0.9888888888888888,1
2022-06-13 02:00:00+00:00,0.0,9.7,1.4,5,0,0,2,False,0.0,6,0.9994444444444442,0.9994444444444442,0.9994444444444442,0.9994444444444442,1
2022-06-13 03:00:00+00:00,0.0,9.6,0.8,5,0,0,3,False,0.0,6,0.9777777777777774,0.9777777777777774,0.9777777777777774,0.9777777777777774,1
2022-06-13 04:00:00+00:00,0.0,9.0,0.7,5,2,0,4,False,0.0,6,0.9844444444444445,0.9844444444444445,0.9844444444444445,0.9844444444444445,1
2022-06-13 05:00:00+00:00,0.0,10.5,1.5,5,0,0,5,False,2.0,6,0.9852777777777778,0.9852777777777778,0.9852777777777778,0.9852777777777778,1
2022-06-13 06:00:00+00:00,0.0,12.9,1.8,5,1,0,6,False,0.0,6,0.9852777777777776,0.9852777777777776,0.9852777777777776,0.9852777777777776,1
2022-06-13 07:00:00+00:00,0.0,14.8,3.6,2,2,0,7,False,1.0,6,0.9847222222222222,0.9847222222222222,0.9847222222222222,0.9847222222222222,0
2022-06-13 08:00:00+00:00,0.0,16.0,3.3,2,0,0,8,False,2.0,6,0.9933333333333332,0.9933333333333332,0.9933333333333332,0.9933333333333332,0
2022-06-13 09:00:00+00:00,0.0,17.5,3.1,2,1,0,9,False,0.0,6,0.9544444444444444,0.9544444444444444,0.9544444444444444,0.9544444444444444,0
2022-06-13 10:00:00+00:00,0.0,18.3,3.2,2,1,0,10,False,1.0,6,0.9788888888888888,0.9788888888888888,0.9788888888888888,0.9788888888888888,0
2022-06-13 11:00:00+00:00,0.0,18.0,2.6,2,0,0,11,False,1.0,6,0.9816666666666666,0.9816666666666666,0.9816666666666666,0.9816666666666666,1
2022-06-13 12:00:00+00:00,0.0,18.7,4.2,2,0,0,12,False,0.0,6,0.9680555555555556,0.9680555555555556,0.9680555555555556,0.9680555555555556,1
2022-06-13 13:00:00+00:00,0.0,18.5,3.2,6,1,0,13,False,0.0,6,0.9863888888888888,0.9863888888888888,0.9863888888888888,0.9863888888888888,0
2022-06-13 14:00:00+00:00,0.1,19.5,4.0,6,1,0,14,False,1.0,6,0.9819444444444444,0.9819444444444444,0.9819444444444444,0.9819444444444444,0
2022-06-13 15:00:00+00:00,0.0,17.5,4.4,6,1,0,15,False,1.0,6,0.9994444444444444,0.9994444444444444,0.9994444444444444,0.9994444444444444,0
2022-06-13 16:00:00+00:00,0.2,16.3,1.9,6,0,0,16,False,1.0,6,0.9944444444444444,0.9944444444444444,0.9944444444444444,0.9944444444444444,1
2022-06-13 17:00:00+00:00,0.0,18.1,2.5,6,1,0,17,False,0.0,6,0.9855555555555556,0.9855555555555556,0.9855555555555556,0.9855555555555556,0
2022-06-13 18:00:00+00:00,0.0,17.7,1.7,6,1,0,18,False,1.0,6,0.9863888888888892,0.9863888888888892,0.9863888888888892,0.9863888888888892,1
2022-06-13 19:00:00+00:00,0.2,13.8,2.9,7,1,0,19,False,1.0,6,0.9686111111111112,0.9686111111111112,0.9686111111111112,0.9686111111111112,2
2022-06-13 20:00:00+00:00,0.6,13.3,1.5,7,1,0,20,False,1.0,6,0.972222222222222,0.972222222222222,0.972222222222222,0.972222222222222,2
2022-06-13 21:00:00+00:00,0.0,12.9,1.2,7,0,0,21,False,1.0,6,0.98,0.98,0.98,0.98,1
2022-06-13 22:00:00+00:00,0.0,11.5,0.6,3,0,0,22,False,0.0,6,0.9875,0.9875,0.9875,0.9875,1
2022-06-13 23:00:00+00:00,0.0,10.5,1.6,3,0,0,23,False,0.0,6,0.9858333333333332,0.9858333333333332,0.9858333333333332,0.9858333333333332,0
2022-06-14 00:00:00+00:00,0.0,10.3,1.7,3,0,1,0,False,0.0,6,0.9869444444444444,0.9869444444444444,0.9869444444444444,0.9869444444444444,1
2022-06-14 01:00:00+00:00,0.0,10.0,0.9,3,0,1,1,False,0.0,6,0.9841666666666667,0.9841666666666667,0.9841666666666667,0.9841666666666667,1
2022-06-14 02:00:00+00:00,0.0,11.0,1.5,3,0,1,2,False,0.0,6,0.9983333333333334,0.9983333333333334,0.9983333333333334,0.9983333333333334,1
2022-06-14 03:00:00+00:00,0.0,9.5,1.7,3,0,1,3,False,0.0,6,0.9819444444444444,0.9819444444444444,0.9819444444444444,0.9819444444444444,1
2022-06-14 04:00:00+00:00,0.0,10.9,0.8,3,1,1,4,False,0.0,6,0.987222222222222,0.987222222222222,0.987222222222222,0.987222222222222,1
2022-06-14 05:00:00+00:00,0.0,13.6,1.5,3,0,1,5,False,1.0,6,0.9480555555555554,0.9480555555555554,0.9480555555555554,0.9480555555555554,1
2022-06-14 06:00:00+00:00,0.0,15.7,0.8,3,1,1,6,False,0.0,6,0.9850000000000002,0.9850000000000002,0.9850000000000002,0.9850000000000002,1
2022-06-14 07:00:00+00:00,0.0,17.3,0.6,5,0,1,7,False,1.0,6,0.983611111111111,0.983611111111111,0.983611111111111,0.983611111111111,0
2022-06-14 08:00:00+00:00,0.0,18.1,2.0,5,0,1,8,False,0.0,6,0.991388888888889,0.991388888888889,0.991388888888889,0.991388888888889,0
2022-06-14 09:00:00+00:00,0.0,20.1,2.4,5,0,1,9,False,0.0,6,0.9811111111111112,0.9811111111111112,0.9811111111111112,0.9811111111111112,0
2022-06-14 10:00:00+00:00,0.0,20.3,2.7,3,0,1,10,False,0.0,6,0.985277777777778,0.985277777777778,0.985277777777778,0.985277777777778,0
2022-06-14 11:00:00+00:00,0.0,20.9,3.8,3,0,1,11,False,0.0,6,0.7983333333333332,0.7983333333333332,0.7983333333333332,0.7983333333333332,0
2022-06-14 12:00:00+00:00,0.0,21.4,3.3,3,0,1,12,False,0.0,6,0.9663888888888884,0.9663888888888884,0.9663888888888884,0.9663888888888884,0
2022-06-14 13:00:00+00:00,0.0,21.6,3.3,6,3,1,13,False,0.0,6,0.9811111111111112,0.9811111111111112,0.9811111111111112,0.9811111111111112,0
2022-06-14 14:00:00+00:00,0.0,20.8,2.9,6,1,1,14,False,3.0,6,0.9891666666666672,0.9891666666666672,0.9891666666666672,0.9891666666666672,0
2022-06-14 15:00:00+00:00,0.0,22.3,2.3,6,1,1,15,False,1.0,6,0.9855555555555556,0.9855555555555556,0.9855555555555556,0.9855555555555556,3
2022-06-14 16:00:00+00:00,0.0,21.5,3.7,6,0,1,16,False,1.0,6,0.9858333333333332,0.9858333333333332,0.9858333333333332,0.9858333333333332,1
2022-06-14 17:00:00+00:00,0.0,22.2,2.3,6,0,1,17,False,0.0,6,0.988611111111111,0.988611111111111,0.988611111111111,0.988611111111111,1
2022-06-14 18:00:00+00:00,0.0,20.3,2.3,6,1,1,18,False,0.0,6,0.9863888888888886,0.9863888888888886,0.9863888888888886,0.9863888888888886,2
2022-06-14 19:00:00+00:00,0.0,20.1,2.1,6,1,1,19,False,1.0,6,0.9744444444444444,0.9744444444444444,0.9744444444444444,0.9744444444444444,3
2022-06-14 20:00:00+00:00,0.0,19.7,2.1,6,1,1,20,False,1.0,6,0.9855555555555556,0.9855555555555556,0.9855555555555556,0.9855555555555556,7
2022-06-14 21:00:00+00:00,0.0,18.3,2.8,6,1,1,21,False,1.0,6,0.985,0.985,0.985,0.985,6
2022-06-14 22:00:00+00:00,0.0,17.3,0.7,6,0,1,22,False,1.0,6,0.9716666666666666,0.9716666666666666,0.9716666666666666,0.9716666666666666,6
2022-06-14 23:00:00+00:00,0.0,16.3,2.2,6,0,1,23,False,0.0,6,0.9866666666666664,0.9866666666666664,0.9866666666666664,0.9866666666666664,5
2022-06-15 00:00:00+00:00,0.0,14.8,1.1,6,0,2,0,False,0.0,6,0.9830555555555556,0.9830555555555556,0.9830555555555556,0.9830555555555556,4
2022-06-15 01:00:00+00:00,0.0,13.3,1.5,6,0,2,1,False,0.0,6,0.9858333333333332,0.9858333333333332,0.9858333333333332,0.9858333333333332,4
2022-06-15 02:00:00+00:00,0.0,12.0,0.7,6,0,2,2,False,0.0,6,0.9666666666666665,0.9666666666666665,0.9666666666666665,0.9666666666666665,4
2022-06-15 03:00:00+00:00,0.0,12.8,1.7,6,0,2,3,False,0.0,6,0.9858333333333336,0.9858333333333336,0.9858333333333336,0.9858333333333336,4
2022-06-15 04:00:00+00:00,0.0,12.0,1.1,6,1,2,4,False,0.0,6,0.9872222222222224,0.9872222222222224,0.9872222222222224,0.9872222222222224,4
2022-06-15 05:00:00+00:00,0.0,14.3,1.5,6,2,2,5,False,1.0,6,0.9902777777777776,0.9902777777777776,0.9902777777777776,0.9902777777777776,4
2022-06-15 06:00:00+00:00,0.0,15.9,2.2,6,2,2,6,False,2.0,6,0.9858333333333336,0.9858333333333336,0.9858333333333336,0.9858333333333336,4
2022-06-15 07:00:00+00:00,0.0,15.9,3.9,4,0,2,7,False,2.0,6,0.9791666666666664,0.9791666666666664,0.9791666666666664,0.9791666666666664,4
2022-06-15 08:00:00+00:00,0.0,16.5,2.7,4,0,2,8,False,0.0,6,0.9894444444444443,0.9894444444444443,0.9894444444444443,0.9894444444444443,2
2022-06-15 09:00:00+00:00,0.0,17.7,2.1,4,1,2,9,False,0.0,6,0.8680555555555556,0.8680555555555556,0.8680555555555556,0.8680555555555556,1
2022-06-15 10:00:00+00:00,0.0,19.1,2.2,7,0,2,10,False,1.0,6,0.9808333333333332,0.9808333333333332,0.9808333333333332,0.9808333333333332,1
2022-06-15 11:00:00+00:00,0.0,20.9,1.7,7,1,2,11,False,0.0,6,0.9824999999999998,0.9824999999999998,0.9824999999999998,0.9824999999999998,2
2022-06-15 12:00:00+00:00,0.0,22.7,1.2,7,0,2,12,False,1.0,6,0.9908333333333328,0.9908333333333328,0.9908333333333328,0.9908333333333328,2
2022-06-15 13:00:00+00:00,0.0,20.1,2.4,7,1,2,13,False,0.0,6,0.967222222222222,0.967222222222222,0.967222222222222,0.967222222222222,2
2022-06-15 14:00:00+00:00,0.0,20.0,2.9,7,2,2,14,False,1.0,6,0.9891666666666667,0.9891666666666667,0.9891666666666667,0.9891666666666667,3
2022-06-15 15:00:00+00:00,0.0,21.0,1.1,7,3,2,15,False,2.0,6,0.9405555555555556,0.9405555555555556,0.9405555555555556,0.9405555555555556,4
2022-06-15 16:00:00+00:00,0.0,20.6,2.4,8,1,2,16,False,3.0,6,0.9833333333333332,0.9833333333333332,0.9833333333333332,0.9833333333333332,4
2022-06-15 17:00:00+00:00,0.0,20.1,2.4,8,2,2,17,False,1.0,6,0.959722222222222,0.959722222222222,0.959722222222222,0.959722222222222,4
2022-06-15 18:00:00+00:00,0.0,19.0,2.6,8,1,2,18,False,2.0,6,0.9877777777777774,0.9877777777777774,0.9877777777777774,0.9877777777777774,2
2022-06-15 19:00:00+00:00,0.0,18.1,2.9,7,2,2,19,False,1.0,6,0.9833333333333332,0.9833333333333332,0.9833333333333332,0.9833333333333332,2
2022-06-15 20:00:00+00:00,0.0,17.1,3.1,7,1,2,20,False,2.0,6,0.985,0.985,0.985,0.985,5
2022-06-15 21:00:00+00:00,0.0,16.4,2.6,7,0,2,21,False,1.0,6,0.9833333333333332,0.9833333333333332,0.9833333333333332,0.9833333333333332,4
2022-06-15 22:00:00+00:00,0.0,15.6,1.7,7,0,2,22,False,0.0,6,0.986111111111111,0.986111111111111,0.986111111111111,0.986111111111111,2
2022-06-15 23:00:00+00:00,0.0,15.0,1.5,7,0,2,23,False,0.0,6,0.9877777777777774,0.9877777777777774,0.9877777777777774,0.9877777777777774,2
2022-06-16 00:00:00+00:00,0.0,14.6,1.6,7,0,3,0,False,0.0,6,0.9830555555555552,0.9830555555555552,0.9830555555555552,0.9830555555555552,2
2022-06-16 01:00:00+00:00,0.0,14.1,1.4,7,0,3,1,False,0.0,6,0.979444444444444,0.979444444444444,0.979444444444444,0.979444444444444,2
2022-06-16 02:00:00+00:00,0.0,13.3,1.1,7,0,3,2,False,0.0,6,0.9627777777777776,0.9627777777777776,0.9627777777777776,0.9627777777777776,2
2022-06-16 03:00:00+00:00,0.0,13.2,0.9,7,0,3,3,False,0.0,6,0.9880555555555554,0.9880555555555554,0.9880555555555554,0.9880555555555554,2
2022-06-16 04:00:00+00:00,0.0,12.9,0.6,7,2,3,4,False,0.0,6,0.9897222222222224,0.9897222222222224,0.9897222222222224,0.9897222222222224,2
2022-06-16 05:00:00+00:00,0.0,13.3,0.5,7,0,3,5,False,2.0,6,0.992222222222222,0.992222222222222,0.992222222222222,0.992222222222222,2
2022-06-16 06:00:00+00:00,0.0,14.3,1.1,7,2,3,6,False,0.0,6,0.9855555555555556,0.9855555555555556,0.9855555555555556,0.9855555555555556,2
2022-06-16 07:00:00+00:00,0.0,15.8,1.5,7,0,3,7,False,2.0,6,0.9691666666666666,0.9691666666666666,0.9691666666666666,0.9691666666666666,0
2022-06-16 08:00:00+00:00,0.0,18.5,0.7,7,0,3,8,False,0.0,6,0.9880555555555556,0.9880555555555556,0.9880555555555556,0.9880555555555556,0
2022-06-16 09:00:00+00:00,0.0,17.0,3.0,7,1,3,9,False,0.0,6,0.9666666666666665,0.9666666666666665,0.9666666666666665,0.9666666666666665,0
2022-06-16 10:00:00+00:00,0.0,18.0,1.5,6,1,3,10,False,1.0,6,0.9708333333333335,0.9708333333333335,0.9708333333333335,0.9708333333333335,1
2022-06-16 11:00:00+00:00,0.0,18.6,1.3,6,1,3,11,False,1.0,6,0.987222222222222,0.987222222222222,0.987222222222222,0.987222222222222,1
2022-06-16 12:00:00+00:00,0.4,18.6,2.1,6,0,3,12,False,1.0,6,0.9933333333333332,0.9933333333333332,0.9933333333333332,0.9933333333333332,1
2022-06-16 13:00:00+00:00,0.0,18.9,1.8,5,0,3,13,False,0.0,6,0.9647222222222224,0.9647222222222224,0.9647222222222224,0.9647222222222224,1
2022-06-16 14:00:00+00:00,0.0,21.9,2.3,5,1,3,14,False,0.0,6,0.9908333333333336,0.9908333333333336,0.9908333333333336,0.9908333333333336,0
2022-06-16 15:00:00+00:00,0.0,22.8,2.4,5,2,3,15,False,1.0,6,0.9788888888888888,0.9788888888888888,0.9788888888888888,0.9788888888888888,0
2022-06-16 16:00:00+00:00,0.0,21.2,4.2,4,2,3,16,False,2.0,6,0.9863888888888886,0.9863888888888886,0.9863888888888886,0.9863888888888886,1
2022-06-16 17:00:00+00:00,0.0,21.1,1.5,4,0,3,17,False,2.0,6,0.999722222222222,0.999722222222222,0.999722222222222,0.999722222222222,3
2022-06-16 18:00:00+00:00,0.2,20.2,1.0,4,0,3,18,False,0.0,6,0.9458333333333332,0.9458333333333332,0.9458333333333332,0.9458333333333332,2
2022-06-16 19:00:00+00:00,0.8,17.5,2.3,6,0,3,19,False,0.0,6,0.9997222222222224,0.9997222222222224,0.9997222222222224,0.9997222222222224,0
2022-06-16 20:00:00+00:00,2.4,16.0,1.9,6,0,3,20,False,0.0,6,0.9786111111111108,0.9786111111111108,0.9786111111111108,0.9786111111111108,0
2022-06-16 21:00:00+00:00,0.0,15.6,1.0,6,0,3,21,False,0.0,6,0.9855555555555554,0.9855555555555554,0.9855555555555554,0.9855555555555554,0
2022-06-16 22:00:00+00:00,0.0,14.5,2.0,5,1,3,22,False,0.0,6,0.9819444444444442,0.9819444444444442,0.9819444444444442,0.9819444444444442,3
2022-06-16 23:00:00+00:00,0.0,13.2,1.5,5,0,3,23,False,1.0,6,0.9949999999999998,0.9949999999999998,0.9949999999999998,0.9949999999999998,4
2022-06-17 00:00:00+00:00,0.0,12.3,1.1,5,0,4,0,False,0.0,6,0.984444444444444,0.984444444444444,0.984444444444444,0.984444444444444,4
2022-06-17 01:00:00+00:00,0.0,11.7,1.5,5,0,4,1,False,0.0,6,0.9941666666666664,0.9941666666666664,0.9941666666666664,0.9941666666666664,3
2022-06-17 02:00:00+00:00,0.0,11.4,1.4,5,0,4,2,False,0.0,6,0.9869444444444444,0.9869444444444444,0.9869444444444444,0.9869444444444444,3
2022-06-17 03:00:00+00:00,0.0,10.7,2.0,5,0,4,3,False,0.0,6,0.9744444444444442,0.9744444444444442,0.9744444444444442,0.9744444444444442,3
2022-06-17 04:00:00+00:00,0.0,10.5,1.8,5,2,4,4,False,0.0,6,0.9836111111111112,0.9836111111111112,0.9836111111111112,0.9836111111111112,3
2022-06-17 05:00:00+00:00,0.0,12.7,0.5,5,1,4,5,False,2.0,6,0.985277777777778,0.985277777777778,0.985277777777778,0.985277777777778,3
2022-06-17 06:00:00+00:00,0.0,15.0,1.3,5,0,4,6,False,1.0,6,0.9847222222222224,0.9847222222222224,0.9847222222222224,0.9847222222222224,3
2022-06-17 07:00:00+00:00,0.0,17.2,1.1,2,0,4,7,False,0.0,6,0.9805555555555556,0.9805555555555556,0.9805555555555556,0.9805555555555556,1
2022-06-17 08:00:00+00:00,0.0,18.8,1.4,2,0,4,8,False,0.0,6,0.9841666666666666,0.9841666666666666,0.9841666666666666,0.9841666666666666,0
2022-06-17 09:00:00+00:00,0.0,19.9,1.9,2,1,4,9,False,0.0,6,1.0,1.0,1.0,1.0,0
2022-06-17 10:00:00+00:00,0.0,20.6,1.7,7,0,4,10,False,1.0,6,0.9830555555555552,0.9830555555555552,0.9830555555555552,0.9830555555555552,0
2022-06-17 11:00:00+00:00,0.0,21.1,2.6,7,3,4,11,False,0.0,6,0.9813888888888884,0.9813888888888884,0.9813888888888884,0.9813888888888884,0
2022-06-17 12:00:00+00:00,0.0,21.0,3.5,7,0,4,12,False,3.0,6,0.9880555555555556,0.9880555555555556,0.9880555555555556,0.9880555555555556,0
2022-06-17 13:00:00+00:00,0.0,21.2,2.7,8,0,4,13,False,0.0,6,0.9636111111111112,0.9636111111111112,0.9636111111111112,0.9636111111111112,1
2022-06-17 14:00:00+00:00,0.0,20.0,6.2,8,0,4,14,False,0.0,6,0.9822222222222222,0.9822222222222222,0.9822222222222222,0.9822222222222222,0
2022-06-17 15:00:00+00:00,0.0,18.7,4.3,8,1,4,15,False,0.0,6,0.9866666666666668,0.9866666666666668,0.9866666666666668,0.9866666666666668,2
2022-06-17 16:00:00+00:00,0.0,18.0,4.8,8,1,4,16,False,1.0,6,0.9788888888888888,0.9788888888888888,0.9788888888888888,0.9788888888888888,3
2022-06-17 17:00:00+00:00,0.2,17.0,4.6,8,3,4,17,False,1.0,6,0.9833333333333332,0.9833333333333332,0.9833333333333332,0.9833333333333332,3
2022-06-17 18:00:00+00:00,0.5,15.5,4.4,8,0,4,18,False,3.0,6,0.9811111111111112,0.9811111111111112,0.9811111111111112,0.9811111111111112,3
2022-06-17 19:00:00+00:00,2.8,13.7,5.7,8,0,4,19,False,0.0,6,0.9852777777777774,0.9852777777777774,0.9852777777777774,0.9852777777777774,2
2022-06-17 20:00:00+00:00,2.6,13.9,3.7,8,0,4,20,False,0.0,6,0.981111111111111,0.981111111111111,0.981111111111111,0.981111111111111,0
2022-06-17 21:00:00+00:00,0.3,13.9,4.0,8,0,4,21,False,0.0,6,0.9808333333333332,0.9808333333333332,0.9808333333333332,0.9808333333333332,0
2022-06-17 22:00:00+00:00,1.1,14.1,2.4,8,0,4,22,False,0.0,6,0.9816666666666668,0.9816666666666668,0.9816666666666668,0.9816666666666668,0
2022-06-17 23:00:00+00:00,0.1,14.2,3.2,8,0,4,23,False,0.0,6,0.9869444444444446,0.9869444444444446,0.9869444444444446,0.9869444444444446,0
2022-06-18 00:00:00+00:00,0.0,14.3,2.5,8,0,5,0,False,0.0,6,0.9783333333333332,0.9783333333333332,0.9783333333333332,0.9783333333333332,0
2022-06-18 01:00:00+00:00,0.0,14.2,2.0,8,0,5,1,False,0.0,6,0.964722222222222,0.964722222222222,0.964722222222222,0.964722222222222,1
2022-06-18 02:00:00+00:00,0.0,14.0,1.7,8,0,5,2,False,0.0,6,0.9827777777777776,0.9827777777777776,0.9827777777777776,0.9827777777777776,1
2022-06-18 03:00:00+00:00,0.0,14.0,2.3,8,0,5,3,False,0.0,6,0.9880555555555556,0.9880555555555556,0.9880555555555556,0.9880555555555556,1
2022-06-18 04:00:00+00:00,0.0,13.9,2.0,8,0,5,4,False,0.0,6,0.989444444444444,0.989444444444444,0.989444444444444,0.989444444444444,1
2022-06-18 05:00:00+00:00,0.0,14.0,1.9,8,0,5,5,False,0.0,6,0.9852777777777776,0.9852777777777776,0.9852777777777776,0.9852777777777776,1
2022-06-18 06:00:00+00:00,0.0,14.3,1.8,8,1,5,6,False,0.0,6,0.9888888888888892,0.9888888888888892,0.9888888888888892,0.9888888888888892,1
2022-06-18 07:00:00+00:00,0.0,14.9,1.9,6,1,5,7,False,1.0,6,0.9841666666666667,0.9841666666666667,0.9841666666666667,0.9841666666666667,1
2022-06-18 08:00:00+00:00,0.0,16.3,4.9,6,0,5,8,False,1.0,6,0.9677777777777778,0.9677777777777778,0.9677777777777778,0.9677777777777778,2
2022-06-18 09:00:00+00:00,0.0,16.8,6.2,6,0,5,9,False,0.0,6,0.9911111111111112,0.9911111111111112,0.9911111111111112,0.9911111111111112,1
2022-06-18 10:00:00+00:00,0.0,18.0,5.1,2,1,5,10,False,0.0,6,0.9866666666666664,0.9866666666666664,0.9866666666666664,0.9866666666666664,0
2022-06-18 11:00:00+00:00,0.0,18.7,5.7,2,0,5,11,False,1.0,6,0.985277777777778,0.985277777777778,0.985277777777778,0.985277777777778,0
2022-06-18 12:00:00+00:00,0.0,19.3,5.9,2,1,5,12,False,0.0,6,0.9611111111111112,0.9611111111111112,0.9611111111111112,0.9611111111111112,0
2022-06-18 13:00:00+00:00,0.1,20.1,6.5,2,1,5,13,False,1.0,6,0.9916666666666666,0.9916666666666666,0.9916666666666666,0.9916666666666666,0
2022-06-18 14:00:00+00:00,0.0,20.7,4.6,2,1,5,14,False,1.0,6,0.9994444444444444,0.9994444444444444,0.9994444444444444,0.9994444444444444,0
2022-06-18 15:00:00+00:00,0.0,20.1,5.5,2,1,5,15,False,1.0,6,0.9508333333333328,0.9508333333333328,0.9508333333333328,0.9508333333333328,1
2022-06-18 16:00:00+00:00,0.0,19.8,5.1,5,0,5,16,False,1.0,6,0.9883333333333332,0.9883333333333332,0.9883333333333332,0.9883333333333332,0
2022-06-18 17:00:00+00:00,0.0,20.2,4.9,5,0,5,17,False,0.0,6,0.9913888888888888,0.9913888888888888,0.9913888888888888,0.9913888888888888,0
2022-06-18 18:00:00+00:00,0.0,17.7,5.7,5,0,5,18,False,0.0,6,0.9863888888888888,0.9863888888888888,0.9863888888888888,0.9863888888888888,0
2022-06-18 19:00:00+00:00,0.0,18.0,6.3,6,1,5,19,False,0.0,6,0.982222222222222,0.982222222222222,0.982222222222222,0.982222222222222,0
2022-06-18 20:00:00+00:00,0.0,15.9,5.2,6,1,5,20,False,1.0,6,0.9825,0.9825,0.9825,0.9825,0
2022-06-18 21:00:00+00:00,0.0,14.3,4.0,6,0,5,21,False,1.0,6,0.8225,0.8225,0.8225,0.8225,1
2022-06-18 22:00:00+00:00,0.0,13.1,4.6,1,0,5,22,False,0.0,6,0.985833333333333,0.985833333333333,0.985833333333333,0.985833333333333,0
2022-06-18 23:00:00+00:00,0.0,11.9,1.1,1,0,5,23,False,0.0,6,0.9869444444444444,0.9869444444444444,0.9869444444444444,0.9869444444444444,0
2022-06-19 00:00:00+00:00,0.0,10.2,1.7,1,0,6,0,False,0.0,6,0.9844444444444445,0.9844444444444445,0.9844444444444445,0.9844444444444445,0
2022-06-19 01:00:00+00:00,0.0,9.3,2.0,1,0,6,1,False,0.0,6,0.9888888888888888,0.9888888888888888,0.9888888888888888,0.9888888888888888,1
2022-06-19 02:00:00+00:00,0.0,8.1,2.2,1,0,6,2,False,0.0,6,0.9825,0.9825,0.9825,0.9825,1
2022-06-19 03:00:00+00:00,0.0,7.2,2.9,1,0,6,3,False,0.0,6,0.9969444444444444,0.9969444444444444,0.9969444444444444,0.9969444444444444,1
2022-06-19 04:00:00+00:00,0.0,7.0,2.4,1,0,6,4,False,0.0,6,0.9852777777777776,0.9852777777777776,0.9852777777777776,0.9852777777777776,1
2022-06-19 05:00:00+00:00,0.0,10.2,0.6,1,0,6,5,False,0.0,6,0.981111111111111,0.981111111111111,0.981111111111111,0.981111111111111,1
2022-06-19 06:00:00+00:00,0.0,11.9,0.8,1,0,6,6,False,0.0,6,0.9880555555555556,0.9880555555555556,0.9880555555555556,0.9880555555555556,1
2022-06-19 07:00:00+00:00,0.0,13.6,1.6,1,0,6,7,False,0.0,6,0.981944444444444,0.981944444444444,0.981944444444444,0.981944444444444,1
2022-06-19 08:00:00+00:00,0.0,14.8,2.2,1,0,6,8,False,0.0,6,0.9844444444444442,0.9844444444444442,0.9844444444444442,0.9844444444444442,1
2022-06-19 09:00:00+00:00,0.0,15.8,1.9,1,3,6,9,False,0.0,6,0.9791666666666669,0.9791666666666669,0.9791666666666669,0.9791666666666669,2
2022-06-19 10:00:00+00:00,0.0,16.8,3.0,4,0,6,10,False,3.0,6,0.9869444444444446,0.9869444444444446,0.9869444444444446,0.9869444444444446,2
2022-06-19 11:00:00+00:00,0.0,17.7,3.1,4,0,6,11,False,0.0,6,0.9527777777777778,0.9527777777777778,0.9527777777777778,0.9527777777777778,3
2022-06-19 12:00:00+00:00,0.0,18.1,3.4,4,0,6,12,False,0.0,6,0.9449999999999996,0.9449999999999996,0.9449999999999996,0.9449999999999996,0
2022-06-19 13:00:00+00:00,0.0,18.6,4.8,4,0,6,13,False,0.0,6,0.9850000000000002,0.9850000000000002,0.9850000000000002,0.9850000000000002,0
2022-06-19 14:00:00+00:00,0.0,18.3,3.5,4,0,6,14,False,0.0,6,0.9855555555555556,0.9855555555555556,0.9855555555555556,0.9855555555555556,0
2022-06-19 15:00:00+00:00,0.0,17.4,3.5,4,1,6,15,False,0.0,6,0.9841666666666667,0.9841666666666667,0.9841666666666667,0.9841666666666667,0
2022-06-19 16:00:00+00:00,0.0,17.5,3.3,7,1,6,16,False,1.0,6,0.9808333333333334,0.9808333333333334,0.9808333333333334,0.9808333333333334,2
2022-06-19 17:00:00+00:00,0.0,16.5,4.8,7,2,6,17,False,1.0,6,0.9822222222222224,0.9822222222222224,0.9822222222222224,0.9822222222222224,4
2022-06-19 18:00:00+00:00,0.0,15.6,3.5,7,1,6,18,False,2.0,6,0.9749999999999996,0.9749999999999996,0.9749999999999996,0.9749999999999996,3
2022-06-19 19:00:00+00:00,0.0,15.8,3.5,6,0,6,19,False,1.0,6,0.9977777777777777,0.9977777777777777,0.9977777777777777,0.9977777777777777,2
2022-06-19 20:00:00+00:00,0.0,14.8,2.4,6,0,6,20,False,0.0,6,0.9855555555555556,0.9855555555555556,0.9855555555555556,0.9855555555555556,1
2022-06-19 21:00:00+00:00,0.0,14.4,1.6,6,0,6,21,False,0.0,6,0.9813888888888892,0.9813888888888892,0.9813888888888892,0.9813888888888892,0
2022-06-19 22:00:00+00:00,0.0,13.3,1.2,5,0,6,22,False,0.0,6,0.9825000000000002,0.9825000000000002,0.9825000000000002,0.9825000000000002,0
2022-06-19 23:00:00+00:00,0.0,12.6,0.7,5,0,6,23,False,0.0,6,0.9633333333333336,0.9633333333333336,0.9633333333333336,0.9633333333333336,0
2022-06-20 00:00:00+00:00,0.0,11.7,2.0,5,0,0,0,False,0.0,6,0.9874999999999996,0.9874999999999996,0.9874999999999996,0.9874999999999996,1
2022-06-20 01:00:00+00:00,0.0,11.2,1.8,5,0,0,1,False,0.0,6,0.9849999999999998,0.9849999999999998,0.9849999999999998,0.9849999999999998,1
2022-06-20 02:00:00+00:00,0.0,10.1,1.4,5,0,0,2,False,0.0,6,0.9883333333333332,0.9883333333333332,0.9883333333333332,0.9883333333333332,1
2022-06-20 03:00:00+00:00,0.0,9.7,1.8,5,0,0,3,False,0.0,6,0.9816666666666666,0.9816666666666666,0.9816666666666666,0.9816666666666666,1
2022-06-20 04:00:00+00:00,0.0,10.7,1.3,5,1,0,4,False,0.0,6,0.9858333333333332,0.9858333333333332,0.9858333333333332,0.9858333333333332,1
2022-06-20 05:00:00+00:00,0.0,12.8,2.8,5,1,0,5,False,1.0,6,0.946111111111111,0.946111111111111,0.946111111111111,0.946111111111111,1
2022-06-20 06:00:00+00:00,0.0,13.9,3.4,5,0,0,6,False,1.0,6,0.9866666666666666,0.9866666666666666,0.9866666666666666,0.9866666666666666,1
2022-06-20 07:00:00+00:00,0.0,15.0,3.6,6,0,0,7,False,0.0,6,0.9994444444444446,0.9994444444444446,0.9994444444444446,0.9994444444444446,0
2022-06-20 08:00:00+00:00,0.0,16.7,3.5,6,0,0,8,False,0.0,6,0.9730555555555556,0.9730555555555556,0.9730555555555556,0.9730555555555556,0
2022-06-20 09:00:00+00:00,0.0,19.0,1.2,6,0,0,9,False,0.0,6,0.9911111111111112,0.9911111111111112,0.9911111111111112,0.9911111111111112,0
2022-06-20 10:00:00+00:00,0.0,17.7,2.5,4,1,0,10,False,0.0,6,0.985277777777778,0.985277777777778,0.985277777777778,0.985277777777778,0
2022-06-20 11:00:00+00:00,0.0,20.5,3.3,4,0,0,11,False,1.0,6,0.9838888888888886,0.9838888888888886,0.9838888888888886,0.9838888888888886,0
2022-06-20 12:00:00+00:00,0.0,20.3,1.8,4,0,0,12,False,0.0,6,0.9816666666666668,0.9816666666666668,0.9816666666666668,0.9816666666666668,0
2022-06-20 13:00:00+00:00,0.0,21.4,2.4,1,0,0,13,False,0.0,6,0.9850000000000004,0.9850000000000004,0.9850000000000004,0.9850000000000004,0
2022-06-20 14:00:00+00:00,0.0,22.2,3.8,1,1,0,14,False,0.0,6,0.982222222222222,0.982222222222222,0.982222222222222,0.982222222222222,0
2022-06-20 15:00:00+00:00,0.0,23.3,2.0,1,0,0,15,False,1.0,6,0.9813888888888884,0.9813888888888884,0.9813888888888884,0.9813888888888884,0
2022-06-20 16:00:00+00:00,0.0,22.3,2.9,1,0,0,16,False,0.0,6,0.9877777777777774,0.9877777777777774,0.9877777777777774,0.9877777777777774,1
2022-06-20 17:00:00+00:00,0.0,23.3,2.1,1,1,0,17,False,0.0,6,0.9875,0.9875,0.9875,0.9875,0
2022-06-20 18:00:00+00:00,0.0,22.4,3.7,1,0,0,18,False,1.0,6,0.9997222222222224,0.9997222222222224,0.9997222222222224,0.9997222222222224,0
2022-06-20 19:00:00+00:00,0.0,21.4,4.1,1,0,0,19,False,0.0,6,0.9825000000000002,0.9825000000000002,0.9825000000000002,0.9825000000000002,0
2022-06-20 20:00:00+00:00,0.0,19.3,4.4,1,0,0,20,False,0.0,6,0.9991666666666666,0.9991666666666666,0.9991666666666666,0.9991666666666666,0
2022-06-20 21:00:00+00:00,0.0,18.1,3.0,1,1,0,21,False,0.0,6,0.9888888888888888,0.9888888888888888,0.9888888888888888,0.9888888888888888,0
2022-06-20 22:00:00+00:00,0.0,16.1,2.2,2,1,0,22,False,1.0,6,0.991944444444444,0.991944444444444,0.991944444444444,0.991944444444444,2
2022-06-20 23:00:00+00:00,0.0,15.7,1.8,2,0,0,23,False,1.0,6,0.9858333333333336,0.9858333333333336,0.9858333333333336,0.9858333333333336,3
2022-06-21 00:00:00+00:00,0.0,14.5,2.0,2,0,1,0,False,0.0,6,0.9838888888888888,0.9838888888888888,0.9838888888888888,0.9838888888888888,2
2022-06-21 01:00:00+00:00,0.0,12.2,0.4,2,0,1,1,False,0.0,6,0.9802777777777772,0.9802777777777772,0.9802777777777772,0.9802777777777772,1
2022-06-21 02:00:00+00:00,0.0,10.9,0.8,2,0,1,2,False,0.0,6,0.9813888888888886,0.9813888888888886,0.9813888888888886,0.9813888888888886,1
2022-06-21 03:00:00+00:00,0.0,10.3,1.3,2,0,1,3,False,0.0,6,0.9680555555555554,0.9680555555555554,0.9680555555555554,0.9680555555555554,1
2022-06-21 04:00:00+00:00,0.0,10.0,1.5,2,1,1,4,False,0.0,6,0.9836111111111108,0.9836111111111108,0.9836111111111108,0.9836111111111108,1
2022-06-21 05:00:00+00:00,0.0,12.3,2.1,2,0,1,5,False,1.0,6,0.9827777777777776,0.9827777777777776,0.9827777777777776,0.9827777777777776,1
2022-06-21 06:00:00+00:00,0.0,15.7,0.3,2,0,1,6,False,0.0,6,0.9847222222222224,0.9847222222222224,0.9847222222222224,0.9847222222222224,1
2022-06-21 07:00:00+00:00,0.0,16.7,1.5,5,0,1,7,False,0.0,6,0.9808333333333332,0.9808333333333332,0.9808333333333332,0.9808333333333332,0
2022-06-21 08:00:00+00:00,0.0,17.6,1.3,5,0,1,8,False,0.0,6,0.9811111111111112,0.9811111111111112,0.9811111111111112,0.9811111111111112,0
2022-06-21 09:00:00+00:00,0.0,17.4,1.6,5,0,1,9,False,0.0,6,0.9855555555555554,0.9855555555555554,0.9855555555555554,0.9855555555555554,0
2022-06-21 10:00:00+00:00,0.0,19.7,1.9,6,1,1,10,False,0.0,6,0.9855555555555552,0.9855555555555552,0.9855555555555552,0.9855555555555552,0
2022-06-21 11:00:00+00:00,0.0,18.5,2.4,6,0,1,11,False,1.0,6,0.9877777777777778,0.9877777777777778,0.9877777777777778,0.9877777777777778,0
2022-06-21 12:00:00+00:00,0.0,18.2,1.9,6,0,1,12,False,0.0,6,0.9988888888888886,0.9988888888888886,0.9988888888888886,0.9988888888888886,1
2022-06-21 13:00:00+00:00,0.1,18.4,2.7,8,0,1,13,False,0.0,6,0.9544444444444444,0.9544444444444444,0.9544444444444444,0.9544444444444444,0
2022-06-21 14:00:00+00:00,0.0,18.5,1.7,8,4,1,14,False,0.0,6,0.9802777777777776,0.9802777777777776,0.9802777777777776,0.9802777777777776,0
2022-06-21 15:00:00+00:00,0.0,19.0,3.4,8,0,1,15,False,4.0,6,0.9805555555555552,0.9805555555555552,0.9805555555555552,0.9805555555555552,0
2022-06-21 16:00:00+00:00,0.0,19.9,2.6,7,0,1,16,False,0.0,6,0.985277777777778,0.985277777777778,0.985277777777778,0.985277777777778,18
2022-06-21 17:00:00+00:00,0.0,19.9,2.8,7,0,1,17,False,0.0,6,0.9924999999999996,0.9924999999999996,0.9924999999999996,0.9924999999999996,15
2022-06-21 18:00:00+00:00,0.0,18.9,2.8,7,1,1,18,False,0.0,6,0.9822222222222224,0.9822222222222224,0.9822222222222224,0.9822222222222224,16
2022-06-21 19:00:00+00:00,0.0,18.5,2.1,8,0,1,19,False,1.0,6,0.9797222222222224,0.9797222222222224,0.9797222222222224,0.9797222222222224,16
2022-06-21 20:00:00+00:00,0.0,18.0,3.4,8,0,1,20,False,0.0,6,0.998888888888889,0.998888888888889,0.998888888888889,0.998888888888889,16
2022-06-21 21:00:00+00:00,0.1,16.3,2.0,8,0,1,21,False,0.0,6,0.9963888888888892,0.9963888888888892,0.9963888888888892,0.9963888888888892,16
2022-06-21 22:00:00+00:00,0.0,15.7,0.5,7,0,1,22,False,0.0,6,0.9869444444444444,0.9869444444444444,0.9869444444444444,0.9869444444444444,16
2022-06-21 23:00:00+00:00,0.0,15.1,0.4,7,0,1,23,False,0.0,6,0.9688888888888888,0.9688888888888888,0.9688888888888888,0.9688888888888888,16
2022-06-22 00:00:00+00:00,0.0,14.8,1.6,7,0,2,0,False,0.0,6,0.987777777777778,0.987777777777778,0.987777777777778,0.987777777777778,16
2022-06-22 01:00:00+00:00,0.0,14.4,1.8,7,0,2,1,False,0.0,6,0.9822222222222224,0.9822222222222224,0.9822222222222224,0.9822222222222224,17
2022-06-22 02:00:00+00:00,0.0,14.4,2.2,7,0,2,2,False,0.0,6,0.972222222222222,0.972222222222222,0.972222222222222,0.972222222222222,17
2022-06-22 03:00:00+00:00,0.0,15.0,2.4,7,0,2,3,False,0.0,6,0.9822222222222226,0.9822222222222226,0.9822222222222226,0.9822222222222226,17
2022-06-22 04:00:00+00:00,0.0,15.1,2.2,7,0,2,4,False,0.0,6,0.9525,0.9525,0.9525,0.9525,17
2022-06-22 05:00:00+00:00,0.0,15.5,2.4,7,4,2,5,False,0.0,6,0.973611111111111,0.973611111111111,0.973611111111111,0.973611111111111,17
2022-06-22 06:00:00+00:00,0.0,15.9,3.5,7,5,2,6,False,4.0,6,0.9883333333333332,0.9883333333333332,0.9883333333333332,0.9883333333333332,17
2022-06-22 07:00:00+00:00,0.0,16.2,4.1,5,6,2,7,False,5.0,6,0.982222222222222,0.982222222222222,0.982222222222222,0.982222222222222,17
2022-06-22 08:00:00+00:00,0.0,16.9,3.4,5,1,2,8,False,6.0,6,0.9508333333333334,0.9508333333333334,0.9508333333333334,0.9508333333333334,13
2022-06-22 09:00:00+00:00,0.0,18.0,2.3,5,0,2,9,False,1.0,6,0.9769444444444444,0.9769444444444444,0.9769444444444444,0.9769444444444444,9
2022-06-22 10:00:00+00:00,0.0,19.0,1.3,5,2,2,10,False,0.0,6,0.979722222222222,0.979722222222222,0.979722222222222,0.979722222222222,3
2022-06-22 11:00:00+00:00,0.0,21.6,1.5,5,2,2,11,False,2.0,6,0.9819444444444446,0.9819444444444446,0.9819444444444446,0.9819444444444446,2
2022-06-22 12:00:00+00:00,0.0,19.9,1.7,5,0,2,12,False,2.0,6,0.9858333333333332,0.9858333333333332,0.9858333333333332,0.9858333333333332,2
2022-06-22 13:00:00+00:00,0.0,20.8,2.4,7,0,2,13,False,0.0,6,0.9344444444444446,0.9344444444444446,0.9344444444444446,0.9344444444444446,1
2022-06-22 14:00:00+00:00,0.0,20.8,2.8,7,0,2,14,False,0.0,6,0.9936111111111112,0.9936111111111112,0.9936111111111112,0.9936111111111112,0
2022-06-22 15:00:00+00:00,0.0,21.4,2.9,7,1,2,15,False,0.0,6,0.9844444444444442,0.9844444444444442,0.9844444444444442,0.9844444444444442,0
2022-06-22 16:00:00+00:00,0.0,20.6,5.0,7,2,2,16,False,1.0,6,0.9500000000000002,0.9500000000000002,0.9500000000000002,0.9500000000000002,0
2022-06-22 17:00:00+00:00,0.0,19.7,3.9,7,1,2,17,False,2.0,6,0.9836111111111108,0.9836111111111108,0.9836111111111108,0.9836111111111108,2
2022-06-22 18:00:00+00:00,0.0,18.9,4.1,7,1,2,18,False,1.0,6,0.9827777777777776,0.9827777777777776,0.9827777777777776,0.9827777777777776,2
2022-06-22 19:00:00+00:00,0.0,18.2,4.6,8,0,2,19,False,1.0,6,0.9727777777777776,0.9727777777777776,0.9727777777777776,0.9727777777777776,0
2022-06-22 20:00:00+00:00,0.0,17.7,2.9,8,0,2,20,False,0.0,6,0.9836111111111112,0.9836111111111112,0.9836111111111112,0.9836111111111112,2
2022-06-22 21:00:00+00:00,0.0,17.0,2.1,8,2,2,21,False,0.0,6,0.9861111111111114,0.9861111111111114,0.9861111111111114,0.9861111111111114,1
2022-06-22 22:00:00+00:00,0.0,16.3,2.2,7,0,2,22,False,2.0,6,0.9902777777777778,0.9902777777777778,0.9902777777777778,0.9902777777777778,2
2022-06-22 23:00:00+00:00,0.0,16.0,2.5,7,0,2,23,False,0.0,6,0.9830555555555556,0.9830555555555556,0.9830555555555556,0.9830555555555556,5
2022-06-23 00:00:00+00:00,0.0,15.5,1.9,7,0,3,0,False,0.0,6,0.994722222222222,0.994722222222222,0.994722222222222,0.994722222222222,3
2022-06-23 01:00:00+00:00,0.0,15.3,2.1,7,0,3,1,False,0.0,6,0.9855555555555556,0.9855555555555556,0.9855555555555556,0.9855555555555556,3
2022-06-23 02:00:00+00:00,0.0,14.7,1.3,7,0,3,2,False,0.0,6,0.9927777777777776,0.9927777777777776,0.9927777777777776,0.9927777777777776,3
2022-06-23 03:00:00+00:00,0.0,14.4,1.0,7,0,3,3,False,0.0,6,0.9866666666666666,0.9866666666666666,0.9866666666666666,0.9866666666666666,3
2022-06-23 04:00:00+00:00,0.0,14.6,2.1,7,0,3,4,False,0.0,6,0.9827777777777778,0.9827777777777778,0.9827777777777778,0.9827777777777778,3
2022-06-23 05:00:00+00:00,0.0,14.4,1.9,7,0,3,5,False,0.0,6,0.9822222222222222,0.9822222222222222,0.9822222222222222,0.9822222222222222,3
2022-06-23 06:00:00+00:00,0.0,16.0,1.9,7,3,3,6,False,0.0,6,0.9894444444444443,0.9894444444444443,0.9894444444444443,0.9894444444444443,3
2022-06-23 07:00:00+00:00,0.0,17.2,2.2,4,1,3,7,False,3.0,6,0.9775000000000004,0.9775000000000004,0.9775000000000004,0.9775000000000004,3
2022-06-23 08:00:00+00:00,0.0,19.2,2.9,4,0,3,8,False,1.0,6,0.9875,0.9875,0.9875,0.9875,3
2022-06-23 09:00:00+00:00,0.0,20.5,4.0,4,0,3,9,False,0.0,6,0.9855555555555552,0.9855555555555552,0.9855555555555552,0.9855555555555552,0
2022-06-23 10:00:00+00:00,0.0,21.3,4.1,3,0,3,10,False,0.0,6,0.9880555555555556,0.9880555555555556,0.9880555555555556,0.9880555555555556,0
2022-06-23 11:00:00+00:00,0.0,22.6,3.8,3,2,3,11,False,0.0,6,0.9786111111111112,0.9786111111111112,0.9786111111111112,0.9786111111111112,0
2022-06-23 12:00:00+00:00,0.0,24.4,3.7,3,0,3,12,False,2.0,6,0.9297222222222222,0.9297222222222222,0.9297222222222222,0.9297222222222222,0
2022-06-23 13:00:00+00:00,0.0,24.8,4.2,2,3,3,13,False,0.0,6,0.9833333333333332,0.9833333333333332,0.9833333333333332,0.9833333333333332,0
2022-06-23 14:00:00+00:00,0.0,25.1,4.4,2,1,3,14,False,3.0,6,0.9819444444444444,0.9819444444444444,0.9819444444444444,0.9819444444444444,0
2022-06-23 15:00:00+00:00,0.0,23.2,4.9,2,3,3,15,False,1.0,6,0.9827777777777776,0.9827777777777776,0.9827777777777776,0.9827777777777776,2
2022-06-23 16:00:00+00:00,0.0,21.4,5.4,2,2,3,16,False,3.0,6,0.9816666666666668,0.9816666666666668,0.9816666666666668,0.9816666666666668,3
2022-06-23 17:00:00+00:00,0.0,21.7,5.4,2,0,3,17,False,2.0,6,0.9872222222222224,0.9872222222222224,0.9872222222222224,0.9872222222222224,3
2022-06-23 18:00:00+00:00,0.0,20.7,4.7,2,0,3,18,False,0.0,6,0.9941666666666668,0.9941666666666668,0.9941666666666668,0.9941666666666668,2
2022-06-23 19:00:00+00:00,0.0,19.0,4.0,1,0,3,19,False,0.0,6,0.9550000000000002,0.9550000000000002,0.9550000000000002,0.9550000000000002,0
2022-06-23 20:00:00+00:00,0.0,17.3,5.1,1,0,3,20,False,0.0,6,0.9691666666666664,0.9691666666666664,0.9691666666666664,0.9691666666666664,0
2022-06-23 21:00:00+00:00,0.0,16.6,4.0,1,0,3,21,False,0.0,6,0.9847222222222222,0.9847222222222222,0.9847222222222222,0.9847222222222222,0
2022-06-23 22:00:00+00:00,0.0,16.1,3.8,8,0,3,22,False,0.0,6,0.9827777777777776,0.9827777777777776,0.9827777777777776,0.9827777777777776,0
2022-06-23 23:00:00+00:00,0.0,15.7,3.5,8,0,3,23,False,0.0,6,0.9805555555555554,0.9805555555555554,0.9805555555555554,0.9805555555555554,0
2022-06-24 00:00:00+00:00,0.0,15.5,3.2,8,0,4,0,False,0.0,6,0.9158333333333332,0.9158333333333332,0.9158333333333332,0.9158333333333332,0
2022-06-24 01:00:00+00:00,0.0,15.2,3.4,8,0,4,1,False,0.0,6,0.9838888888888888,0.9838888888888888,0.9838888888888888,0.9838888888888888,0
2022-06-24 02:00:00+00:00,0.0,15.2,2.2,8,0,4,2,False,0.0,6,0.9991666666666664,0.9991666666666664,0.9991666666666664,0.9991666666666664,0
2022-06-24 03:00:00+00:00,0.0,15.3,3.0,8,0,4,3,False,0.0,6,0.965,0.965,0.965,0.965,0
2022-06-24 04:00:00+00:00,0.0,15.4,2.5,8,0,4,4,False,0.0,6,0.9858333333333332,0.9858333333333332,0.9858333333333332,0.9858333333333332,0
2022-06-24 05:00:00+00:00,0.0,15.5,1.8,8,0,4,5,False,0.0,6,0.9849999999999998,0.9849999999999998,0.9849999999999998,0.9849999999999998,0
2022-06-24 06:00:00+00:00,0.0,15.6,1.4,8,1,4,6,False,0.0,6,0.9161111111111112,0.9161111111111112,0.9161111111111112,0.9161111111111112,0
2022-06-24 07:00:00+00:00,0.0,15.8,1.7,8,1,4,7,False,1.0,6,0.9994444444444444,0.9994444444444444,0.9994444444444444,0.9994444444444444,0
2022-06-24 08:00:00+00:00,0.0,16.6,1.2,8,1,4,8,False,1.0,6,0.96,0.96,0.96,0.96,0
2022-06-24 09:00:00+00:00,0.0,19.3,1.1,8,2,4,9,False,1.0,6,0.9752777777777778,0.9752777777777778,0.9752777777777778,0.9752777777777778,1
2022-06-24 10:00:00+00:00,0.0,21.4,1.6,3,0,4,10,False,2.0,6,0.9872222222222222,0.9872222222222222,0.9872222222222222,0.9872222222222222,0
2022-06-24 11:00:00+00:00,0.0,22.4,3.1,3,2,4,11,False,0.0,6,0.9858333333333332,0.9858333333333332,0.9858333333333332,0.9858333333333332,1
2022-06-24 12:00:00+00:00,0.0,23.5,3.3,3,1,4,12,False,2.0,6,0.9858333333333332,0.9858333333333332,0.9858333333333332,0.9858333333333332,0
2022-06-24 13:00:00+00:00,0.0,25.2,2.6,3,0,4,13,False,1.0,6,0.9875,0.9875,0.9875,0.9875,1
2022-06-24 14:00:00+00:00,0.0,25.3,3.1,3,0,4,14,False,0.0,6,0.9947222222222224,0.9947222222222224,0.9947222222222224,0.9947222222222224,0
2022-06-24 15:00:00+00:00,0.0,26.1,2.9,3,0,4,15,False,0.0,6,1.0,1.0,1.0,1.0,0
2022-06-24 16:00:00+00:00,0.0,26.2,2.6,1,0,4,16,False,0.0,6,0.985,0.985,0.985,0.985,0
2022-06-24 17:00:00+00:00,0.0,25.9,1.4,1,1,4,17,False,0.0,6,0.9827777777777774,0.9827777777777774,0.9827777777777774,0.9827777777777774,0
2022-06-24 18:00:00+00:00,0.0,26.1,1.1,1,0,4,18,False,1.0,6,1.0,1.0,1.0,1.0,0
2022-06-24 19:00:00+00:00,0.0,25.9,2.4,1,0,4,19,False,0.0,6,0.983611111111111,0.983611111111111,0.983611111111111,0.983611111111111,0
2022-06-24 20:00:00+00:00,0.0,23.8,1.9,1,0,4,20,False,0.0,6,0.985,0.985,0.985,0.985,0
2022-06-24 21:00:00+00:00,0.0,22.4,0.3,1,0,4,21,False,0.0,6,0.964722222222222,0.964722222222222,0.964722222222222,0.964722222222222,0
2022-06-24 22:00:00+00:00,0.0,19.7,2.4,1,1,4,22,False,0.0,6,0.9816666666666666,0.9816666666666666,0.9816666666666666,0.9816666666666666,1
2022-06-24 23:00:00+00:00,0.0,18.8,2.3,1,0,4,23,False,1.0,6,0.9949999999999998,0.9949999999999998,0.9949999999999998,0.9949999999999998,2
2022-06-25 00:00:00+00:00,0.0,17.8,2.3,1,0,5,0,False,0.0,6,0.9838888888888891,0.9838888888888891,0.9838888888888891,0.9838888888888891,2
2022-06-25 01:00:00+00:00,0.0,17.0,1.6,1,0,5,1,False,0.0,6,0.8713888888888889,0.8713888888888889,0.8713888888888889,0.8713888888888889,1
2022-06-25 02:00:00+00:00,0.0,16.8,1.4,1,0,5,2,False,0.0,6,0.9908333333333338,0.9908333333333338,0.9908333333333338,0.9908333333333338,2
2022-06-25 03:00:00+00:00,0.0,16.9,3.3,1,0,5,3,False,0.0,6,0.9900000000000002,0.9900000000000002,0.9900000000000002,0.9900000000000002,2
2022-06-25 04:00:00+00:00,0.0,16.6,2.6,1,0,5,4,False,0.0,6,0.9877777777777778,0.9877777777777778,0.9877777777777778,0.9877777777777778,2
2022-06-25 05:00:00+00:00,0.1,17.9,2.8,1,1,5,5,False,0.0,6,0.9822222222222226,0.9822222222222226,0.9822222222222226,0.9822222222222226,2
2022-06-25 06:00:00+00:00,0.1,21.0,1.9,1,0,5,6,False,1.0,6,0.9630555555555558,0.9630555555555558,0.9630555555555558,0.9630555555555558,2
2022-06-25 07:00:00+00:00,0.0,22.6,2.2,5,0,5,7,False,0.0,6,0.9863888888888888,0.9863888888888888,0.9863888888888888,0.9863888888888888,2
2022-06-25 08:00:00+00:00,0.0,23.2,2.9,5,1,5,8,False,0.0,6,0.939722222222222,0.939722222222222,0.939722222222222,0.939722222222222,1
2022-06-25 09:00:00+00:00,0.0,24.6,2.1,5,0,5,9,False,1.0,6,0.9858333333333336,0.9858333333333336,0.9858333333333336,0.9858333333333336,1
2022-06-25 10:00:00+00:00,0.0,26.3,3.7,4,2,5,10,False,0.0,6,0.987222222222222,0.987222222222222,0.987222222222222,0.987222222222222,1
2022-06-25 11:00:00+00:00,0.0,26.0,3.5,4,1,5,11,False,2.0,6,0.9472222222222222,0.9472222222222222,0.9472222222222222,0.9472222222222222,0
2022-06-25 12:00:00+00:00,0.0,26.9,2.9,4,0,5,12,False,1.0,6,0.88,0.88,0.88,0.88,3
2022-06-25 13:00:00+00:00,0.0,28.0,2.5,6,0,5,13,False,0.0,6,0.9655555555555556,0.9655555555555556,0.9655555555555556,0.9655555555555556,1
2022-06-25 14:00:00+00:00,0.0,26.8,3.6,6,0,5,14,False,0.0,6,0.9861111111111108,0.9861111111111108,0.9861111111111108,0.9861111111111108,0
2022-06-25 15:00:00+00:00,0.0,25.5,3.5,6,3,5,15,False,0.0,6,0.8483333333333333,0.8483333333333333,0.8483333333333333,0.8483333333333333,0
2022-06-25 16:00:00+00:00,0.0,25.9,4.2,6,1,5,16,False,3.0,6,0.9963888888888884,0.9963888888888884,0.9963888888888884,0.9963888888888884,1
2022-06-25 17:00:00+00:00,0.0,25.9,3.2,6,0,5,17,False,1.0,6,0.981388888888889,0.981388888888889,0.981388888888889,0.981388888888889,1
2022-06-25 18:00:00+00:00,0.0,26.1,2.5,6,0,5,18,False,0.0,6,0.9880555555555556,0.9880555555555556,0.9880555555555556,0.9880555555555556,0
2022-06-25 19:00:00+00:00,0.0,24.8,2.6,6,0,5,19,False,0.0,6,0.9944444444444444,0.9944444444444444,0.9944444444444444,0.9944444444444444,1
2022-06-25 20:00:00+00:00,0.0,23.6,1.5,6,2,5,20,False,0.0,6,0.9844444444444442,0.9844444444444442,0.9844444444444442,0.9844444444444442,1
2022-06-25 21:00:00+00:00,0.0,22.7,1.5,6,0,5,21,False,2.0,6,0.984444444444445,0.984444444444445,0.984444444444445,0.984444444444445,1
2022-06-25 22:00:00+00:00,0.0,20.8,2.3,7,0,5,22,False,0.0,6,0.9863888888888888,0.9863888888888888,0.9863888888888888,0.9863888888888888,1
2022-06-25 23:00:00+00:00,0.0,19.4,1.3,7,0,5,23,False,0.0,6,0.9827777777777778,0.9827777777777778,0.9827777777777778,0.9827777777777778,1
2022-06-26 00:00:00+00:00,0.0,18.2,1.3,7,0,6,0,False,0.0,6,0.9891666666666667,0.9891666666666667,0.9891666666666667,0.9891666666666667,1
2022-06-26 01:00:00+00:00,0.0,17.9,2.0,7,0,6,1,False,0.0,6,0.9875,0.9875,0.9875,0.9875,2
2022-06-26 02:00:00+00:00,0.0,17.7,0.5,7,0,6,2,False,0.0,6,0.9730555555555556,0.9730555555555556,0.9730555555555556,0.9730555555555556,3
2022-06-26 03:00:00+00:00,0.2,18.0,0.7,7,0,6,3,False,0.0,6,0.9880555555555556,0.9880555555555556,0.9880555555555556,0.9880555555555556,3
2022-06-26 04:00:00+00:00,2.2,17.3,2.0,7,0,6,4,False,0.0,6,0.9863888888888888,0.9863888888888888,0.9863888888888888,0.9863888888888888,3
2022-06-26 05:00:00+00:00,0.0,17.4,2.1,7,0,6,5,False,0.0,6,0.9841666666666662,0.9841666666666662,0.9841666666666662,0.9841666666666662,3
2022-06-26 06:00:00+00:00,0.0,18.3,1.1,7,1,6,6,False,0.0,6,0.7350000000000001,0.7350000000000001,0.7350000000000001,0.7350000000000001,3
2022-06-26 07:00:00+00:00,0.0,19.4,1.2,7,0,6,7,False,1.0,6,0.9886111111111108,0.9886111111111108,0.9886111111111108,0.9886111111111108,3
2022-06-26 08:00:00+00:00,0.0,21.2,0.9,7,1,6,8,False,0.0,6,0.9805555555555556,0.9805555555555556,0.9805555555555556,0.9805555555555556,3
2022-06-26 09:00:00+00:00,0.0,22.4,2.1,7,1,6,9,False,1.0,6,0.984722222222222,0.984722222222222,0.984722222222222,0.984722222222222,2
2022-06-26 10:00:00+00:00,0.0,23.0,1.6,8,0,6,10,False,1.0,6,0.9999999999999998,0.9999999999999998,0.9999999999999998,0.9999999999999998,2
2022-06-26 11:00:00+00:00,0.0,24.3,1.1,8,0,6,11,False,0.0,6,0.975,0.975,0.975,0.975,2
2022-06-26 12:00:00+00:00,2.8,20.7,1.8,8,2,6,12,False,0.0,6,0.9830555555555556,0.9830555555555556,0.9830555555555556,0.9830555555555556,2
2022-06-26 13:00:00+00:00,0.1,21.8,3.2,7,1,6,13,False,2.0,6,0.9841666666666666,0.9841666666666666,0.9841666666666666,0.9841666666666666,2
2022-06-26 14:00:00+00:00,0.0,21.4,1.7,7,0,6,14,False,1.0,6,0.9708333333333332,0.9708333333333332,0.9708333333333332,0.9708333333333332,2
2022-06-26 15:00:00+00:00,0.1,20.9,1.4,7,0,6,15,False,0.0,6,0.985,0.985,0.985,0.985,0
2022-06-26 16:00:00+00:00,0.6,19.9,1.6,7,0,6,16,False,0.0,6,0.979722222222222,0.979722222222222,0.979722222222222,0.979722222222222,1
2022-06-26 17:00:00+00:00,3.8,18.6,1.6,7,0,6,17,False,0.0,6,0.985555555555556,0.985555555555556,0.985555555555556,0.985555555555556,2
2022-06-26 18:00:00+00:00,2.0,18.5,2.8,7,4,6,18,False,0.0,6,0.9905555555555552,0.9905555555555552,0.9905555555555552,0.9905555555555552,2
2022-06-26 19:00:00+00:00,1.1,18.2,2.3,7,0,6,19,False,4.0,6,0.9302777777777776,0.9302777777777776,0.9302777777777776,0.9302777777777776,4
2022-06-26 20:00:00+00:00,0.0,18.6,3.0,7,0,6,20,False,0.0,6,0.9861111111111108,0.9861111111111108,0.9861111111111108,0.9861111111111108,4
2022-06-26 21:00:00+00:00,0.0,18.1,2.2,7,0,6,21,False,0.0,6,0.980833333333333,0.980833333333333,0.980833333333333,0.980833333333333,0
2022-06-26 22:00:00+00:00,0.0,17.2,2.8,4,0,6,22,False,0.0,6,0.9219444444444445,0.9219444444444445,0.9219444444444445,0.9219444444444445,0
2022-06-26 23:00:00+00:00,0.0,16.9,2.2,4,0,6,23,False,0.0,6,0.981388888888889,0.981388888888889,0.981388888888889,0.981388888888889,0
2022-06-27 00:00:00+00:00,0.0,16.1,2.2,4,0,0,0,False,0.0,6,0.9838888888888888,0.9838888888888888,0.9838888888888888,0.9838888888888888,0
2022-06-27 01:00:00+00:00,0.0,16.1,2.9,4,0,0,1,False,0.0,6,0.969166666666667,0.969166666666667,0.969166666666667,0.969166666666667,0
2022-06-27 02:00:00+00:00,0.0,16.2,2.9,4,0,0,2,False,0.0,6,0.9822222222222224,0.9822222222222224,0.9822222222222224,0.9822222222222224,0
2022-06-27 03:00:00+00:00,0.0,16.1,2.0,4,0,0,3,False,0.0,6,0.9716666666666668,0.9716666666666668,0.9716666666666668,0.9716666666666668,0
2022-06-27 04:00:00+00:00,0.0,16.9,1.6,4,0,0,4,False,0.0,6,0.9858333333333336,0.9858333333333336,0.9858333333333336,0.9858333333333336,0
2022-06-27 05:00:00+00:00,0.0,17.0,1.3,4,2,0,5,False,0.0,6,0.9805555555555556,0.9805555555555556,0.9805555555555556,0.9805555555555556,0
2022-06-27 06:00:00+00:00,0.0,17.0,1.2,4,0,0,6,False,2.0,6,0.9974999999999996,0.9974999999999996,0.9974999999999996,0.9974999999999996,0
2022-06-27 07:00:00+00:00,0.0,16.9,0.8,8,1,0,7,False,0.0,6,0.9919444444444446,0.9919444444444446,0.9919444444444446,0.9919444444444446,1
2022-06-27 08:00:00+00:00,0.0,17.3,0.7,8,0,0,8,False,1.0,6,0.9852777777777776,0.9852777777777776,0.9852777777777776,0.9852777777777776,0
2022-06-27 09:00:00+00:00,0.0,18.5,1.4,8,0,0,9,False,0.0,6,0.9825,0.9825,0.9825,0.9825,0
2022-06-27 10:00:00+00:00,0.0,19.3,2.7,7,1,0,10,False,0.0,6,0.983888888888889,0.983888888888889,0.983888888888889,0.983888888888889,0
2022-06-27 11:00:00+00:00,0.7,19.0,3.0,7,1,0,11,False,1.0,6,0.9852777777777778,0.9852777777777778,0.9852777777777778,0.9852777777777778,1
2022-06-27 12:00:00+00:00,13.8,18.0,2.3,7,0,0,12,False,1.0,6,0.9819444444444444,0.9819444444444444,0.9819444444444444,0.9819444444444444,1
2022-06-27 13:00:00+00:00,0.0,19.5,0.7,8,4,0,13,False,0.0,6,0.9847222222222224,0.9847222222222224,0.9847222222222224,0.9847222222222224,0
2022-06-27 14:00:00+00:00,0.0,20.4,0.8,8,0,0,14,False,4.0,6,0.9686111111111108,0.9686111111111108,0.9686111111111108,0.9686111111111108,0
2022-06-27 15:00:00+00:00,0.0,20.6,1.2,8,2,0,15,False,0.0,6,0.9838888888888888,0.9838888888888888,0.9838888888888888,0.9838888888888888,2
2022-06-27 16:00:00+00:00,0.0,21.8,1.0,8,0,0,16,False,2.0,6,0.9869444444444444,0.9869444444444444,0.9869444444444444,0.9869444444444444,0
2022-06-27 17:00:00+00:00,0.6,19.6,2.3,8,0,0,17,False,0.0,6,0.9788888888888888,0.9788888888888888,0.9788888888888888,0.9788888888888888,0
2022-06-27 18:00:00+00:00,0.0,19.5,1.1,8,0,0,18,False,0.0,6,0.9805555555555556,0.9805555555555556,0.9805555555555556,0.9805555555555556,0
2022-06-27 19:00:00+00:00,0.0,20.8,1.7,7,0,0,19,False,0.0,6,0.9897222222222224,0.9897222222222224,0.9897222222222224,0.9897222222222224,0
2022-06-27 20:00:00+00:00,1.5,20.2,2.3,7,0,0,20,False,0.0,6,0.9844444444444446,0.9844444444444446,0.9844444444444446,0.9844444444444446,2
2022-06-27 21:00:00+00:00,1.5,18.5,3.3,7,0,0,21,False,0.0,6,0.9855555555555556,0.9855555555555556,0.9855555555555556,0.9855555555555556,2
2022-06-27 22:00:00+00:00,1.7,18.1,1.8,8,0,0,22,False,0.0,6,0.9836111111111108,0.9836111111111108,0.9836111111111108,0.9836111111111108,2
2022-06-27 23:00:00+00:00,0.0,18.2,0.6,8,0,0,23,False,0.0,6,0.9813888888888888,0.9813888888888888,0.9813888888888888,0.9813888888888888,2
2022-06-28 00:00:00+00:00,1.0,18.2,1.6,8,0,1,0,False,0.0,6,0.986666666666666,0.986666666666666,0.986666666666666,0.986666666666666,2
2022-06-28 01:00:00+00:00,1.8,17.9,1.4,8,0,1,1,False,0.0,6,0.9858333333333332,0.9858333333333332,0.9858333333333332,0.9858333333333332,2
2022-06-28 02:00:00+00:00,1.1,17.5,2.5,8,0,1,2,False,0.0,6,0.9813888888888892,0.9813888888888892,0.9813888888888892,0.9813888888888892,2
2022-06-28 03:00:00+00:00,0.1,17.3,1.1,8,0,1,3,False,0.0,6,0.9838888888888888,0.9838888888888888,0.9838888888888888,0.9838888888888888,2
2022-06-28 04:00:00+00:00,0.2,17.2,2.2,8,1,1,4,False,0.0,6,0.982777777777778,0.982777777777778,0.982777777777778,0.982777777777778,2
2022-06-28 05:00:00+00:00,1.0,17.0,2.0,8,0,1,5,False,1.0,6,0.9822222222222216,0.9822222222222216,0.9822222222222216,0.9822222222222216,2
2022-06-28 06:00:00+00:00,0.6,16.5,1.8,8,2,1,6,False,0.0,6,0.9913888888888892,0.9913888888888892,0.9913888888888892,0.9913888888888892,2
2022-06-28 07:00:00+00:00,0.0,16.7,2.6,8,0,1,7,False,2.0,6,0.9802777777777776,0.9802777777777776,0.9802777777777776,0.9802777777777776,1
2022-06-28 08:00:00+00:00,0.0,16.6,3.1,8,0,1,8,False,0.0,6,0.9494444444444446,0.9494444444444446,0.9494444444444446,0.9494444444444446,2
2022-06-28 09:00:00+00:00,0.0,16.1,3.4,8,2,1,9,False,0.0,6,0.9836111111111112,0.9836111111111112,0.9836111111111112,0.9836111111111112,0
2022-06-28 10:00:00+00:00,1.5,15.7,2.7,8,2,1,10,False,2.0,6,0.9866666666666666,0.9866666666666666,0.9866666666666666,0.9866666666666666,0
2022-06-28 11:00:00+00:00,0.1,15.8,3.4,8,1,1,11,False,2.0,6,0.9813888888888884,0.9813888888888884,0.9813888888888884,0.9813888888888884,0
2022-06-28 12:00:00+00:00,0.0,17.3,3.1,8,3,1,12,False,1.0,6,0.9938888888888884,0.9938888888888884,0.9938888888888884,0.9938888888888884,15
2022-06-28 13:00:00+00:00,0.0,20.4,3.1,6,1,1,13,False,3.0,6,0.9811111111111112,0.9811111111111112,0.9811111111111112,0.9811111111111112,14
2022-06-28 14:00:00+00:00,0.1,21.2,2.8,6,3,1,14,False,1.0,6,0.9655555555555552,0.9655555555555552,0.9655555555555552,0.9655555555555552,13
2022-06-28 15:00:00+00:00,0.2,23.1,2.5,6,0,1,15,False,3.0,6,0.9777777777777776,0.9777777777777776,0.9777777777777776,0.9777777777777776,11
2022-06-28 16:00:00+00:00,0.1,22.6,4.3,3,1,1,16,False,0.0,6,0.9616666666666666,0.9616666666666666,0.9616666666666666,0.9616666666666666,12
2022-06-28 17:00:00+00:00,0.0,22.3,5.2,3,0,1,17,False,1.0,6,0.9991666666666666,0.9991666666666666,0.9991666666666666,0.9991666666666666,11
2022-06-28 18:00:00+00:00,0.0,22.0,3.8,3,1,1,18,False,0.0,6,0.9805555555555556,0.9805555555555556,0.9805555555555556,0.9805555555555556,12
2022-06-28 19:00:00+00:00,0.1,20.6,4.2,1,1,1,19,False,1.0,6,0.9805555555555558,0.9805555555555558,0.9805555555555558,0.9805555555555558,12
2022-06-28 20:00:00+00:00,0.0,19.5,3.3,1,0,1,20,False,1.0,6,0.9641666666666668,0.9641666666666668,0.9641666666666668,0.9641666666666668,15
2022-06-28 21:00:00+00:00,0.1,18.4,2.1,1,1,1,21,False,0.0,6,0.9986111111111112,0.9986111111111112,0.9986111111111112,0.9986111111111112,16
2022-06-28 22:00:00+00:00,0.1,16.6,1.4,1,0,1,22,False,1.0,6,1.0000000000000002,1.0000000000000002,1.0000000000000002,1.0000000000000002,18
2022-06-28 23:00:00+00:00,0.0,15.3,1.9,1,0,1,23,False,0.0,6,0.9788888888888888,0.9788888888888888,0.9788888888888888,0.9788888888888888,18
2022-06-29 00:00:00+00:00,0.0,14.5,1.7,1,0,2,0,False,0.0,6,0.996111111111111,0.996111111111111,0.996111111111111,0.996111111111111,18
2022-06-29 01:00:00+00:00,0.0,13.3,1.3,1,0,2,1,False,0.0,6,0.9983333333333332,0.9983333333333332,0.9983333333333332,0.9983333333333332,18
2022-06-29 02:00:00+00:00,0.0,12.7,2.5,1,0,2,2,False,0.0,6,0.9833333333333332,0.9833333333333332,0.9833333333333332,0.9833333333333332,18
2022-06-29 03:00:00+00:00,0.0,12.3,1.6,1,0,2,3,False,0.0,6,0.9988888888888888,0.9988888888888888,0.9988888888888888,0.9988888888888888,18
2022-06-29 04:00:00+00:00,0.0,12.6,2.4,1,1,2,4,False,0.0,6,0.980277777777778,0.980277777777778,0.980277777777778,0.980277777777778,18
2022-06-29 05:00:00+00:00,0.0,13.2,2.7,1,0,2,5,False,1.0,6,0.9997222222222218,0.9997222222222218,0.9997222222222218,0.9997222222222218,18
2022-06-29 06:00:00+00:00,0.0,15.2,1.7,1,1,2,6,False,0.0,6,0.980277777777778,0.980277777777778,0.980277777777778,0.980277777777778,18
2022-06-29 07:00:00+00:00,0.0,15.0,2.1,7,4,2,7,False,1.0,6,0.9974999999999996,0.9974999999999996,0.9974999999999996,0.9974999999999996,17
2022-06-29 08:00:00+00:00,0.0,14.9,2.8,7,3,2,8,False,4.0,6,0.964722222222222,0.964722222222222,0.964722222222222,0.964722222222222,18
2022-06-29 09:00:00+00:00,0.0,16.5,2.9,7,1,2,9,False,3.0,6,0.9791666666666664,0.9791666666666664,0.9791666666666664,0.9791666666666664,17
2022-06-29 10:00:00+00:00,0.1,18.3,2.3,1,5,2,10,False,1.0,6,0.999444444444444,0.999444444444444,0.999444444444444,0.999444444444444,14
2022-06-29 11:00:00+00:00,0.0,21.2,1.7,1,2,2,11,False,5.0,6,0.9961111111111112,0.9961111111111112,0.9961111111111112,0.9961111111111112,12
2022-06-29 12:00:00+00:00,0.1,22.7,1.4,1,0,2,12,False,2.0,6,0.999444444444444,0.999444444444444,0.999444444444444,0.999444444444444,11
2022-06-29 13:00:00+00:00,0.0,23.6,2.8,1,0,2,13,False,0.0,6,0.999166666666666,0.999166666666666,0.999166666666666,0.999166666666666,10
2022-06-29 14:00:00+00:00,0.0,23.7,3.1,1,0,2,14,False,0.0,6,0.9794444444444442,0.9794444444444442,0.9794444444444442,0.9794444444444442,10
2022-06-29 15:00:00+00:00,0.0,23.8,3.2,1,2,2,15,False,0.0,6,0.9766666666666666,0.9766666666666666,0.9766666666666666,0.9766666666666666,10
2022-06-29 16:00:00+00:00,0.1,22.9,4.2,2,1,2,16,False,2.0,6,0.9816666666666666,0.9816666666666666,0.9816666666666666,0.9816666666666666,11
2022-06-29 17:00:00+00:00,0.1,23.0,3.0,2,0,2,17,False,1.0,6,1.0,1.0,1.0,1.0,12
2022-06-29 18:00:00+00:00,0.0,22.2,3.3,2,0,2,18,False,0.0,6,0.999722222222222,0.999722222222222,0.999722222222222,0.999722222222222,10
2022-06-29 19:00:00+00:00,0.0,21.6,2.5,2,0,2,19,False,0.0,6,0.9974999999999998,0.9974999999999998,0.9974999999999998,0.9974999999999998,10
2022-06-29 20:00:00+00:00,0.0,20.3,2.1,2,1,2,20,False,0.0,6,0.9991666666666664,0.9991666666666664,0.9991666666666664,0.9991666666666664,11
2022-06-29 21:00:00+00:00,0.0,19.2,1.8,2,0,2,21,False,1.0,6,0.9988888888888888,0.9988888888888888,0.9988888888888888,0.9988888888888888,11
2022-06-29 22:00:00+00:00,0.0,16.5,0.9,4,0,2,22,False,0.0,6,0.9799999999999998,0.9799999999999998,0.9799999999999998,0.9799999999999998,11
2022-06-29 23:00:00+00:00,0.0,14.6,1.2,4,0,2,23,False,0.0,6,0.9980555555555554,0.9980555555555554,0.9980555555555554,0.9980555555555554,10
2022-06-30 00:00:00+00:00,0.0,13.5,1.5,4,0,3,0,False,0.0,6,0.979722222222222,0.979722222222222,0.979722222222222,0.979722222222222,10
2022-06-30 01:00:00+00:00,0.0,12.9,1.5,4,0,3,1,False,0.0,6,0.949722222222222,0.949722222222222,0.949722222222222,0.949722222222222,10
2022-06-30 02:00:00+00:00,0.1,12.9,2.4,4,0,3,2,False,0.0,6,0.9991666666666664,0.9991666666666664,0.9991666666666664,0.9991666666666664,10
2022-06-30 03:00:00+00:00,0.1,12.6,1.2,4,0,3,3,False,0.0,6,0.9997222222222222,0.9997222222222222,0.9997222222222222,0.9997222222222222,10
2022-06-30 04:00:00+00:00,0.0,12.6,2.0,4,1,3,4,False,0.0,6,0.9991666666666668,0.9991666666666668,0.9991666666666668,0.9991666666666668,10
2022-06-30 05:00:00+00:00,0.0,14.1,1.0,4,0,3,5,False,1.0,6,0.9980555555555556,0.9980555555555556,0.9980555555555556,0.9980555555555556,10
2022-06-30 06:00:00+00:00,0.0,17.2,0.6,4,1,3,6,False,0.0,6,0.9966666666666668,0.9966666666666668,0.9966666666666668,0.9966666666666668,10
2022-06-30 07:00:00+00:00,0.0,19.2,0.5,1,2,3,7,False,1.0,6,0.9780555555555556,0.9780555555555556,0.9780555555555556,0.9780555555555556,9
2022-06-30 08:00:00+00:00,0.0,20.4,1.9,1,1,3,8,False,2.0,6,0.9974999999999996,0.9974999999999996,0.9974999999999996,0.9974999999999996,10
2022-06-30 09:00:00+00:00,0.0,22.3,1.6,1,5,3,9,False,1.0,6,0.9791666666666669,0.9791666666666669,0.9791666666666669,0.9791666666666669,9
2022-06-30 10:00:00+00:00,0.0,23.9,1.2,1,0,3,10,False,5.0,6,0.997222222222222,0.997222222222222,0.997222222222222,0.997222222222222,7
2022-06-30 11:00:00+00:00,0.0,24.5,2.5,1,1,3,11,False,0.0,6,0.9744444444444444,0.9744444444444444,0.9744444444444444,0.9744444444444444,7
2022-06-30 12:00:00+00:00,0.0,25.6,2.3,1,1,3,12,False,1.0,6,0.9838888888888888,0.9838888888888888,0.9838888888888888,0.9838888888888888,2
2022-06-30 13:00:00+00:00,0.1,25.9,3.0,1,1,3,13,False,1.0,6,1.0000000000000002,1.0000000000000002,1.0000000000000002,1.0000000000000002,2
2022-06-30 14:00:00+00:00,0.0,26.5,2.2,1,3,3,14,False,1.0,6,0.9813888888888886,0.9813888888888886,0.9813888888888886,0.9813888888888886,4
2022-06-30 15:00:00+00:00,0.0,26.3,2.8,1,1,3,15,False,3.0,6,0.9975,0.9975,0.9975,0.9975,3
2022-06-30 16:00:00+00:00,0.0,27.3,2.9,1,3,3,16,False,1.0,6,0.9988888888888886,0.9988888888888886,0.9988888888888886,0.9988888888888886,5
2022-06-30 17:00:00+00:00,0.0,26.5,2.9,1,1,3,17,False,3.0,6,0.9808333333333334,0.9808333333333334,0.9808333333333334,0.9808333333333334,6
2022-06-30 18:00:00+00:00,0.0,26.7,2.3,1,0,3,18,False,1.0,6,0.3677777777777777,0.3447222222222222,0.9513888888888888,0.9513888888888888,7
2022-06-30 19:00:00+00:00,0.0,25.7,2.7,1,1,3,19,False,0.0,6,0.8316666666666666,0.8988888888888887,0.9980555555555554,0.9980555555555554,6
2022-06-30 20:00:00+00:00,0.0,24.0,1.8,1,0,3,20,False,1.0,6,0.9636111111111112,0.9636111111111112,0.9636111111111112,0.9636111111111112,6
2022-06-30 21:00:00+00:00,0.0,23.0,0.6,1,0,3,21,False,0.0,6,0.9605555555555556,0.9605555555555556,0.9605555555555556,0.9605555555555556,6
2022-06-30 22:00:00+00:00,0.0,21.0,1.6,6,0,3,22,False,0.0,6,0.3827777777777778,0.3611111111111111,0.9991666666666666,0.9991666666666666,4
2022-06-30 23:00:00+00:00,0.0,19.4,1.6,6,0,3,23,False,0.0,6,0.0,0.0,0.9788888888888884,0.9788888888888884,5
2022-06-07 00:00:00+00:00,0.0,13.2,2.1,3,0,1,0,False,0.0,6,0.9827777777777772,0.9827777777777772,0.9827777777777772,0.9827777777777772,0
2022-06-07 01:00:00+00:00,0.0,12.7,1.7,3,0,1,1,False,0.0,6,0.9894444444444446,0.9894444444444446,0.9894444444444446,0.9894444444444446,1
2022-06-07 02:00:00+00:00,0.0,11.8,1.4,3,0,1,2,False,0.0,6,0.9825,0.9825,0.9825,0.9825,1
2022-06-07 03:00:00+00:00,0.0,10.3,0.6,3,0,1,3,False,0.0,6,0.9849999999999998,0.9849999999999998,0.9849999999999998,0.9849999999999998,1
2022-06-07 04:00:00+00:00,0.0,9.8,1.4,3,1,1,4,False,0.0,6,0.9844444444444445,0.9844444444444445,0.9844444444444445,0.9844444444444445,1
2022-06-07 05:00:00+00:00,0.0,11.7,1.3,3,5,1,5,False,1.0,6,0.98,0.98,0.98,0.98,1
2022-06-07 06:00:00+00:00,0.0,13.7,1.8,3,0,1,6,False,5.0,6,0.9891666666666667,0.9891666666666667,0.9891666666666667,0.9891666666666667,1
2022-06-07 07:00:00+00:00,0.0,15.4,1.3,2,1,1,7,False,0.0,6,0.9811111111111112,0.9811111111111112,0.9811111111111112,0.9811111111111112,0
2022-06-07 08:00:00+00:00,0.0,17.1,2.1,2,0,1,8,False,1.0,6,0.9875,0.9875,0.9875,0.9875,0
2022-06-07 09:00:00+00:00,0.0,17.6,4.2,2,1,1,9,False,0.0,6,0.9791666666666664,0.9791666666666664,0.9791666666666664,0.9791666666666664,0
2022-06-07 10:00:00+00:00,0.0,19.3,3.3,5,0,1,10,False,1.0,6,0.9797222222222216,0.9797222222222216,0.9797222222222216,0.9797222222222216,0
2022-06-07 11:00:00+00:00,0.0,19.0,4.2,5,0,1,11,False,0.0,6,0.9916666666666668,0.9916666666666668,0.9916666666666668,0.9916666666666668,0
2022-06-07 12:00:00+00:00,0.0,19.5,4.3,5,2,1,12,False,0.0,6,0.9297222222222224,0.9297222222222224,0.9297222222222224,0.9297222222222224,0
2022-06-07 13:00:00+00:00,0.0,20.0,2.7,6,1,1,13,False,2.0,6,0.9666666666666666,0.9666666666666666,0.9666666666666666,0.9666666666666666,0
2022-06-07 14:00:00+00:00,0.0,20.7,4.4,6,1,1,14,False,1.0,6,0.9797222222222222,0.9797222222222222,0.9797222222222222,0.9797222222222222,3
2022-06-07 15:00:00+00:00,0.0,19.6,4.7,6,0,1,15,False,1.0,6,0.9788888888888888,0.9788888888888888,0.9788888888888888,0.9788888888888888,1
2022-06-07 16:00:00+00:00,0.0,17.6,6.6,7,1,1,16,False,0.0,6,0.9636111111111112,0.9636111111111112,0.9636111111111112,0.9636111111111112,0
2022-06-07 17:00:00+00:00,0.0,15.8,3.7,7,1,1,17,False,1.0,6,0.9858333333333332,0.9858333333333332,0.9858333333333332,0.9858333333333332,0
2022-06-07 18:00:00+00:00,0.3,13.9,3.8,7,1,1,18,False,1.0,6,0.984722222222222,0.984722222222222,0.984722222222222,0.984722222222222,1
2022-06-07 19:00:00+00:00,1.9,11.9,2.5,8,0,1,19,False,1.0,6,0.9830555555555556,0.9830555555555556,0.9830555555555556,0.9830555555555556,0
2022-06-07 20:00:00+00:00,1.1,12.0,1.9,8,0,1,20,False,0.0,6,0.9636111111111112,0.9636111111111112,0.9636111111111112,0.9636111111111112,3
2022-06-07 21:00:00+00:00,0.6,11.8,3.9,8,0,1,21,False,0.0,6,0.9880555555555548,0.9880555555555548,0.9880555555555548,0.9880555555555548,3
2022-06-07 22:00:00+00:00,0.6,11.8,2.8,8,0,1,22,False,0.0,6,0.9666666666666668,0.9666666666666668,0.9666666666666668,0.9666666666666668,5
2022-06-07 23:00:00+00:00,1.1,12.2,1.6,8,0,1,23,False,0.0,6,0.9841666666666666,0.9841666666666666,0.9841666666666666,0.9841666666666666,6
2022-06-08 00:00:00+00:00,0.0,12.7,1.0,2,0,2,0,False,0.0,6,0.9636111111111112,0.9636111111111112,0.9636111111111112,0.9636111111111112,7
2022-06-08 01:00:00+00:00,0.0,11.7,0.9,2,0,2,1,False,0.0,6,0.9847222222222224,0.9847222222222224,0.9847222222222224,0.9847222222222224,7
2022-06-08 02:00:00+00:00,0.0,11.8,2.7,2,0,2,2,False,0.0,6,0.9850000000000004,0.9850000000000004,0.9850000000000004,0.9850000000000004,7
2022-06-08 03:00:00+00:00,0.0,11.4,1.8,2,0,2,3,False,0.0,6,0.9908333333333336,0.9908333333333336,0.9908333333333336,0.9908333333333336,7
2022-06-08 04:00:00+00:00,0.0,10.7,2.0,2,2,2,4,False,0.0,6,0.9786111111111112,0.9786111111111112,0.9786111111111112,0.9786111111111112,7
2022-06-08 05:00:00+00:00,0.0,10.5,2.9,2,2,2,5,False,2.0,6,0.9824999999999998,0.9824999999999998,0.9824999999999998,0.9824999999999998,7
2022-06-08 06:00:00+00:00,0.0,11.2,1.5,2,1,2,6,False,2.0,6,0.9941666666666664,0.9941666666666664,0.9941666666666664,0.9941666666666664,7
2022-06-08 07:00:00+00:00,0.0,13.7,2.4,6,1,2,7,False,1.0,6,0.9761111111111112,0.9761111111111112,0.9761111111111112,0.9761111111111112,5
2022-06-08 08:00:00+00:00,0.0,13.6,1.8,6,0,2,8,False,1.0,6,0.9886111111111108,0.9886111111111108,0.9886111111111108,0.9886111111111108,4
2022-06-08 09:00:00+00:00,0.0,16.7,2.6,6,1,2,9,False,0.0,6,0.9813888888888886,0.9813888888888886,0.9813888888888886,0.9813888888888886,3
2022-06-08 10:00:00+00:00,0.0,17.8,2.3,2,0,2,10,False,1.0,6,0.99,0.99,0.99,0.99,2
2022-06-08 11:00:00+00:00,0.0,19.1,3.3,2,0,2,11,False,0.0,6,0.9905555555555556,0.9905555555555556,0.9905555555555556,0.9905555555555556,2
2022-06-08 12:00:00+00:00,0.0,18.8,4.6,2,0,2,12,False,0.0,6,0.9855555555555554,0.9855555555555554,0.9855555555555554,0.9855555555555554,2
2022-06-08 13:00:00+00:00,0.0,19.0,3.2,6,2,2,13,False,0.0,6,0.9630555555555556,0.9630555555555556,0.9630555555555556,0.9630555555555556,2
2022-06-08 14:00:00+00:00,0.0,19.9,3.3,6,3,2,14,False,2.0,6,0.9991666666666666,0.9991666666666666,0.9991666666666666,0.9991666666666666,2
2022-06-08 15:00:00+00:00,0.0,20.3,1.8,6,1,2,15,False,3.0,6,0.9861111111111108,0.9861111111111108,0.9861111111111108,0.9861111111111108,2
2022-06-08 16:00:00+00:00,0.0,21.4,2.0,6,0,2,16,False,1.0,6,0.9794444444444445,0.9794444444444445,0.9794444444444445,0.9794444444444445,2
2022-06-08 17:00:00+00:00,0.0,20.8,3.2,6,1,2,17,False,0.0,6,0.9852777777777774,0.9852777777777774,0.9852777777777774,0.9852777777777774,0
2022-06-08 18:00:00+00:00,0.0,20.2,3.0,6,1,2,18,False,1.0,6,0.9872222222222222,0.9872222222222222,0.9872222222222222,0.9872222222222222,0
2022-06-08 19:00:00+00:00,0.0,18.5,4.4,2,2,2,19,False,1.0,6,0.9913888888888888,0.9913888888888888,0.9913888888888888,0.9913888888888888,2
2022-06-08 20:00:00+00:00,0.0,16.2,3.7,2,0,2,20,False,2.0,6,0.9908333333333332,0.9908333333333332,0.9908333333333332,0.9908333333333332,4
2022-06-08 21:00:00+00:00,0.0,14.0,3.2,2,1,2,21,False,0.0,6,0.9341666666666668,0.9341666666666668,0.9341666666666668,0.9341666666666668,6
2022-06-08 22:00:00+00:00,0.0,13.2,1.8,1,0,2,22,False,1.0,6,0.9875,0.9875,0.9875,0.9875,5
2022-06-08 23:00:00+00:00,0.0,11.9,1.4,1,0,2,23,False,0.0,6,0.9894444444444443,0.9894444444444443,0.9894444444444443,0.9894444444444443,5
2022-06-09 00:00:00+00:00,0.0,9.4,1.8,1,0,3,0,False,0.0,6,0.9802777777777776,0.9802777777777776,0.9802777777777776,0.9802777777777776,4
2022-06-09 01:00:00+00:00,0.0,9.2,2.2,1,0,3,1,False,0.0,6,0.983888888888889,0.983888888888889,0.983888888888889,0.983888888888889,4
2022-06-09 02:00:00+00:00,0.0,9.1,2.1,1,0,3,2,False,0.0,6,0.9891666666666667,0.9891666666666667,0.9891666666666667,0.9891666666666667,4
2022-06-09 03:00:00+00:00,0.0,8.3,1.9,1,0,3,3,False,0.0,6,0.98,0.98,0.98,0.98,4
2022-06-09 04:00:00+00:00,0.0,8.1,1.8,1,1,3,4,False,0.0,6,0.9736111111111108,0.9736111111111108,0.9736111111111108,0.9736111111111108,4
2022-06-09 05:00:00+00:00,0.0,7.9,1.8,1,3,3,5,False,1.0,6,0.9697222222222224,0.9697222222222224,0.9697222222222224,0.9697222222222224,4
2022-06-09 06:00:00+00:00,0.0,7.6,1.6,1,1,3,6,False,3.0,6,0.985277777777778,0.985277777777778,0.985277777777778,0.985277777777778,4
2022-06-09 07:00:00+00:00,0.0,10.5,0.5,2,0,3,7,False,1.0,6,0.9830555555555556,0.9830555555555556,0.9830555555555556,0.9830555555555556,3
2022-06-09 08:00:00+00:00,0.0,12.8,0.8,2,0,3,8,False,0.0,6,0.9880555555555556,0.9880555555555556,0.9880555555555556,0.9880555555555556,0
2022-06-09 09:00:00+00:00,0.0,14.8,1.0,2,1,3,9,False,0.0,6,0.9938888888888888,0.9938888888888888,0.9938888888888888,0.9938888888888888,0
2022-06-09 10:00:00+00:00,0.0,15.9,1.6,2,0,3,10,False,1.0,6,0.9838888888888888,0.9838888888888888,0.9838888888888888,0.9838888888888888,0
2022-06-09 11:00:00+00:00,0.0,17.7,1.8,2,1,3,11,False,0.0,6,0.964722222222222,0.964722222222222,0.964722222222222,0.964722222222222,1
2022-06-09 12:00:00+00:00,0.0,19.7,2.3,2,0,3,12,False,1.0,6,0.9922222222222224,0.9922222222222224,0.9922222222222224,0.9922222222222224,0
2022-06-09 13:00:00+00:00,0.0,19.7,3.2,3,0,3,13,False,0.0,6,0.992222222222222,0.992222222222222,0.992222222222222,0.992222222222222,0
2022-06-09 14:00:00+00:00,0.0,21.0,2.2,3,1,3,14,False,0.0,6,0.9916666666666664,0.9916666666666664,0.9916666666666664,0.9916666666666664,0
2022-06-09 15:00:00+00:00,0.0,20.6,2.8,3,1,3,15,False,1.0,6,0.9822222222222224,0.9822222222222224,0.9822222222222224,0.9822222222222224,2
2022-06-09 16:00:00+00:00,0.0,20.4,3.5,3,2,3,16,False,1.0,6,0.9827777777777774,0.9827777777777774,0.9827777777777774,0.9827777777777774,2
2022-06-09 17:00:00+00:00,0.0,19.5,3.7,3,1,3,17,False,2.0,6,0.9877777777777774,0.9877777777777774,0.9877777777777774,0.9877777777777774,3
2022-06-09 18:00:00+00:00,0.0,17.9,2.7,3,1,3,18,False,1.0,6,0.9941666666666668,0.9941666666666668,0.9941666666666668,0.9941666666666668,3
2022-06-09 19:00:00+00:00,0.0,15.8,1.5,1,1,3,19,False,1.0,6,0.9858333333333336,0.9858333333333336,0.9858333333333336,0.9858333333333336,1
2022-06-09 20:00:00+00:00,0.0,13.9,0.5,1,1,3,20,False,1.0,6,0.9841666666666667,0.9841666666666667,0.9841666666666667,0.9841666666666667,1
2022-06-09 21:00:00+00:00,0.0,12.3,1.6,1,2,3,21,False,1.0,6,0.9694444444444446,0.9694444444444446,0.9694444444444446,0.9694444444444446,0
2022-06-09 22:00:00+00:00,0.0,11.5,1.8,1,0,3,22,False,2.0,6,0.992777777777778,0.992777777777778,0.992777777777778,0.992777777777778,0
2022-06-09 23:00:00+00:00,0.0,11.1,2.3,1,0,3,23,False,0.0,6,0.9880555555555556,0.9880555555555556,0.9880555555555556,0.9880555555555556,0
2022-06-10 00:00:00+00:00,0.0,10.8,2.2,8,0,4,0,False,0.0,6,0.9855555555555556,0.9855555555555556,0.9855555555555556,0.9855555555555556,1
2022-06-10 01:00:00+00:00,0.0,10.2,2.0,8,0,4,1,False,0.0,6,0.985,0.985,0.985,0.985,1
2022-06-10 02:00:00+00:00,0.0,9.5,1.3,8,0,4,2,False,0.0,6,0.9844444444444448,0.9844444444444448,0.9844444444444448,0.9844444444444448,1
2022-06-10 03:00:00+00:00,0.0,8.9,2.5,8,0,4,3,False,0.0,6,0.9980555555555558,0.9980555555555558,0.9980555555555558,0.9980555555555558,1
2022-06-10 04:00:00+00:00,0.0,8.0,2.9,8,1,4,4,False,0.0,6,0.9980555555555558,0.9980555555555558,0.9980555555555558,0.9980555555555558,1
2022-06-10 05:00:00+00:00,0.0,7.3,2.1,8,0,4,5,False,1.0,6,0.985277777777778,0.985277777777778,0.985277777777778,0.985277777777778,1
2022-06-10 06:00:00+00:00,0.0,7.6,1.2,8,1,4,6,False,0.0,6,0.9844444444444442,0.9844444444444442,0.9844444444444442,0.9844444444444442,1
2022-06-10 07:00:00+00:00,0.0,6.4,1.9,3,2,4,7,False,1.0,6,0.997222222222222,0.997222222222222,0.997222222222222,0.997222222222222,0
2022-06-10 08:00:00+00:00,0.0,9.9,3.3,3,0,4,8,False,2.0,6,0.9980555555555556,0.9980555555555556,0.9980555555555556,0.9980555555555556,0
2022-06-10 09:00:00+00:00,0.0,10.0,3.6,3,0,4,9,False,0.0,6,0.9708333333333334,0.9708333333333334,0.9708333333333334,0.9708333333333334,2
2022-06-10 10:00:00+00:00,0.0,10.5,3.9,7,1,4,10,False,0.0,6,0.9833333333333336,0.9833333333333336,0.9833333333333336,0.9833333333333336,0
2022-06-10 11:00:00+00:00,0.0,11.1,4.3,7,2,4,11,False,1.0,6,0.9905555555555556,0.9905555555555556,0.9905555555555556,0.9905555555555556,1
2022-06-10 12:00:00+00:00,0.0,11.9,3.5,7,1,4,12,False,2.0,6,0.9847222222222222,0.9847222222222222,0.9847222222222222,0.9847222222222222,2
2022-06-10 13:00:00+00:00,0.0,13.8,5.2,3,0,4,13,False,1.0,6,0.9855555555555552,0.9855555555555552,0.9855555555555552,0.9855555555555552,2
2022-06-10 14:00:00+00:00,0.0,13.6,5.9,3,1,4,14,False,0.0,6,0.9866666666666666,0.9866666666666666,0.9866666666666666,0.9866666666666666,0
2022-06-10 15:00:00+00:00,0.0,15.1,9.1,3,1,4,15,False,1.0,6,0.9816666666666666,0.9816666666666666,0.9816666666666666,0.9816666666666666,0
2022-06-10 16:00:00+00:00,0.0,13.7,7.9,2,0,4,16,False,1.0,6,0.9888888888888888,0.9888888888888888,0.9888888888888888,0.9888888888888888,0
2022-06-10 17:00:00+00:00,0.0,12.5,5.3,2,1,4,17,False,0.0,6,0.9808333333333328,0.9808333333333328,0.9808333333333328,0.9808333333333328,1
2022-06-10 18:00:00+00:00,0.0,11.5,4.4,2,0,4,18,False,1.0,6,0.9855555555555556,0.9855555555555556,0.9855555555555556,0.9855555555555556,0
2022-06-10 19:00:00+00:00,0.0,11.5,4.6,2,0,4,19,False,0.0,6,0.9911111111111108,0.9911111111111108,0.9911111111111108,0.9911111111111108,0
2022-06-10 20:00:00+00:00,0.0,10.8,5.0,2,1,4,20,False,0.0,6,0.9805555555555554,0.9805555555555554,0.9805555555555554,0.9805555555555554,0
2022-06-10 21:00:00+00:00,0.0,10.8,5.2,2,0,4,21,False,1.0,6,0.980277777777778,0.980277777777778,0.980277777777778,0.980277777777778,1
2022-06-10 22:00:00+00:00,0.0,10.0,3.6,2,1,4,22,False,0.0,6,0.992777777777778,0.992777777777778,0.992777777777778,0.992777777777778,1
2022-06-10 23:00:00+00:00,0.0,9.7,3.2,2,0,4,23,False,1.0,6,0.9980555555555556,0.9980555555555556,0.9980555555555556,0.9980555555555556,0
2022-06-11 00:00:00+00:00,0.0,4.2,1.3,3,0,5,0,False,0.0,6,0.9908333333333336,0.9908333333333336,0.9908333333333336,0.9908333333333336,1
2022-06-11 01:00:00+00:00,0.0,4.6,0.8,3,0,5,1,False,0.0,6,0.9838888888888891,0.9838888888888891,0.9838888888888891,0.9838888888888891,0
2022-06-11 02:00:00+00:00,0.0,5.0,0.2,3,0,5,2,False,0.0,6,0.9813888888888888,0.9813888888888888,0.9813888888888888,0.9813888888888888,0
2022-06-11 03:00:00+00:00,0.0,5.1,1.6,3,0,5,3,False,0.0,6,0.9908333333333336,0.9908333333333336,0.9908333333333336,0.9908333333333336,0
2022-06-11 04:00:00+00:00,0.4,5.2,0.9,3,0,5,4,False,0.0,6,0.9852777777777778,0.9852777777777778,0.9852777777777778,0.9852777777777778,0
2022-06-11 05:00:00+00:00,0.3,5.4,2.3,3,0,5,5,False,0.0,6,0.9816666666666668,0.9816666666666668,0.9816666666666668,0.9816666666666668,0
2022-06-11 06:00:00+00:00,1.4,5.7,2.8,3,0,5,6,False,0.0,6,0.9919444444444444,0.9919444444444444,0.9919444444444444,0.9919444444444444,0
2022-06-11 07:00:00+00:00,2.1,5.9,3.0,8,1,5,7,False,0.0,6,0.9891666666666666,0.9891666666666666,0.9891666666666666,0.9891666666666666,0
2022-06-11 08:00:00+00:00,2.4,6.5,2.7,8,0,5,8,False,1.0,6,0.9686111111111112,0.9686111111111112,0.9686111111111112,0.9686111111111112,1
2022-06-11 09:00:00+00:00,0.4,6.9,2.4,8,1,5,9,False,0.0,6,0.985,0.985,0.985,0.985,1
2022-06-11 10:00:00+00:00,0.0,7.2,3.3,7,1,5,10,False,1.0,6,0.9819444444444444,0.9819444444444444,0.9819444444444444,0.9819444444444444,0
2022-06-11 11:00:00+00:00,0.0,7.8,0.8,7,1,5,11,False,1.0,6,0.9847222222222224,0.9847222222222224,0.9847222222222224,0.9847222222222224,0
2022-06-11 12:00:00+00:00,0.0,8.2,1.1,7,1,5,12,False,1.0,6,0.985,0.985,0.985,0.985,0
2022-06-11 13:00:00+00:00,0.0,9.4,1.3,6,1,5,13,False,1.0,6,0.9863888888888884,0.9863888888888884,0.9863888888888884,0.9863888888888884,2
2022-06-11 14:00:00+00:00,0.0,9.2,2.8,6,0,5,14,False,1.0,6,0.9877777777777778,0.9877777777777778,0.9877777777777778,0.9877777777777778,2
2022-06-11 15:00:00+00:00,0.0,8.1,2.7,6,0,5,15,False,0.0,6,0.982222222222222,0.982222222222222,0.982222222222222,0.982222222222222,2
2022-06-11 16:00:00+00:00,0.0,7.8,2.2,8,0,5,16,False,0.0,6,0.967222222222222,0.967222222222222,0.967222222222222,0.967222222222222,2
2022-06-11 17:00:00+00:00,0.0,7.7,2.1,8,0,5,17,False,0.0,6,0.9719444444444444,0.9719444444444444,0.9719444444444444,0.9719444444444444,2
2022-06-11 18:00:00+00:00,0.0,7.7,1.0,8,0,5,18,False,0.0,6,0.9880555555555556,0.9880555555555556,0.9880555555555556,0.9880555555555556,3
2022-06-11 19:00:00+00:00,0.0,7.2,1.5,7,1,5,19,False,0.0,6,0.9891666666666666,0.9891666666666666,0.9891666666666666,0.9891666666666666,5
2022-06-11 20:00:00+00:00,0.0,6.5,0.5,7,3,5,20,False,1.0,6,0.9927777777777776,0.9927777777777776,0.9927777777777776,0.9927777777777776,5
2022-06-11 21:00:00+00:00,0.0,7.0,1.4,7,0,5,21,False,3.0,6,0.9661111111111113,0.9661111111111113,0.9661111111111113,0.9661111111111113,5
2022-06-11 22:00:00+00:00,0.0,6.9,1.1,8,0,5,22,False,0.0,6,0.986111111111111,0.986111111111111,0.986111111111111,0.986111111111111,4
2022-06-11 23:00:00+00:00,0.0,6.9,1.2,8,0,5,23,False,0.0,6,0.9838888888888888,0.9838888888888888,0.9838888888888888,0.9838888888888888,2
