dateTime,availability 0,availability 1,availability 2,availability 3,nedør,temp,vind,hour,count,count_last_hour,isHoliday,weekday,month,Mean_close_count_last_hour
2020-03-09 01:00:00,0,0,0,0,0.0,10.5,2.8,0,0,,False,0,3,0.0
2020-03-09 02:00:00,0,0,0,0,0.0,10.0,2.3,1,0,0.0,False,0,3,0.0
2020-03-09 03:00:00,0,0,0,0,0.0,10.7,3.4,2,0,0.0,False,0,3,0.0
2020-03-09 04:00:00,0,0,0,0,0.0,10.6,2.4,3,0,0.0,False,0,3,0.0
2020-03-09 05:00:00,0,0,0,0,0.0,10.5,1.1,4,0,0.0,False,0,3,0.0
2020-03-09 06:00:00,0,0,0,0,0.0,10.5,2.0,5,0,0.0,False,0,3,0.0
2020-03-09 07:00:00,0,0,0,0,0.0,10.0,1.5,6,0,0.0,False,0,3,0.0
2020-03-09 08:00:00,0,0,0,0,0.0,11.7,1.3,7,0,0.0,False,0,3,0.0
2020-03-09 09:00:00,0,0,0,0,0.0,14.0,0.9,8,0,0.0,False,0,3,0.0
2020-03-09 10:00:00,0,0,0,0,0.0,15.2,1.2,9,0,0.0,False,0,3,0.0
2020-03-09 11:00:00,0,0,0,0,0.0,17.0,0.7,10,0,0.0,False,0,3,0.0
2020-03-09 12:00:00,0,0,0,0,0.0,18.1,2.3,11,0,0.0,False,0,3,0.0
2020-03-09 13:00:00,0,0,0,0,0.0,19.3,2.5,12,0,0.0,False,0,3,0.0
2020-03-09 14:00:00,0,0,0,0,0.0,17.6,2.7,13,0,0.0,False,0,3,0.0
2020-03-09 15:00:00,0,0,0,0,0.0,18.2,2.1,14,0,0.0,False,0,3,0.0
2020-03-09 16:00:00,0,0,0,0,0.0,18.2,2.8,15,0,0.0,False,0,3,0.0
2020-03-09 17:00:00,0,0,0,0,0.0,17.6,3.3,16,0,0.0,False,0,3,0.0
2020-03-09 18:00:00,0,0,0,0,0.0,16.5,3.9,17,0,0.0,False,0,3,0.0
2020-03-09 19:00:00,0,0,0,0,0.0,15.8,3.4,18,0,0.0,False,0,3,0.0
2020-03-09 20:00:00,0,0,0,0,0.0,15.4,2.5,19,0,0.0,False,0,3,0.0
2020-03-09 21:00:00,0,0,0,0,0.0,14.8,2.6,20,0,0.0,False,0,3,0.0
2020-03-09 22:00:00,0,0,0,0,0.5,14.1,1.5,21,0,0.0,False,0,3,0.0
2020-03-09 23:00:00,0,0,0,0,0.1,13.9,2.7,22,0,0.0,False,0,3,0.0
2020-03-09 00:00:00,0,0,0,0,0.1,12.8,1.2,23,0,0.0,False,0,3,0.0
2020-03-10 01:00:00,0,0,0,0,0.0,13.6,5.4,0,0,,False,1,3,0.0
2020-03-10 02:00:00,0,0,0,0,0.0,13.3,5.2,1,0,0.0,False,1,3,0.0
2020-03-10 03:00:00,0,0,0,0,0.0,12.9,6.3,2,0,0.0,False,1,3,0.0
2020-03-10 04:00:00,0,0,0,0,0.0,12.7,5.4,3,0,0.0,False,1,3,0.0
2020-03-10 05:00:00,0,0,0,0,0.0,12.6,5.5,4,0,0.0,False,1,3,0.0
2020-03-10 06:00:00,0,0,0,0,0.0,12.2,3.8,5,0,0.0,False,1,3,0.0
2020-03-10 07:00:00,0,0,0,0,0.0,12.1,4.0,6,0,0.0,False,1,3,0.0
2020-03-10 08:00:00,0,0,0,0,0.0,12.2,4.3,7,0,0.0,False,1,3,0.0
2020-03-10 09:00:00,0,0,0,0,0.0,12.4,6.3,8,0,0.0,False,1,3,0.0
2020-03-10 10:00:00,0,0,0,0,0.0,12.4,4.8,9,0,0.0,False,1,3,0.0
2020-03-10 11:00:00,0,0,0,0,0.0,12.6,5.6,10,0,0.0,False,1,3,0.0
2020-03-10 12:00:00,0,0,0,0,0.0,12.1,6.1,11,0,0.0,False,1,3,0.0
2020-03-10 13:00:00,0,0,0,0,0.0,12.0,5.8,12,0,0.0,False,1,3,0.0
2020-03-10 14:00:00,0,0,0,0,0.0,12.5,5.0,13,0,0.0,False,1,3,0.0
2020-03-10 15:00:00,0,0,0,0,0.0,12.8,3.7,14,0,0.0,False,1,3,0.0
2020-03-10 16:00:00,0,0,0,0,0.0,13.1,5.2,15,0,0.0,False,1,3,0.0
2020-03-10 17:00:00,0,0,0,0,0.0,13.3,4.5,16,0,0.0,False,1,3,0.0
2020-03-10 18:00:00,0,0,0,0,0.0,13.3,5.4,17,0,0.0,False,1,3,0.0
2020-03-10 19:00:00,0,0,0,0,0.0,13.2,5.3,18,0,0.0,False,1,3,0.0
2020-03-10 20:00:00,0,0,0,0,0.0,13.0,6.4,19,0,0.0,False,1,3,0.0
2020-03-10 21:00:00,0,0,0,0,0.0,13.0,5.5,20,0,0.0,False,1,3,0.0
2020-03-10 22:00:00,0,0,0,0,0.0,13.0,5.5,21,0,0.0,False,1,3,0.0
2020-03-10 23:00:00,0,0,0,0,0.0,13.1,6.0,22,0,0.0,False,1,3,0.0
2020-03-10 00:00:00,0,0,0,0,0.0,13.0,6.7,23,0,0.0,False,1,3,0.0
2020-03-11 01:00:00,0,0,0,0,0.0,7.6,1.9,0,0,,False,2,3,0.0
2020-03-11 02:00:00,0,0,0,0,0.0,7.0,1.4,1,0,0.0,False,2,3,0.0
2020-03-11 03:00:00,0,0,0,0,0.0,5.8,2.1,2,0,0.0,False,2,3,0.0
2020-03-11 04:00:00,0,0,0,0,0.0,5.7,2.0,3,0,0.0,False,2,3,0.0
2020-03-11 05:00:00,0,0,0,0,0.0,5.6,2.4,4,0,0.0,False,2,3,0.0
2020-03-11 06:00:00,0,0,0,0,0.0,5.6,1.9,5,0,0.0,False,2,3,0.0
2020-03-11 07:00:00,0,0,0,0,0.0,5.0,0.9,6,0,0.0,False,2,3,0.0
2020-03-11 08:00:00,0,0,0,0,0.0,4.7,1.9,7,0,0.0,False,2,3,0.0
2020-03-11 09:00:00,0,0,0,0,0.0,4.5,1.0,8,0,0.0,False,2,3,0.0
2020-03-11 10:00:00,0,0,0,0,0.0,6.0,2.5,9,0,0.0,False,2,3,0.0
2020-03-11 11:00:00,0,0,0,0,0.0,6.9,2.8,10,0,0.0,False,2,3,0.0
2020-03-11 12:00:00,0,0,0,0,0.0,9.3,3.6,11,0,0.0,False,2,3,0.0
2020-03-11 13:00:00,0,0,0,0,0.0,10.4,3.8,12,0,0.0,False,2,3,0.0
2020-03-11 14:00:00,0,0,0,0,0.0,10.7,3.7,13,0,0.0,False,2,3,0.0
2020-03-11 15:00:00,0,0,0,0,0.0,10.5,4.1,14,0,0.0,False,2,3,0.0
2020-03-11 16:00:00,0,0,0,0,0.0,9.7,3.0,15,0,0.0,False,2,3,0.0
2020-03-11 17:00:00,0,0,0,0,0.0,8.9,3.4,16,0,0.0,False,2,3,0.0
2020-03-11 18:00:00,0,0,0,0,0.0,7.6,2.1,17,0,0.0,False,2,3,0.0
2020-03-11 19:00:00,0,0,0,0,0.0,7.5,3.2,18,0,0.0,False,2,3,0.0
2020-03-11 20:00:00,0,0,0,0,0.0,7.1,2.6,19,0,0.0,False,2,3,0.0
2020-03-11 21:00:00,0,0,0,0,0.0,7.8,2.7,20,0,0.0,False,2,3,0.0
2020-03-11 22:00:00,0,0,0,0,0.0,6.8,3.3,21,0,0.0,False,2,3,0.0
2020-03-11 23:00:00,0,0,0,0,0.0,6.8,4.5,22,0,0.0,False,2,3,0.0
2020-03-11 00:00:00,0,0,0,0,0.0,6.5,4.2,23,0,0.0,False,2,3,0.0
2020-03-12 01:00:00,0,0,0,0,0.0,1.7,1.1,0,0,,False,3,3,0.0
2020-03-12 02:00:00,0,0,0,0,0.1,1.5,1.3,1,0,0.0,False,3,3,0.0
2020-03-12 03:00:00,0,0,0,0,0.1,1.6,1.5,2,0,0.0,False,3,3,0.0
2020-03-12 04:00:00,0,0,0,0,0.1,1.8,2.4,3,0,0.0,False,3,3,0.0
2020-03-12 05:00:00,0,0,0,0,0.1,2.1,2.9,4,0,0.0,False,3,3,0.0
2020-03-12 06:00:00,0,0,0,0,0.4,2.1,2.7,5,0,0.0,False,3,3,0.0
2020-03-12 07:00:00,0,0,0,0,0.1,2.1,2.7,6,0,0.0,False,3,3,0.0
2020-03-12 08:00:00,0,0,0,0,0.1,2.3,3.4,7,0,0.0,False,3,3,0.0
2020-03-12 09:00:00,0,0,0,0,0.2,2.1,3.7,8,0,0.0,False,3,3,0.0
2020-03-12 10:00:00,0,0,0,0,0.0,2.3,3.9,9,0,0.0,False,3,3,0.0
2020-03-12 11:00:00,0,0,0,0,0.0,2.1,3.7,10,0,0.0,False,3,3,0.0
2020-03-12 12:00:00,0,0,0,0,0.1,2.1,4.5,11,0,0.0,False,3,3,0.0
2020-03-12 13:00:00,0,0,0,0,0.0,2.2,4.6,12,0,0.0,False,3,3,0.0
2020-03-12 14:00:00,0,0,0,0,0.2,2.3,3.9,13,0,0.0,False,3,3,0.0
2020-03-12 15:00:00,0,0,0,0,0.0,2.2,4.5,14,0,0.0,False,3,3,0.0
2020-03-12 16:00:00,0,0,0,0,0.0,2.1,3.5,15,0,0.0,False,3,3,0.0
2020-03-12 17:00:00,0,0,0,0,0.0,1.8,2.9,16,0,0.0,False,3,3,0.0
2020-03-12 18:00:00,0,0,0,0,0.0,2.0,1.0,17,0,0.0,False,3,3,0.0
2020-03-12 19:00:00,0,0,0,0,0.0,1.8,1.9,18,0,0.0,False,3,3,0.0
2020-03-12 20:00:00,0,0,0,0,0.0,1.7,2.4,19,0,0.0,False,3,3,0.0
2020-03-12 21:00:00,0,0,0,0,0.0,1.8,2.2,20,0,0.0,False,3,3,0.0
2020-03-12 22:00:00,0,0,0,0,0.0,1.7,2.1,21,0,0.0,False,3,3,0.0
2020-03-12 23:00:00,0,0,0,0,0.1,1.1,2.5,22,0,0.0,False,3,3,0.0
2020-03-12 00:00:00,0,0,0,0,0.4,1.0,3.8,23,0,0.0,False,3,3,0.0
2020-03-13 01:00:00,0,0,0,0,0.0,4.3,2.9,0,0,,False,4,3,0.0
2020-03-13 02:00:00,0,0,0,0,0.0,2.8,1.1,1,0,0.0,False,4,3,0.0
2020-03-13 03:00:00,0,0,0,0,0.0,2.1,2.3,2,0,0.0,False,4,3,0.0
2020-03-13 04:00:00,0,0,0,0,0.0,2.4,0.8,3,0,0.0,False,4,3,0.0
2020-03-13 05:00:00,0,0,0,0,0.0,2.4,3.1,4,0,0.0,False,4,3,0.0
2020-03-13 06:00:00,0,0,0,0,0.0,2.8,4.6,5,0,0.0,False,4,3,0.0
2020-03-13 07:00:00,0,0,0,0,0.0,1.1,5.8,6,0,0.0,False,4,3,0.0
2020-03-13 08:00:00,0,0,0,0,0.1,0.8,2.8,7,0,0.0,False,4,3,0.0
2020-03-13 09:00:00,0,0,0,0,0.1,0.2,4.8,8,0,0.0,False,4,3,0.0
2020-03-13 10:00:00,0,0,0,0,0.0,0.7,4.6,9,0,0.0,False,4,3,0.0
2020-03-13 11:00:00,0,0,0,0,0.0,1.2,4.5,10,0,0.0,False,4,3,0.0
2020-03-13 12:00:00,0,0,0,0,0.0,1.9,6.2,11,0,0.0,False,4,3,0.0
2020-03-13 13:00:00,0,0,0,0,0.0,2.9,6.7,12,0,0.0,False,4,3,0.0
2020-03-13 14:00:00,0,0,0,0,0.0,3.2,7.4,13,0,0.0,False,4,3,0.0
2020-03-13 15:00:00,0,0,0,0,0.0,3.1,7.5,14,0,0.0,False,4,3,0.0
2020-03-13 16:00:00,0,0,0,0,0.0,3.1,7.4,15,0,0.0,False,4,3,0.0
2020-03-13 17:00:00,0,0,0,0,0.0,3.3,6.1,16,0,0.0,False,4,3,0.0
2020-03-13 18:00:00,0,0,0,0,0.0,2.9,4.9,17,0,0.0,False,4,3,0.0
2020-03-13 19:00:00,0,0,0,0,0.0,1.6,5.5,18,0,0.0,False,4,3,0.0
2020-03-13 20:00:00,0,0,0,0,0.0,0.8,4.8,19,0,0.0,False,4,3,0.0
2020-03-13 21:00:00,0,0,0,0,0.0,0.0,3.6,20,0,0.0,False,4,3,0.0
2020-03-13 22:00:00,0,0,0,0,0.0,-0.5,3.6,21,0,0.0,False,4,3,0.0
2020-03-13 23:00:00,0,0,0,0,0.0,-1.1,3.4,22,0,0.0,False,4,3,0.0
2020-03-13 00:00:00,0,0,0,0,0.0,-1.3,3.0,23,0,0.0,False,4,3,0.0
2020-03-14 01:00:00,0,0,0,0,0.0,-2.8,1.6,0,0,,False,5,3,0.0
2020-03-14 02:00:00,0,0,0,0,0.0,-3.6,1.2,1,0,0.0,False,5,3,0.0
2020-03-14 03:00:00,0,0,0,0,0.0,-3.7,0.7,2,0,0.0,False,5,3,0.0
2020-03-14 04:00:00,0,0,0,0,0.0,-4.8,0.4,3,0,0.0,False,5,3,0.0
2020-03-14 05:00:00,0,0,0,0,0.0,-5.1,2.1,4,0,0.0,False,5,3,0.0
2020-03-14 06:00:00,0,0,0,0,0.0,-5.5,2.1,5,0,0.0,False,5,3,0.0
2020-03-14 07:00:00,0,0,0,0,0.0,-6.0,2.6,6,0,0.0,False,5,3,0.0
2020-03-14 08:00:00,0,0,0,0,0.0,-6.2,1.6,7,0,0.0,False,5,3,0.0
2020-03-14 09:00:00,0,0,0,0,0.0,-4.4,1.7,8,0,0.0,False,5,3,0.0
2020-03-14 10:00:00,0,0,0,0,0.0,-1.7,0.6,9,0,0.0,False,5,3,0.0
2020-03-14 11:00:00,0,0,0,0,0.0,-0.5,1.7,10,0,0.0,False,5,3,0.0
2020-03-14 12:00:00,0,0,0,0,0.0,0.5,3.4,11,0,0.0,False,5,3,0.0
2020-03-14 13:00:00,0,0,0,0,0.0,1.8,3.3,12,0,0.0,False,5,3,0.0
2020-03-14 14:00:00,0,0,0,0,0.0,3.1,4.9,13,0,0.0,False,5,3,0.0
2020-03-14 15:00:00,0,0,0,0,0.0,2.7,4.8,14,0,0.0,False,5,3,0.0
2020-03-14 16:00:00,0,0,0,0,0.0,3.4,7.0,15,0,0.0,False,5,3,0.0
2020-03-14 17:00:00,0,0,0,0,0.0,3.4,5.0,16,0,0.0,False,5,3,0.0
2020-03-14 18:00:00,0,0,0,0,0.0,2.4,5.4,17,0,0.0,False,5,3,0.0
2020-03-14 19:00:00,0,0,0,0,0.0,1.8,4.0,18,0,0.0,False,5,3,0.0
2020-03-14 20:00:00,0,0,0,0,0.0,1.8,5.6,19,0,0.0,False,5,3,0.0
2020-03-14 21:00:00,0,0,0,0,0.0,1.8,6.2,20,0,0.0,False,5,3,0.0
2020-03-14 22:00:00,0,0,0,0,0.0,2.0,4.9,21,0,0.0,False,5,3,0.0
2020-03-14 23:00:00,0,0,0,0,0.0,2.2,4.7,22,0,0.0,False,5,3,0.0
2020-03-14 00:00:00,0,0,0,0,0.0,2.2,3.1,23,0,0.0,False,5,3,0.0
2020-03-15 01:00:00,0,0,0,0,0.0,2.3,3.7,0,0,,False,6,3,0.0
2020-03-15 02:00:00,0,0,0,0,0.0,3.1,6.6,1,0,0.0,False,6,3,0.0
2020-03-15 03:00:00,0,0,0,0,0.0,3.0,5.0,2,0,0.0,False,6,3,0.0
2020-03-15 04:00:00,0,0,0,0,0.0,2.7,5.5,3,0,0.0,False,6,3,0.0
2020-03-15 05:00:00,0,0,0,0,0.1,2.4,3.3,4,0,0.0,False,6,3,0.0
2020-03-15 06:00:00,0,0,0,0,0.2,2.7,4.9,5,0,0.0,False,6,3,0.0
2020-03-15 07:00:00,0,0,0,0,0.1,3.6,6.8,6,0,0.0,False,6,3,0.0
2020-03-15 08:00:00,0,0,0,0,0.4,3.5,5.6,7,0,0.0,False,6,3,0.0
2020-03-15 09:00:00,0,0,0,0,0.0,3.8,5.9,8,0,0.0,False,6,3,0.0
2020-03-15 10:00:00,0,0,0,0,0.1,4.0,6.2,9,0,0.0,False,6,3,0.0
2020-03-15 11:00:00,0,0,0,0,0.1,4.3,7.4,10,0,0.0,False,6,3,0.0
2020-03-15 12:00:00,0,0,0,0,0.1,4.5,8.6,11,0,0.0,False,6,3,0.0
2020-03-15 13:00:00,0,0,0,0,0.1,4.8,5.6,12,0,0.0,False,6,3,0.0
2020-03-15 14:00:00,0,0,0,0,0.4,5.2,6.6,13,0,0.0,False,6,3,0.0
2020-03-15 15:00:00,0,0,0,0,1.0,5.5,5.3,14,0,0.0,False,6,3,0.0
2020-03-15 16:00:00,0,0,0,0,0.2,5.8,4.1,15,0,0.0,False,6,3,0.0
2020-03-15 17:00:00,0,0,0,0,0.2,6.0,5.1,16,0,0.0,False,6,3,0.0
2020-03-15 18:00:00,0,0,0,0,0.0,6.1,3.5,17,0,0.0,False,6,3,0.0
2020-03-15 19:00:00,0,0,0,0,0.0,6.3,5.1,18,0,0.0,False,6,3,0.0
2020-03-15 20:00:00,0,0,0,0,0.0,6.1,1.5,19,0,0.0,False,6,3,0.0
2020-03-15 21:00:00,0,0,0,0,0.0,5.4,4.5,20,0,0.0,False,6,3,0.0
2020-03-15 22:00:00,0,0,0,0,0.0,5.4,1.9,21,0,0.0,False,6,3,0.0
2020-03-15 23:00:00,0,0,0,0,0.0,4.9,3.5,22,0,0.0,False,6,3,0.0
2020-03-15 00:00:00,0,0,0,0,0.0,4.4,1.9,23,0,0.0,False,6,3,0.0
2020-03-16 01:00:00,0,0,0,0,0.0,3.9,1.2,0,0,,False,0,3,0.0
2020-03-16 02:00:00,0,0,0,0,0.0,3.3,2.7,1,0,0.0,False,0,3,0.0
2020-03-16 03:00:00,0,0,0,0,0.0,3.1,0.9,2,0,0.0,False,0,3,0.0
2020-03-16 04:00:00,0,0,0,0,0.0,2.8,1.4,3,0,0.0,False,0,3,0.0
2020-03-16 05:00:00,0,0,0,0,0.0,3.1,3.7,4,0,0.0,False,0,3,0.0
2020-03-16 06:00:00,0,0,0,0,0.0,3.2,7.3,5,0,0.0,False,0,3,0.0
2020-03-16 07:00:00,0,0,0,0,0.0,2.8,9.0,6,0,0.0,False,0,3,0.0
2020-03-16 08:00:00,0,0,0,0,0.0,2.7,8.6,7,0,0.0,False,0,3,0.0
2020-03-16 09:00:00,0,0,0,0,0.0,2.7,8.5,8,0,0.0,False,0,3,0.0
2020-03-16 10:00:00,0,0,0,0,0.0,2.9,7.5,9,0,0.0,False,0,3,0.0
2020-03-16 11:00:00,0,0,0,0,0.0,3.5,4.9,10,0,0.0,False,0,3,0.0
2020-03-16 12:00:00,0,0,0,0,0.0,4.2,3.7,11,0,0.0,False,0,3,0.0
2020-03-16 13:00:00,0,0,0,0,0.0,5.0,3.6,12,0,0.0,False,0,3,0.0
2020-03-16 14:00:00,0,0,0,0,0.0,6.3,2.6,13,0,0.0,False,0,3,0.0
2020-03-16 15:00:00,0,0,0,0,0.0,6.5,2.6,14,0,0.0,False,0,3,0.0
2020-03-16 16:00:00,1,0,1,1,0.0,7.3,0.8,15,0,0.0,False,0,3,0.0
2020-03-16 17:00:00,1,0,1,1,0.0,7.2,2.9,16,0,0.0,False,0,3,0.0
2020-03-16 18:00:00,1,0,1,1,0.0,6.1,3.3,17,0,0.0,False,0,3,0.0
2020-03-16 19:00:00,1,0,1,1,0.0,5.3,1.9,18,0,0.0,False,0,3,0.0
2020-03-16 20:00:00,1,0,1,1,0.0,5.2,2.0,19,0,0.0,False,0,3,0.0
2020-03-16 21:00:00,1,0,1,1,0.0,4.9,2.9,20,0,0.0,False,0,3,0.0
2020-03-16 22:00:00,1,0,1,1,0.0,4.6,3.5,21,0,0.0,False,0,3,0.0
2020-03-16 23:00:00,1,0,1,1,0.0,4.3,4.4,22,0,0.0,False,0,3,0.0
2020-03-16 00:00:00,1,0,1,1,0.0,4.3,5.3,23,0,0.0,False,0,3,0.0
2020-03-17 01:00:00,1,0,1,1,0.0,4.0,3.8,0,0,,False,1,3,0.0
2020-03-17 02:00:00,1,0,1,1,0.0,3.6,4.8,1,0,0.0,False,1,3,0.0
2020-03-17 03:00:00,1,0,1,1,0.0,3.8,6.8,2,0,0.0,False,1,3,0.0
2020-03-17 04:00:00,1,0,1,1,0.0,3.5,4.6,3,0,0.0,False,1,3,0.0
2020-03-17 05:00:00,1,0,1,1,0.0,3.6,4.4,4,0,0.0,False,1,3,0.0
2020-03-17 06:00:00,1,0,1,1,0.0,4.0,5.3,5,0,0.0,False,1,3,0.0
2020-03-17 07:00:00,1,0,1,1,0.0,4.7,4.4,6,0,0.0,False,1,3,0.0
2020-03-17 08:00:00,1,0,1,1,0.0,5.1,5.5,7,0,0.0,False,1,3,0.0
2020-03-17 09:00:00,1,0,1,1,0.0,5.8,6.2,8,0,0.0,False,1,3,0.0
2020-03-17 10:00:00,1,0,1,1,0.0,6.3,7.3,9,0,0.0,False,1,3,0.0
2020-03-17 11:00:00,1,0,1,1,0.0,7.3,4.6,10,0,0.0,False,1,3,0.0
2020-03-17 12:00:00,1,0,1,1,0.0,8.2,6.6,11,0,0.0,False,1,3,0.0
2020-03-17 13:00:00,1,0,1,1,0.0,10.2,4.7,12,0,0.0,False,1,3,0.0
2020-03-17 14:00:00,1,0,1,1,0.0,10.2,5.1,13,0,0.0,False,1,3,0.0
2020-03-17 15:00:00,1,0,1,1,0.0,10.0,4.8,14,0,0.0,False,1,3,0.0
2020-03-17 16:00:00,1,0,1,1,0.0,10.0,5.4,15,0,0.0,False,1,3,0.0
2020-03-17 17:00:00,1,0,1,1,0.0,12.0,5.7,16,0,0.0,False,1,3,0.0
2020-03-17 18:00:00,1,0,1,1,0.0,10.8,5.5,17,0,0.0,False,1,3,0.0
2020-03-17 19:00:00,1,0,1,1,0.0,9.8,6.1,18,0,0.0,False,1,3,0.0
2020-03-17 20:00:00,1,0,1,1,0.0,8.5,5.9,19,0,0.0,False,1,3,0.0
2020-03-17 21:00:00,1,0,1,1,0.0,7.0,4.2,20,0,0.0,False,1,3,0.0
2020-03-17 22:00:00,1,0,1,1,0.0,7.0,4.2,21,0,0.0,False,1,3,0.0
2020-03-17 23:00:00,1,0,1,1,0.0,5.9,3.1,22,0,0.0,False,1,3,0.0
2020-03-17 00:00:00,1,0,1,1,0.0,5.4,2.5,23,0,0.0,False,1,3,0.0
2020-03-18 01:00:00,1,0,1,1,0.0,5.1,2.3,0,0,,False,2,3,0.0
2020-03-18 02:00:00,1,0,1,1,0.0,5.0,1.9,1,0,0.0,False,2,3,0.0
2020-03-18 03:00:00,1,0,1,1,0.0,5.6,5.0,2,0,0.0,False,2,3,0.0
2020-03-18 04:00:00,1,0,1,1,0.0,5.6,3.4,3,0,0.0,False,2,3,0.0
2020-03-18 05:00:00,1,0,1,1,0.0,5.1,3.7,4,0,0.0,False,2,3,0.0
2020-03-18 06:00:00,1,0,1,1,0.0,5.1,4.6,5,0,0.0,False,2,3,0.0
2020-03-18 07:00:00,1,0,1,1,0.0,5.0,3.6,6,0,0.0,False,2,3,0.0
2020-03-18 08:00:00,1,0,1,1,0.0,4.7,3.7,7,1,0.0,False,2,3,0.0
2020-03-18 09:00:00,1,0,1,1,0.0,4.7,3.5,8,0,1.0,False,2,3,1.5
2020-03-18 10:00:00,1,0,1,1,0.0,4.9,3.1,9,0,0.0,False,2,3,0.5
2020-03-18 11:00:00,1,1,1,1,0.0,6.3,2.4,10,0,0.0,False,2,3,0.5
2020-03-18 12:00:00,1,1,1,1,0.0,9.2,2.9,11,1,0.0,False,2,3,0.5
2020-03-18 13:00:00,1,1,1,1,0.0,9.1,6.3,12,1,1.0,False,2,3,1.25
2020-03-18 14:00:00,1,1,1,1,0.0,9.5,6.5,13,0,1.0,False,2,3,0.75
2020-03-18 15:00:00,1,1,1,1,0.0,9.5,7.0,14,0,0.0,False,2,3,1.0
2020-03-18 16:00:00,0,1,1,1,0.0,9.3,8.0,15,1,0.0,False,2,3,1.0
2020-03-18 17:00:00,0,1,1,1,0.0,9.2,5.4,16,2,1.0,False,2,3,2.5
2020-03-18 18:00:00,1,0,1,1,0.0,8.6,5.7,17,0,2.0,False,2,3,1.75
2020-03-18 19:00:00,0,1,0,1,0.0,7.7,4.1,18,0,0.0,False,2,3,0.5
2020-03-18 20:00:00,1,1,1,1,0.0,6.3,5.5,19,1,0.0,False,2,3,0.5
2020-03-18 21:00:00,0,1,0,1,0.0,5.6,5.1,20,0,1.0,False,2,3,0.0
2020-03-18 22:00:00,0,1,1,1,0.0,4.3,0.8,21,0,0.0,False,2,3,0.5
2020-03-18 23:00:00,0,1,0,1,0.0,4.2,2.5,22,0,0.0,False,2,3,0.0
2020-03-18 00:00:00,0,1,0,1,0.0,2.8,1.6,23,0,0.0,False,2,3,0.0
2020-03-19 01:00:00,0,1,0,1,0.0,2.8,2.4,0,0,,False,3,3,0.0
2020-03-19 02:00:00,0,1,0,1,0.0,1.2,2.5,1,0,0.0,False,3,3,0.0
2020-03-19 03:00:00,0,1,0,1,0.0,1.0,1.0,2,0,0.0,False,3,3,0.0
2020-03-19 04:00:00,0,1,0,0,0.0,0.3,1.8,3,0,0.0,False,3,3,0.0
2020-03-19 05:00:00,0,1,0,1,0.0,-0.7,0.5,4,0,0.0,False,3,3,0.0
2020-03-19 06:00:00,0,1,0,1,0.0,-1.5,0.4,5,0,0.0,False,3,3,0.25
2020-03-19 07:00:00,0,1,0,1,0.0,-1.5,0.5,6,0,0.0,False,3,3,0.25
2020-03-19 08:00:00,0,1,0,1,0.0,-0.9,0.4,7,2,0.0,False,3,3,1.5
2020-03-19 09:00:00,0,1,0,1,0.0,2.4,1.6,8,1,2.0,False,3,3,0.5
2020-03-19 10:00:00,1,1,0,1,0.0,4.3,1.8,9,1,1.0,False,3,3,0.5
2020-03-19 11:00:00,1,1,0,1,0.0,5.9,2.3,10,1,1.0,False,3,3,1.0
2020-03-19 12:00:00,0,1,0,0,0.0,7.7,3.7,11,3,1.0,False,3,3,0.75
2020-03-19 13:00:00,0,1,0,0,0.0,8.8,4.7,12,2,3.0,False,3,3,1.25
2020-03-19 14:00:00,0,0,0,0,0.0,10.1,4.4,13,0,2.0,False,3,3,1.25
2020-03-19 15:00:00,0,1,0,1,0.0,9.6,5.0,14,2,0.0,False,3,3,1.25
2020-03-19 16:00:00,0,0,1,1,0.0,10.4,3.6,15,2,2.0,False,3,3,1.0
2020-03-19 17:00:00,1,1,1,1,0.0,10.4,2.8,16,0,2.0,False,3,3,1.75
2020-03-19 18:00:00,0,1,1,1,0.0,8.5,3.6,17,0,0.0,False,3,3,1.75
2020-03-19 19:00:00,1,1,1,1,0.0,7.4,2.0,18,0,0.0,False,3,3,0.25
2020-03-19 20:00:00,1,1,1,1,0.0,5.4,1.8,19,0,0.0,False,3,3,0.0
2020-03-19 21:00:00,1,1,1,1,0.0,4.2,1.1,20,1,0.0,False,3,3,0.75
2020-03-19 22:00:00,1,1,1,1,0.0,4.5,3.5,21,0,1.0,False,3,3,0.0
2020-03-19 23:00:00,1,1,1,1,0.0,4.6,3.7,22,0,0.0,False,3,3,0.0
2020-03-19 00:00:00,1,1,1,1,0.0,3.9,7.2,23,0,0.0,False,3,3,0.0
2020-03-20 01:00:00,1,1,1,1,0.0,3.1,6.8,0,0,,False,4,3,0.25
2020-03-20 02:00:00,1,1,1,1,0.0,2.4,5.1,1,0,0.0,False,4,3,0.0
2020-03-20 03:00:00,1,1,1,1,0.0,1.4,3.9,2,0,0.0,False,4,3,0.0
2020-03-20 04:00:00,1,1,1,1,0.0,0.6,2.5,3,0,0.0,False,4,3,0.0
2020-03-20 05:00:00,1,1,1,1,0.0,0.2,3.1,4,0,0.0,False,4,3,0.0
2020-03-20 06:00:00,1,1,1,1,0.0,-0.3,3.6,5,0,0.0,False,4,3,0.0
2020-03-20 07:00:00,1,1,1,1,0.0,0.0,4.3,6,2,0.0,False,4,3,0.5
2020-03-20 08:00:00,1,1,1,1,0.0,0.0,3.4,7,2,2.0,False,4,3,2.0
2020-03-20 09:00:00,1,1,1,1,0.0,1.3,4.4,8,1,2.0,False,4,3,0.5
2020-03-20 10:00:00,1,1,1,1,0.0,2.4,5.0,9,0,1.0,False,4,3,0.25
2020-03-20 11:00:00,1,1,1,1,0.0,3.7,3.0,10,5,0.0,False,4,3,1.75
2020-03-20 12:00:00,1,1,1,1,0.0,5.2,3.4,11,1,5.0,False,4,3,1.5
2020-03-20 13:00:00,1,1,1,1,0.0,5.7,4.7,12,0,1.0,False,4,3,1.0
2020-03-20 14:00:00,1,1,1,1,0.0,6.3,3.2,13,1,0.0,False,4,3,1.5
2020-03-20 15:00:00,1,1,1,1,0.0,6.9,3.3,14,3,1.0,False,4,3,2.25
2020-03-20 16:00:00,0,1,1,1,0.0,6.8,4.3,15,4,3.0,False,4,3,1.75
2020-03-20 17:00:00,0,1,1,1,0.0,7.1,3.2,16,4,4.0,False,4,3,3.0
2020-03-20 18:00:00,1,1,1,1,0.0,6.7,3.7,17,2,4.0,False,4,3,1.75
2020-03-20 19:00:00,0,1,1,1,0.0,5.6,2.5,18,0,2.0,False,4,3,0.75
2020-03-20 20:00:00,1,1,1,1,0.0,2.2,2.3,19,1,0.0,False,4,3,0.25
2020-03-20 21:00:00,1,1,1,1,0.0,0.8,2.6,20,0,1.0,False,4,3,0.5
2020-03-20 22:00:00,0,1,1,1,0.0,-0.3,1.3,21,0,0.0,False,4,3,0.5
2020-03-20 23:00:00,1,1,1,1,0.0,-0.6,1.8,22,0,0.0,False,4,3,0.25
2020-03-20 00:00:00,1,1,1,1,0.0,-0.3,1.5,23,1,0.0,False,4,3,0.0
2020-03-21 01:00:00,1,1,1,1,0.0,-0.9,1.4,0,0,,False,5,3,0.0
2020-03-21 02:00:00,1,1,1,1,0.0,-0.9,1.5,1,0,0.0,False,5,3,0.0
2020-03-21 03:00:00,1,1,1,1,0.0,-0.6,1.5,2,0,0.0,False,5,3,0.0
2020-03-21 04:00:00,1,1,1,1,0.0,-0.5,3.7,3,0,0.0,False,5,3,0.0
2020-03-21 05:00:00,1,1,1,1,0.0,-0.1,4.7,4,0,0.0,False,5,3,0.0
2020-03-21 06:00:00,1,1,1,1,0.0,-1.1,1.8,5,0,0.0,False,5,3,0.0
2020-03-21 07:00:00,1,1,1,1,0.0,-0.4,4.5,6,1,0.0,False,5,3,0.0
2020-03-21 08:00:00,1,1,1,1,0.0,-1.1,1.2,7,0,1.0,False,5,3,0.0
2020-03-21 09:00:00,1,1,1,1,0.0,1.2,0.9,8,0,0.0,False,5,3,0.0
2020-03-21 10:00:00,1,1,1,1,0.0,2.2,1.7,9,0,0.0,False,5,3,0.75
2020-03-21 11:00:00,0,1,1,1,0.0,3.6,1.6,10,1,0.0,False,5,3,1.0
2020-03-21 12:00:00,1,1,1,1,0.0,4.4,2.5,11,1,1.0,False,5,3,1.75
2020-03-21 13:00:00,1,1,1,1,0.0,5.4,1.4,12,3,1.0,False,5,3,3.5
2020-03-21 14:00:00,1,1,1,1,0.0,5.8,2.3,13,5,3.0,False,5,3,3.25
2020-03-21 15:00:00,1,1,1,1,0.0,6.2,3.3,14,0,5.0,False,5,3,3.25
2020-03-21 16:00:00,1,1,1,1,0.0,6.2,1.9,15,0,0.0,False,5,3,2.25
2020-03-21 17:00:00,1,1,1,1,0.0,6.0,2.2,16,2,0.0,False,5,3,1.25
2020-03-21 18:00:00,1,1,1,1,0.0,5.6,2.4,17,0,2.0,False,5,3,2.0
2020-03-21 19:00:00,1,1,1,1,0.0,4.8,2.3,18,0,0.0,False,5,3,1.0
2020-03-21 20:00:00,1,1,1,1,0.0,2.7,0.8,19,0,0.0,False,5,3,1.25
2020-03-21 21:00:00,1,1,1,1,0.0,-0.1,1.4,20,0,0.0,False,5,3,0.75
2020-03-21 22:00:00,1,1,1,1,0.0,-0.5,1.8,21,0,0.0,False,5,3,1.25
2020-03-21 23:00:00,1,1,1,1,0.0,-1.3,1.2,22,1,0.0,False,5,3,0.0
2020-03-21 00:00:00,1,1,1,1,0.0,-1.7,1.4,23,0,1.0,False,5,3,0.0
2020-03-22 01:00:00,1,1,1,1,0.0,-2.1,2.4,0,0,,False,6,3,0.0
2020-03-22 02:00:00,1,1,1,1,0.0,-2.5,0.9,1,0,0.0,False,6,3,0.0
2020-03-22 03:00:00,1,1,1,1,0.0,-2.9,1.9,2,0,0.0,False,6,3,0.0
2020-03-22 04:00:00,1,1,1,1,0.0,-3.8,1.1,3,0,0.0,False,6,3,0.0
2020-03-22 05:00:00,1,1,1,1,0.0,-4.2,1.0,4,0,0.0,False,6,3,0.0
2020-03-22 06:00:00,1,1,1,1,0.0,-4.7,0.5,5,0,0.0,False,6,3,0.0
2020-03-22 07:00:00,1,1,1,1,0.0,-4.4,1.8,6,0,0.0,False,6,3,0.0
2020-03-22 08:00:00,1,1,1,1,0.0,-4.8,0.7,7,1,0.0,False,6,3,0.25
2020-03-22 09:00:00,1,1,1,1,0.0,-0.5,0.6,8,1,1.0,False,6,3,0.25
2020-03-22 10:00:00,1,1,1,1,0.0,0.6,1.1,9,2,1.0,False,6,3,0.25
2020-03-22 11:00:00,1,1,1,1,0.0,1.6,1.6,10,0,2.0,False,6,3,1.5
2020-03-22 12:00:00,0,1,1,1,0.0,4.2,1.8,11,5,0.0,False,6,3,1.75
2020-03-22 13:00:00,0,1,1,1,0.0,4.6,4.8,12,2,5.0,False,6,3,3.25
2020-03-22 14:00:00,1,1,1,1,0.0,5.5,6.0,13,3,2.0,False,6,3,1.75
2020-03-22 15:00:00,1,1,0,1,0.0,5.6,5.3,14,5,3.0,False,6,3,3.0
2020-03-22 16:00:00,1,0,0,1,0.0,5.0,5.3,15,1,5.0,False,6,3,0.25
2020-03-22 17:00:00,1,1,0,1,0.0,4.7,5.7,16,3,1.0,False,6,3,1.5
2020-03-22 18:00:00,1,1,1,1,0.0,4.0,5.8,17,1,3.0,False,6,3,2.0
2020-03-22 19:00:00,1,0,0,1,0.0,3.2,5.5,18,0,1.0,False,6,3,0.5
2020-03-22 20:00:00,1,0,0,1,0.0,2.5,3.3,19,1,0.0,False,6,3,0.0
2020-03-22 21:00:00,1,0,0,1,0.0,2.1,3.7,20,2,1.0,False,6,3,0.75
2020-03-22 22:00:00,1,1,0,1,0.0,1.9,2.6,21,1,2.0,False,6,3,0.0
2020-03-22 23:00:00,1,1,0,1,0.0,2.0,1.9,22,2,1.0,False,6,3,0.0
2020-03-22 00:00:00,1,1,0,1,0.0,1.3,1.9,23,0,2.0,False,6,3,0.0
2020-03-23 01:00:00,1,1,0,1,0.0,1.5,3.1,0,0,,False,0,3,0.25
2020-03-23 02:00:00,1,1,0,1,0.0,1.3,3.3,1,0,0.0,False,0,3,0.0
2020-03-23 03:00:00,1,1,0,1,0.0,1.1,2.0,2,0,0.0,False,0,3,0.0
2020-03-23 04:00:00,1,1,0,1,0.0,1.5,3.1,3,0,0.0,False,0,3,0.0
2020-03-23 05:00:00,1,1,0,1,0.0,2.0,2.9,4,0,0.0,False,0,3,0.0
2020-03-23 06:00:00,1,1,0,1,0.0,2.7,6.6,5,0,0.0,False,0,3,0.5
2020-03-23 07:00:00,1,0,0,1,0.0,2.7,4.5,6,1,0.0,False,0,3,0.0
2020-03-23 08:00:00,1,1,0,1,0.0,2.4,5.8,7,0,1.0,False,0,3,1.25
2020-03-23 09:00:00,1,0,0,1,0.0,3.3,6.3,8,0,0.0,False,0,3,2.25
2020-03-23 10:00:00,0,0,0,1,0.0,3.5,6.8,9,0,0.0,False,0,3,0.0
2020-03-23 11:00:00,0,0,0,1,0.0,4.2,6.3,10,1,0.0,False,0,3,0.75
2020-03-23 12:00:00,0,0,0,1,0.0,5.4,6.9,11,1,1.0,False,0,3,0.5
2020-03-23 13:00:00,0,0,0,1,0.0,4.9,7.0,12,0,1.0,False,0,3,0.25
2020-03-23 14:00:00,0,0,0,1,0.0,5.3,5.2,13,2,0.0,False,0,3,0.5
2020-03-23 15:00:00,0,0,0,1,0.0,5.3,3.9,14,1,2.0,False,0,3,0.25
2020-03-23 16:00:00,0,0,0,1,0.0,5.5,6.5,15,2,1.0,False,0,3,0.5
2020-03-23 17:00:00,0,1,1,1,0.0,5.3,6.7,16,0,2.0,False,0,3,1.75
2020-03-23 18:00:00,0,1,1,1,0.0,4.5,7.6,17,0,0.0,False,0,3,2.25
2020-03-23 19:00:00,0,1,1,1,0.0,3.6,6.6,18,2,0.0,False,0,3,1.0
2020-03-23 20:00:00,1,1,1,1,0.0,3.6,5.6,19,0,2.0,False,0,3,0.75
2020-03-23 21:00:00,1,1,1,1,0.0,3.4,3.8,20,1,0.0,False,0,3,0.25
2020-03-23 22:00:00,1,1,1,1,0.0,2.8,6.6,21,0,1.0,False,0,3,0.5
2020-03-23 23:00:00,1,1,1,1,0.0,2.9,5.0,22,0,0.0,False,0,3,0.25
2020-03-23 00:00:00,1,1,1,1,0.0,2.6,4.5,23,0,0.0,False,0,3,0.0
2020-03-24 01:00:00,1,1,1,1,0.0,2.4,5.0,0,0,,False,1,3,0.0
2020-03-24 02:00:00,1,1,1,1,0.0,2.3,5.5,1,0,0.0,False,1,3,0.0
2020-03-24 03:00:00,1,1,1,1,0.0,2.4,5.1,2,0,0.0,False,1,3,0.0
2020-03-24 04:00:00,1,1,1,1,0.0,2.5,4.2,3,0,0.0,False,1,3,0.0
2020-03-24 05:00:00,1,1,1,1,0.0,2.5,4.6,4,0,0.0,False,1,3,0.0
2020-03-24 06:00:00,1,1,1,1,0.0,2.6,4.8,5,1,0.0,False,1,3,0.25
2020-03-24 07:00:00,1,0,1,1,0.0,2.9,6.8,6,0,1.0,False,1,3,0.5
2020-03-24 08:00:00,1,1,1,1,0.0,3.5,5.2,7,1,0.0,False,1,3,1.75
2020-03-24 09:00:00,0,0,1,1,0.0,4.0,5.1,8,0,1.0,False,1,3,0.75
2020-03-24 10:00:00,0,1,1,1,0.0,4.6,6.2,9,0,0.0,False,1,3,0.25
2020-03-24 11:00:00,0,1,1,1,0.0,5.1,5.7,10,0,0.0,False,1,3,0.25
2020-03-24 12:00:00,1,1,1,1,0.0,5.6,7.5,11,0,0.0,False,1,3,0.5
2020-03-24 13:00:00,1,1,1,1,0.0,5.6,5.7,12,0,0.0,False,1,3,1.0
2020-03-24 14:00:00,0,1,1,1,0.0,5.5,4.4,13,1,0.0,False,1,3,1.5
2020-03-24 15:00:00,0,1,1,1,0.0,5.5,6.9,14,1,1.0,False,1,3,1.25
2020-03-24 16:00:00,1,1,1,1,0.0,5.3,5.9,15,1,1.0,False,1,3,0.75
2020-03-24 17:00:00,1,1,1,1,0.0,5.0,7.9,16,4,1.0,False,1,3,3.0
2020-03-24 18:00:00,1,1,1,1,0.0,4.6,6.9,17,0,4.0,False,1,3,2.0
2020-03-24 19:00:00,1,0,1,1,0.0,4.5,5.6,18,0,0.0,False,1,3,1.25
2020-03-24 20:00:00,1,1,1,1,0.0,4.6,5.7,19,0,0.0,False,1,3,0.5
2020-03-24 21:00:00,1,1,1,1,0.0,4.7,5.6,20,0,0.0,False,1,3,0.75
2020-03-24 22:00:00,0,1,1,1,0.0,4.6,4.7,21,0,0.0,False,1,3,0.0
2020-03-24 23:00:00,0,1,1,1,0.0,4.5,6.8,22,1,0.0,False,1,3,1.0
2020-03-24 00:00:00,0,1,1,1,0.0,4.3,5.9,23,0,1.0,False,1,3,0.0
2020-03-25 01:00:00,0,1,1,1,0.0,4.4,6.5,0,0,,False,2,3,0.0
2020-03-25 02:00:00,0,1,1,1,0.0,4.2,4.9,1,0,0.0,False,2,3,0.0
2020-03-25 03:00:00,0,1,1,1,0.0,4.1,5.7,2,0,0.0,False,2,3,0.0
2020-03-25 04:00:00,0,1,1,1,0.0,3.9,4.4,3,0,0.0,False,2,3,0.0
2020-03-25 05:00:00,0,1,1,1,0.0,3.8,4.6,4,0,0.0,False,2,3,0.0
2020-03-25 06:00:00,0,1,1,1,0.0,3.8,4.4,5,0,0.0,False,2,3,0.0
2020-03-25 07:00:00,0,1,1,1,0.0,3.8,3.9,6,0,0.0,False,2,3,0.5
2020-03-25 08:00:00,0,1,1,1,0.0,4.0,4.3,7,0,0.0,False,2,3,1.25
2020-03-25 09:00:00,0,1,1,1,0.0,4.8,3.5,8,0,0.0,False,2,3,1.0
2020-03-25 10:00:00,0,1,1,1,0.0,6.0,5.4,9,0,0.0,False,2,3,1.0
2020-03-25 11:00:00,0,1,1,1,0.0,7.4,4.3,10,1,0.0,False,2,3,0.5
2020-03-25 12:00:00,1,1,1,1,0.0,7.5,5.0,11,2,1.0,False,2,3,0.75
2020-03-25 13:00:00,1,1,1,1,0.0,7.9,5.2,12,0,2.0,False,2,3,1.25
2020-03-25 14:00:00,0,1,1,1,0.0,7.9,6.5,13,1,0.0,False,2,3,1.25
2020-03-25 15:00:00,0,0,1,1,0.0,7.6,6.6,14,1,1.0,False,2,3,0.25
2020-03-25 16:00:00,0,0,1,1,0.0,7.7,5.5,15,5,1.0,False,2,3,1.5
2020-03-25 17:00:00,0,0,1,1,0.0,7.4,5.9,16,0,5.0,False,2,3,1.75
2020-03-25 18:00:00,1,1,1,1,0.0,6.7,4.3,17,4,0.0,False,2,3,2.0
2020-03-25 19:00:00,1,0,1,1,0.0,6.1,3.2,18,2,4.0,False,2,3,2.75
2020-03-25 20:00:00,1,1,1,1,0.0,5.7,3.6,19,0,2.0,False,2,3,0.75
2020-03-25 21:00:00,1,1,1,1,0.0,5.5,4.6,20,0,0.0,False,2,3,0.75
2020-03-25 22:00:00,1,1,1,1,0.0,5.5,3.3,21,0,0.0,False,2,3,0.25
2020-03-25 23:00:00,1,1,1,1,0.0,5.3,3.0,22,1,0.0,False,2,3,0.5
2020-03-25 00:00:00,1,1,1,1,0.0,5.3,2.0,23,0,1.0,False,2,3,0.0
2020-03-26 01:00:00,1,1,1,1,0.0,4.8,1.7,0,0,,False,3,3,0.0
2020-03-26 02:00:00,1,1,1,1,0.0,4.8,1.8,1,0,0.0,False,3,3,0.0
2020-03-26 03:00:00,1,1,1,1,0.0,4.7,2.6,2,0,0.0,False,3,3,0.0
2020-03-26 04:00:00,1,1,1,1,0.0,4.6,2.3,3,0,0.0,False,3,3,0.0
2020-03-26 05:00:00,1,1,1,1,0.0,4.4,2.8,4,0,0.0,False,3,3,0.0
2020-03-26 06:00:00,1,1,1,1,0.0,4.4,3.6,5,0,0.0,False,3,3,0.5
2020-03-26 07:00:00,1,1,1,1,0.0,4.2,3.0,6,1,0.0,False,3,3,0.25
2020-03-26 08:00:00,1,1,1,1,0.0,4.2,3.0,7,5,1.0,False,3,3,2.25
2020-03-26 09:00:00,0,1,1,1,0.0,4.3,3.0,8,1,5.0,False,3,3,1.0
2020-03-26 10:00:00,0,1,1,1,0.0,4.5,2.6,9,0,1.0,False,3,3,1.5
2020-03-26 11:00:00,0,1,1,1,0.0,5.1,1.2,10,0,0.0,False,3,3,0.75
2020-03-26 12:00:00,1,1,1,1,0.0,5.5,1.9,11,1,0.0,False,3,3,1.0
2020-03-26 13:00:00,1,1,1,1,0.0,6.4,1.1,12,0,1.0,False,3,3,1.5
2020-03-26 14:00:00,1,0,1,1,0.0,8.6,0.9,13,1,0.0,False,3,3,0.75
2020-03-26 15:00:00,1,0,1,1,0.0,10.4,3.6,14,0,1.0,False,3,3,0.75
2020-03-26 16:00:00,1,0,1,1,0.0,9.0,4.2,15,2,0.0,False,3,3,2.25
2020-03-26 17:00:00,0,1,1,1,0.0,7.5,4.2,16,3,2.0,False,3,3,1.25
2020-03-26 18:00:00,0,1,1,1,0.0,6.8,3.3,17,4,3.0,False,3,3,3.5
2020-03-26 19:00:00,0,1,1,1,0.0,6.3,2.2,18,1,4.0,False,3,3,2.25
2020-03-26 20:00:00,1,1,1,1,0.0,5.8,2.6,19,0,1.0,False,3,3,1.75
2020-03-26 21:00:00,1,1,1,1,0.0,5.4,2.4,20,1,0.0,False,3,3,1.0
2020-03-26 22:00:00,1,1,1,1,0.0,4.8,2.5,21,0,1.0,False,3,3,1.25
2020-03-26 23:00:00,1,1,1,1,0.0,4.5,1.8,22,3,0.0,False,3,3,0.0
2020-03-26 00:00:00,1,1,1,1,0.0,4.4,2.1,23,0,3.0,False,3,3,0.0
2020-03-27 01:00:00,1,0,1,1,0.0,4.0,1.5,0,0,,False,4,3,0.25
2020-03-27 02:00:00,1,0,1,1,0.0,3.8,2.2,1,0,0.0,False,4,3,0.0
2020-03-27 03:00:00,1,0,1,1,0.0,3.8,1.3,2,0,0.0,False,4,3,0.0
2020-03-27 04:00:00,1,0,1,1,0.0,3.7,1.4,3,0,0.0,False,4,3,0.0
2020-03-27 05:00:00,1,0,1,1,0.0,3.6,0.5,4,0,0.0,False,4,3,0.0
2020-03-27 06:00:00,1,0,1,1,0.0,3.5,1.7,5,1,0.0,False,4,3,0.0
2020-03-27 07:00:00,1,0,1,1,0.0,3.4,2.0,6,0,1.0,False,4,3,0.75
2020-03-27 08:00:00,1,0,1,1,0.0,3.4,1.6,7,0,0.0,False,4,3,2.5
2020-03-27 09:00:00,0,1,1,1,0.0,3.6,2.4,8,0,0.0,False,4,3,1.5
2020-03-27 10:00:00,0,1,1,1,0.0,3.7,2.3,9,0,0.0,False,4,3,0.5
2020-03-27 11:00:00,0,1,1,1,0.0,4.6,2.2,10,0,0.0,False,4,3,0.75
2020-03-27 12:00:00,0,1,1,1,0.0,4.9,1.2,11,4,0.0,False,4,3,1.0
2020-03-27 13:00:00,0,0,1,1,0.0,6.2,0.7,12,0,4.0,False,4,3,1.0
2020-03-27 14:00:00,0,0,1,1,0.0,7.1,2.2,13,1,0.0,False,4,3,1.25
2020-03-27 15:00:00,0,1,1,1,0.0,6.9,1.8,14,3,1.0,False,4,3,0.5
2020-03-27 16:00:00,1,1,1,1,0.0,7.6,1.9,15,1,3.0,False,4,3,2.5
2020-03-27 17:00:00,1,0,1,1,0.0,7.7,2.1,16,2,1.0,False,4,3,2.25
2020-03-27 18:00:00,0,1,1,1,0.0,7.7,2.4,17,5,2.0,False,4,3,2.75
2020-03-27 19:00:00,1,1,0,1,0.0,7.1,1.8,18,0,5.0,False,4,3,2.0
2020-03-27 20:00:00,1,1,1,1,0.0,5.5,2.4,19,0,0.0,False,4,3,0.75
2020-03-27 21:00:00,1,1,1,1,0.0,3.7,1.4,20,0,0.0,False,4,3,0.5
2020-03-27 22:00:00,1,1,0,1,0.0,2.0,0.2,21,0,0.0,False,4,3,0.75
2020-03-27 23:00:00,1,1,0,1,0.0,0.8,0.2,22,0,0.0,False,4,3,0.0
2020-03-27 00:00:00,1,1,0,1,0.0,0.2,1.3,23,3,0.0,False,4,3,0.0
2020-03-28 01:00:00,1,1,0,1,0.0,-0.1,1.4,0,0,,False,5,3,0.25
2020-03-28 02:00:00,1,1,0,1,0.0,-1.2,1.2,1,0,0.0,False,5,3,0.0
2020-03-28 03:00:00,1,1,0,1,0.0,-1.3,1.2,2,0,0.0,False,5,3,0.0
2020-03-28 04:00:00,1,1,0,1,0.0,-1.0,2.2,3,0,0.0,False,5,3,0.0
2020-03-28 05:00:00,1,1,0,1,0.0,0.0,1.2,4,0,0.0,False,5,3,0.0
2020-03-28 06:00:00,1,1,0,1,0.0,-0.4,0.7,5,0,0.0,False,5,3,0.25
2020-03-28 07:00:00,1,1,0,1,0.0,-0.6,1.7,6,0,0.0,False,5,3,0.25
2020-03-28 08:00:00,1,1,1,1,0.0,0.6,3.2,7,0,0.0,False,5,3,0.0
2020-03-28 09:00:00,1,1,1,1,0.0,4.9,5.4,8,0,0.0,False,5,3,0.75
2020-03-28 10:00:00,1,1,1,1,0.0,5.2,6.0,9,0,0.0,False,5,3,1.0
2020-03-28 11:00:00,0,1,1,1,0.0,6.0,7.2,10,3,0.0,False,5,3,0.75
2020-03-28 12:00:00,0,1,1,1,0.0,6.6,6.7,11,0,3.0,False,5,3,2.25
2020-03-28 13:00:00,1,1,0,1,0.0,7.0,6.2,12,1,0.0,False,5,3,3.0
2020-03-28 14:00:00,1,1,0,0,0.0,7.4,5.7,13,1,1.0,False,5,3,2.5
2020-03-28 15:00:00,0,0,1,0,0.0,6.9,7.7,14,3,1.0,False,5,3,2.5
2020-03-28 16:00:00,1,0,1,1,0.0,6.6,9.0,15,1,3.0,False,5,3,2.75
2020-03-28 17:00:00,1,1,1,1,0.0,6.9,7.6,16,0,1.0,False,5,3,3.75
2020-03-28 18:00:00,1,1,0,0,0.0,5.6,6.7,17,1,0.0,False,5,3,1.75
2020-03-28 19:00:00,0,0,0,1,0.0,3.8,7.9,18,0,1.0,False,5,3,0.75
2020-03-28 20:00:00,1,0,0,1,0.0,2.2,7.7,19,0,0.0,False,5,3,0.5
2020-03-28 21:00:00,1,1,0,1,0.0,1.5,7.6,20,0,0.0,False,5,3,1.0
2020-03-28 22:00:00,1,0,0,1,0.0,0.8,5.5,21,0,0.0,False,5,3,0.5
2020-03-28 23:00:00,1,1,1,1,0.0,0.2,5.7,22,0,0.0,False,5,3,0.25
2020-03-28 00:00:00,1,1,1,1,0.0,-0.6,4.1,23,0,0.0,False,5,3,0.0
2020-03-29 01:00:00,1,1,1,1,0.0,-1.1,2.5,0,0,,False,6,3,0.0
2020-03-29 02:00:00,1,1,1,1,0.0,-2.0,2.4,1,0,0.0,False,6,3,0.0
2020-03-29 03:00:00,1,1,1,1,0.0,-2.0,3.6,2,0,0.0,False,6,3,0.0
2020-03-29 04:00:00,1,1,1,1,0.0,-2.0,4.5,3,0,0.0,False,6,3,0.0
2020-03-29 05:00:00,1,1,1,1,0.0,-2.4,4.0,4,0,0.0,False,6,3,0.0
2020-03-29 06:00:00,1,1,1,1,0.0,-3.5,1.1,5,0,0.0,False,6,3,0.0
2020-03-29 07:00:00,1,1,1,1,0.0,-4.4,0.7,6,0,0.0,False,6,3,0.0
2020-03-29 08:00:00,1,1,1,1,0.0,-3.6,1.3,7,0,0.0,False,6,3,0.0
2020-03-29 09:00:00,1,0,1,1,0.0,-0.6,1.7,8,1,0.0,False,6,3,0.0
2020-03-29 10:00:00,1,0,1,1,0.0,1.4,3.9,9,3,1.0,False,6,3,0.0
2020-03-29 11:00:00,1,0,1,1,0.0,2.5,4.6,10,4,3.0,False,6,3,0.0
2020-03-29 12:00:00,1,0,1,1,0.0,3.1,3.7,11,2,4.0,False,6,3,0.0
2020-03-29 13:00:00,0,0,1,1,0.0,4.0,3.6,12,1,2.0,False,6,3,0.0
2020-03-29 14:00:00,1,1,1,1,0.0,6.2,4.4,13,3,1.0,False,6,3,0.0
2020-03-29 15:00:00,0,1,1,0,0.0,6.6,6.2,14,4,3.0,False,6,3,0.0
2020-03-29 16:00:00,1,0,0,1,0.0,6.6,4.8,15,2,4.0,False,6,3,0.0
2020-03-29 17:00:00,0,1,0,1,0.0,5.9,4.1,16,0,2.0,False,6,3,0.0
2020-03-29 18:00:00,1,1,1,1,0.0,5.8,4.8,17,0,0.0,False,6,3,0.0
2020-03-29 19:00:00,1,1,1,1,0.0,5.1,4.6,18,3,0.0,False,6,3,0.0
2020-03-29 20:00:00,1,1,1,1,0.0,4.6,4.4,19,0,3.0,False,6,3,0.0
2020-03-29 21:00:00,1,1,1,1,0.0,4.0,5.3,20,1,0.0,False,6,3,0.0
2020-03-29 22:00:00,1,1,1,1,0.0,3.8,4.9,21,0,1.0,False,6,3,0.0
2020-03-29 23:00:00,1,1,1,1,0.0,3.6,4.9,22,0,0.0,False,6,3,0.0
2020-03-29 00:00:00,1,1,1,1,0.0,2.9,3.7,23,0,0.0,False,6,3,0.0
2020-03-30 01:00:00,1,1,1,1,0.0,2.6,3.9,0,0,,False,0,3,0.0
2020-03-30 02:00:00,1,1,1,1,0.0,0.6,2.8,1,0,0.0,False,0,3,0.0
2020-03-30 03:00:00,1,1,1,1,0.0,0.8,1.8,2,0,0.0,False,0,3,0.0
2020-03-30 04:00:00,1,1,1,1,0.0,1.1,3.9,3,0,0.0,False,0,3,0.0
2020-03-30 05:00:00,1,1,1,1,0.0,1.0,4.4,4,1,0.0,False,0,3,0.0
2020-03-30 06:00:00,1,1,1,1,0.0,0.3,3.8,5,0,1.0,False,0,3,0.0
2020-03-30 07:00:00,1,1,1,1,0.0,-0.2,3.7,6,0,0.0,False,0,3,0.0
2020-03-30 08:00:00,1,1,1,1,0.0,0.5,3.7,7,0,0.0,False,0,3,0.0
2020-03-30 09:00:00,1,1,1,1,0.0,2.1,3.7,8,0,0.0,False,0,3,0.0
2020-03-30 10:00:00,1,0,1,1,0.0,2.2,5.0,9,1,0.0,False,0,3,0.0
2020-03-30 11:00:00,0,0,1,1,0.0,3.5,4.8,10,0,1.0,False,0,3,0.0
2020-03-30 12:00:00,0,0,1,0,0.0,3.2,4.7,11,1,0.0,False,0,3,0.0
2020-03-30 13:00:00,1,0,1,0,0.0,4.0,5.0,12,1,1.0,False,0,3,0.0
2020-03-30 14:00:00,0,0,1,1,0.0,5.4,4.5,13,1,1.0,False,0,3,0.0
2020-03-30 15:00:00,0,1,1,0,0.0,5.5,6.8,14,1,1.0,False,0,3,0.0
2020-03-30 16:00:00,1,0,1,1,0.0,5.5,4.0,15,3,1.0,False,0,3,0.0
2020-03-30 17:00:00,1,1,1,1,0.0,5.8,3.9,16,0,3.0,False,0,3,0.0
2020-03-30 18:00:00,1,1,1,1,0.0,5.5,4.1,17,0,0.0,False,0,3,0.0
2020-03-30 19:00:00,0,1,1,1,0.0,4.7,3.4,18,1,0.0,False,0,3,0.0
2020-03-30 20:00:00,1,1,1,1,0.0,2.8,2.4,19,0,1.0,False,0,3,0.0
2020-03-30 21:00:00,1,1,1,1,0.0,0.8,2.7,20,0,0.0,False,0,3,0.0
2020-03-30 22:00:00,1,1,1,1,0.0,0.1,1.1,21,0,0.0,False,0,3,0.0
2020-03-30 23:00:00,1,1,1,1,0.0,-0.9,1.7,22,0,0.0,False,0,3,0.0
2020-03-30 00:00:00,1,1,1,1,0.0,-0.9,0.9,23,0,0.0,False,0,3,0.0
2020-03-31 01:00:00,1,1,1,1,0.0,-0.9,0.5,0,0,,False,1,3,0.0
2020-03-31 02:00:00,1,1,1,1,0.0,-1.0,2.0,1,0,0.0,False,1,3,0.0
2020-03-31 03:00:00,1,1,1,1,0.0,-1.1,1.0,2,0,0.0,False,1,3,0.0
2020-03-31 04:00:00,1,1,1,1,0.0,-1.7,0.4,3,1,0.0,False,1,3,0.0
2020-03-31 05:00:00,1,1,1,1,0.0,-1.7,0.7,4,0,1.0,False,1,3,0.0
2020-03-31 06:00:00,1,1,1,1,0.0,-2.4,1.0,5,0,0.0,False,1,3,0.0
2020-03-31 07:00:00,1,1,1,1,0.0,-2.7,0.6,6,4,0.0,False,1,3,0.0
2020-03-31 08:00:00,1,1,1,1,0.0,-1.3,0.2,7,0,4.0,False,1,3,0.0
2020-03-31 09:00:00,1,1,1,1,0.0,-0.2,1.5,8,1,0.0,False,1,3,0.0
2020-03-31 10:00:00,0,1,1,1,0.0,2.3,2.0,9,0,1.0,False,1,3,0.0
2020-03-31 11:00:00,0,1,1,1,0.0,4.2,1.8,10,1,0.0,False,1,3,0.0
2020-03-31 12:00:00,0,0,1,1,0.0,7.0,2.5,11,2,1.0,False,1,3,0.0
2020-03-31 13:00:00,0,1,1,1,0.0,10.4,4.5,12,3,2.0,False,1,3,0.0
2020-03-31 14:00:00,1,0,1,1,0.0,10.5,5.2,13,2,3.0,False,1,3,0.0
2020-03-31 15:00:00,0,1,1,1,0.0,10.8,4.6,14,1,2.0,False,1,3,0.0
2020-03-31 16:00:00,1,1,1,1,0.0,11.1,4.4,15,0,1.0,False,1,3,0.0
2020-03-31 17:00:00,1,1,1,1,0.0,10.9,5.0,16,1,0.0,False,1,3,0.0
2020-03-31 18:00:00,1,1,1,1,0.0,10.0,3.4,17,2,1.0,False,1,3,0.0
2020-03-31 19:00:00,1,1,1,1,0.0,9.6,3.9,18,2,2.0,False,1,3,0.0
2020-03-31 20:00:00,1,1,1,1,0.0,8.1,2.8,19,1,2.0,False,1,3,0.0
2020-03-31 21:00:00,1,1,1,1,0.0,7.2,2.8,20,0,1.0,False,1,3,0.0
2020-03-31 22:00:00,1,1,1,1,0.0,6.8,2.6,21,0,0.0,False,1,3,0.0
2020-03-31 23:00:00,1,1,1,1,0.0,5.5,2.3,22,0,0.0,False,1,3,0.0
2020-03-31 00:00:00,1,1,1,1,0.0,4.4,1.6,23,0,0.0,False,1,3,0.0
