Unnamed: 0,Nedbør (1 t),Lufttemperatur,Middelvind,Skydekke,count,weekday,hour,isHoliday,count_last_hour,month,bike_availability_970.0,dock_availability_970.0,bike_availability_522.0,dock_availability_522.0,num_bikes_available
2021-07-01 00:00:00+00:00,0.0,-5.6,5.1,8,0,3,0,False,,7,0.8544444444444445,0.8544444444444445,0.8544444444444445,0.8544444444444445,24
2021-07-01 01:00:00+00:00,0.0,-5.7,4.2,8,0,3,1,False,0.0,7,0.8591666666666667,0.8591666666666667,0.8591666666666667,0.8591666666666667,25
2021-07-01 02:00:00+00:00,0.0,-5.6,6.1,8,0,3,2,False,0.0,7,0.9883333333333332,0.9883333333333332,0.9883333333333332,0.9883333333333332,25
2021-07-01 03:00:00+00:00,0.0,-6.0,5.6,8,0,3,3,False,0.0,7,0.990277777777778,0.990277777777778,0.990277777777778,0.990277777777778,25
2021-07-01 04:00:00+00:00,0.2,-5.7,4.2,8,1,3,4,False,0.0,7,0.9436111111111112,0.9436111111111112,0.9436111111111112,0.9436111111111112,25
2021-07-01 05:00:00+00:00,0.0,-5.9,4.2,8,5,3,5,False,1.0,7,0.8850000000000001,0.8850000000000001,0.8850000000000001,0.8850000000000001,25
2021-07-01 06:00:00+00:00,0.0,-5.7,4.1,8,8,3,6,False,5.0,7,0.8919444444444444,0.8919444444444444,0.8919444444444444,0.8919444444444444,25
2021-07-01 07:00:00+00:00,0.0,-5.7,3.0,8,4,3,7,False,8.0,7,0.8702777777777778,0.8702777777777778,0.8702777777777778,0.8702777777777778,24
2021-07-01 08:00:00+00:00,0.0,-5.5,5.2,8,3,3,8,False,4.0,7,0.9011111111111112,0.9011111111111112,0.9011111111111112,0.9011111111111112,24
2021-07-01 09:00:00+00:00,0.0,-5.1,4.4,8,3,3,9,False,3.0,7,0.92,0.92,0.92,0.92,24
2021-07-01 10:00:00+00:00,0.0,-4.9,4.4,8,3,3,10,False,3.0,7,0.9438888888888888,0.9438888888888888,0.9438888888888888,0.9438888888888888,21
2021-07-01 11:00:00+00:00,0.0,-5.3,4.6,8,6,3,11,False,3.0,7,0.9572222222222222,0.9572222222222222,0.9572222222222222,0.9572222222222222,21
2021-07-01 12:00:00+00:00,0.0,-5.4,4.7,8,3,3,12,False,6.0,7,0.9605555555555556,0.9605555555555556,0.9605555555555556,0.9605555555555556,21
2021-07-01 13:00:00+00:00,0.1,-4.6,1.3,8,5,3,13,False,3.0,7,0.9922222222222222,0.9922222222222222,0.3361111111111111,0.0,6
2021-07-01 14:00:00+00:00,0.0,-5.1,3.7,8,8,3,14,False,5.0,7,0.9738888888888888,0.9738888888888888,0.3677777777777777,0.2197222222222222,6
2021-07-01 15:00:00+00:00,0.1,-5.0,3.1,8,7,3,15,False,8.0,7,0.9369444444444444,0.9369444444444444,0.3522222222222222,0.5783333333333334,6
2021-07-01 16:00:00+00:00,0.0,-5.1,3.3,8,4,3,16,False,7.0,7,0.9394444444444444,0.9394444444444444,0.0,0.0,8
2021-07-01 17:00:00+00:00,0.0,-5.1,3.9,8,3,3,17,False,4.0,7,0.9161111111111112,0.9161111111111112,0.0,0.0,8
2021-07-01 18:00:00+00:00,0.1,-4.9,1.4,8,4,3,18,False,3.0,7,0.9683333333333334,0.9683333333333334,0.8769444444444445,0.9683333333333334,8
2021-07-01 19:00:00+00:00,0.0,-5.1,2.0,8,1,3,19,False,4.0,7,0.701111111111111,0.701111111111111,0.701111111111111,0.3094444444444444,11
2021-07-01 20:00:00+00:00,0.0,-5.0,3.0,8,1,3,20,False,1.0,7,0.8505555555555556,0.8505555555555556,0.5577777777777777,0.6538888888888889,11
2021-07-01 21:00:00+00:00,0.0,-5.1,3.2,8,0,3,21,False,1.0,7,0.993611111111111,0.993611111111111,0.993611111111111,0.993611111111111,15
2021-07-01 22:00:00+00:00,0.0,-4.9,2.4,8,0,3,22,False,0.0,7,0.8622222222222222,0.8622222222222222,0.8622222222222222,0.8622222222222222,21
2021-07-01 23:00:00+00:00,0.0,-4.9,3.2,8,0,3,23,False,0.0,7,0.9088888888888887,0.9088888888888887,0.9088888888888887,0.9088888888888887,25
2021-07-02 00:00:00+00:00,0.0,-7.0,5.7,2,0,4,0,False,0.0,7,0.9358333333333332,0.9358333333333332,0.3294444444444444,0.1833333333333333,25
2021-07-02 01:00:00+00:00,0.0,-7.0,6.2,2,0,4,1,False,0.0,7,0.9613888888888888,0.9613888888888888,0.0,0.0,25
2021-07-02 02:00:00+00:00,0.0,-7.4,6.2,2,0,4,2,False,0.0,7,0.9713888888888887,0.9713888888888887,0.0,0.0,25
2021-07-02 03:00:00+00:00,0.0,-7.3,6.3,2,0,4,3,False,0.0,7,0.9772222222222224,0.9772222222222224,0.0,0.0,25
2021-07-02 04:00:00+00:00,0.0,-6.7,5.6,2,2,4,4,False,0.0,7,0.5208333333333334,0.5208333333333334,0.0,0.0,25
2021-07-02 05:00:00+00:00,0.0,-6.4,5.6,2,3,4,5,False,2.0,7,0.7211111111111111,0.7211111111111111,0.0,0.0,25
2021-07-02 06:00:00+00:00,0.0,-6.2,6.3,2,8,4,6,False,3.0,7,0.7263888888888889,0.7263888888888889,0.0,0.0,25
2021-07-02 07:00:00+00:00,0.0,-6.4,6.9,6,3,4,7,False,8.0,7,0.7711111111111111,0.7711111111111111,0.0913888888888888,0.3080555555555556,5
2021-07-02 08:00:00+00:00,0.0,-6.9,6.0,6,5,4,8,False,3.0,7,0.8108333333333334,0.8108333333333334,0.3308333333333333,0.5433333333333332,4
2021-07-02 09:00:00+00:00,0.0,-6.8,6.1,6,2,4,9,False,5.0,7,0.8166666666666667,0.8166666666666667,0.8166666666666667,0.8166666666666667,9
2021-07-02 10:00:00+00:00,0.0,-6.5,4.9,2,1,4,10,False,2.0,7,0.96,0.96,0.96,0.96,6
2021-07-02 11:00:00+00:00,0.0,-5.9,5.2,2,6,4,11,False,1.0,7,0.9602777777777776,0.9602777777777776,0.9602777777777776,0.9602777777777776,9
2021-07-02 12:00:00+00:00,0.0,-5.1,4.1,2,5,4,12,False,6.0,7,0.8061111111111112,0.8061111111111112,0.8061111111111112,0.8061111111111112,7
2021-07-02 13:00:00+00:00,0.0,-5.3,3.9,2,2,4,13,False,5.0,7,0.8502777777777778,0.8502777777777778,0.8502777777777778,0.8502777777777778,11
2021-07-02 14:00:00+00:00,0.0,-4.7,3.7,2,4,4,14,False,2.0,7,0.9555555555555556,0.9555555555555556,0.9555555555555556,0.9555555555555556,11
2021-07-02 15:00:00+00:00,0.0,-5.0,4.4,2,10,4,15,False,4.0,7,0.8619444444444445,0.8619444444444445,0.8619444444444445,0.8619444444444445,10
2021-07-02 16:00:00+00:00,0.0,-5.5,5.0,1,6,4,16,False,10.0,7,0.905,0.905,0.3527777777777777,0.5119444444444444,10
2021-07-02 17:00:00+00:00,0.0,-6.4,4.4,1,3,4,17,False,6.0,7,0.8966666666666666,0.8966666666666666,0.8966666666666666,0.8966666666666666,14
2021-07-02 18:00:00+00:00,0.0,-7.9,1.9,1,4,4,18,False,3.0,7,0.768888888888889,0.768888888888889,0.768888888888889,0.768888888888889,10
2021-07-02 19:00:00+00:00,0.0,-7.5,3.9,0,1,4,19,False,4.0,7,0.8269444444444445,0.8269444444444445,0.7386111111111111,0.1825,2
2021-07-02 20:00:00+00:00,0.0,-8.3,2.3,0,0,4,20,False,1.0,7,0.7441666666666666,0.7441666666666666,0.0,0.0,2
2021-07-02 21:00:00+00:00,0.0,-7.8,4.0,0,4,4,21,False,0.0,7,0.6077777777777778,0.6077777777777778,0.0,0.0,6
2021-07-02 22:00:00+00:00,0.0,-7.8,3.5,0,0,4,22,False,4.0,7,0.6208333333333333,0.6208333333333333,0.215,0.6208333333333333,11
2021-07-02 23:00:00+00:00,0.0,-7.8,4.6,0,0,4,23,False,0.0,7,0.8305555555555556,0.8305555555555556,0.8305555555555556,0.8305555555555556,20
2021-07-03 00:00:00+00:00,0.0,3.8,4.5,5,0,5,0,False,0.0,7,0.983611111111111,0.983611111111111,0.983611111111111,0.983611111111111,19
2021-07-03 01:00:00+00:00,0.0,2.3,4.7,5,0,5,1,False,0.0,7,0.8308333333333332,0.8308333333333332,0.8308333333333332,0.8308333333333332,22
2021-07-03 02:00:00+00:00,0.0,1.2,4.4,5,0,5,2,False,0.0,7,0.8911111111111112,0.8911111111111112,0.8911111111111112,0.8911111111111112,22
2021-07-03 03:00:00+00:00,0.0,1.2,3.0,5,0,5,3,False,0.0,7,0.8875,0.8875,0.8875,0.8875,22
2021-07-03 04:00:00+00:00,0.0,1.3,4.8,5,0,5,4,False,0.0,7,0.8936111111111111,0.8936111111111111,0.8936111111111111,0.8936111111111111,22
2021-07-03 05:00:00+00:00,0.0,0.8,4.5,5,3,5,5,False,0.0,7,0.9266666666666666,0.9266666666666666,0.9266666666666666,0.9266666666666666,22
2021-07-03 06:00:00+00:00,0.0,0.3,3.4,5,0,5,6,False,3.0,7,0.9230555555555556,0.9230555555555556,0.9230555555555556,0.9230555555555556,22
2021-07-03 07:00:00+00:00,0.0,-0.1,1.5,5,0,5,7,False,0.0,7,0.9088888888888887,0.9088888888888887,0.9088888888888887,0.9088888888888887,22
2021-07-03 08:00:00+00:00,0.0,0.2,3.6,5,4,5,8,False,0.0,7,0.9022222222222224,0.9022222222222224,0.9022222222222224,0.9022222222222224,20
2021-07-03 09:00:00+00:00,0.0,1.0,4.4,5,8,5,9,False,4.0,7,0.9044444444444444,0.9044444444444444,0.9044444444444444,0.9044444444444444,20
2021-07-03 10:00:00+00:00,0.0,1.5,4.6,6,6,5,10,False,8.0,7,0.912777777777778,0.912777777777778,0.7647222222222223,0.6352777777777778,22
2021-07-03 11:00:00+00:00,0.0,3.0,3.7,6,6,5,11,False,6.0,7,0.9111111111111112,0.9111111111111112,0.4602777777777778,0.3852777777777778,22
2021-07-03 12:00:00+00:00,0.0,3.2,7.4,6,6,5,12,False,6.0,7,0.9561111111111112,0.9561111111111112,0.9561111111111112,0.9561111111111112,18
2021-07-03 13:00:00+00:00,0.0,4.3,6.4,6,4,5,13,False,6.0,7,0.9166666666666666,0.9166666666666666,0.9166666666666666,0.9166666666666666,15
2021-07-03 14:00:00+00:00,0.0,4.5,7.8,6,2,5,14,False,4.0,7,0.9213888888888888,0.9213888888888888,0.9213888888888888,0.9213888888888888,20
2021-07-03 15:00:00+00:00,0.0,4.7,7.7,6,4,5,15,False,2.0,7,0.8527777777777777,0.8527777777777777,0.8527777777777777,0.8527777777777777,20
2021-07-03 16:00:00+00:00,0.0,4.5,6.8,3,4,5,16,False,4.0,7,0.8547222222222222,0.8547222222222222,0.8547222222222222,0.8547222222222222,18
2021-07-03 17:00:00+00:00,0.0,3.5,6.2,3,3,5,17,False,4.0,7,0.8519444444444445,0.8519444444444445,0.8519444444444445,0.8519444444444445,20
2021-07-03 18:00:00+00:00,0.0,2.3,4.3,3,1,5,18,False,3.0,7,0.7091666666666667,0.7091666666666667,0.7091666666666667,0.7091666666666667,21
2021-07-03 19:00:00+00:00,0.0,0.5,2.7,2,2,5,19,False,1.0,7,0.9011111111111112,0.9011111111111112,0.9011111111111112,0.9011111111111112,18
2021-07-03 20:00:00+00:00,0.0,-0.8,1.5,2,0,5,20,False,2.0,7,0.766388888888889,0.766388888888889,0.5541666666666667,0.2194444444444444,24
2021-07-03 21:00:00+00:00,0.0,-2.0,1.2,2,0,5,21,False,0.0,7,0.6955555555555555,0.6955555555555555,0.0,0.0,3
2021-07-03 22:00:00+00:00,0.0,-2.3,0.8,2,1,5,22,False,0.0,7,0.6533333333333333,0.6533333333333333,0.0827777777777777,0.265,1
2021-07-03 23:00:00+00:00,0.0,-3.4,0.9,2,0,5,23,False,1.0,7,0.7597222222222222,0.7597222222222222,0.7597222222222222,0.7597222222222222,8
2021-07-04 00:00:00+00:00,0.0,0.5,2.9,2,0,6,0,False,0.0,7,0.7638888888888888,0.7638888888888888,0.1930555555555555,0.0111111111111111,12
2021-07-04 01:00:00+00:00,0.0,0.2,1.4,2,0,6,1,False,0.0,7,0.7727777777777778,0.7727777777777778,0.0,0.0,13
2021-07-04 02:00:00+00:00,0.0,-0.9,1.6,2,0,6,2,False,0.0,7,0.8197222222222222,0.8197222222222222,0.0,0.0,13
2021-07-04 03:00:00+00:00,0.0,-1.6,1.1,2,0,6,3,False,0.0,7,0.8280555555555555,0.8280555555555555,0.0,0.0,13
2021-07-04 04:00:00+00:00,0.0,-1.4,2.9,2,0,6,4,False,0.0,7,0.8433333333333333,0.8433333333333333,0.0,0.0,13
2021-07-04 05:00:00+00:00,0.0,-0.5,2.2,2,0,6,5,False,0.0,7,0.915,0.915,0.0,0.0,13
2021-07-04 06:00:00+00:00,0.0,0.3,2.7,2,0,6,6,False,0.0,7,0.9186111111111112,0.9186111111111112,0.0,0.0,13
2021-07-04 07:00:00+00:00,0.0,1.1,2.3,7,0,6,7,False,0.0,7,0.9233333333333332,0.9233333333333332,0.0,0.0,13
2021-07-04 08:00:00+00:00,0.0,3.3,3.0,7,2,6,8,False,0.0,7,0.9213888888888888,0.9213888888888888,0.0,0.0,14
2021-07-04 09:00:00+00:00,0.0,4.9,3.9,7,2,6,9,False,2.0,7,0.971111111111111,0.971111111111111,0.045,0.0797222222222222,15
2021-07-04 10:00:00+00:00,0.0,5.4,3.8,7,0,6,10,False,2.0,7,0.9694444444444444,0.9694444444444444,0.7530555555555556,0.3530555555555555,18
2021-07-04 11:00:00+00:00,0.0,6.9,2.6,7,1,6,11,False,0.0,7,0.9763888888888888,0.9763888888888888,0.0,0.0,18
2021-07-04 12:00:00+00:00,0.0,7.0,3.3,7,6,6,12,False,1.0,7,0.9858333333333336,0.9858333333333336,0.0,0.0,17
2021-07-04 13:00:00+00:00,0.0,7.7,3.6,7,2,6,13,False,6.0,7,0.995,0.995,0.0,0.0,20
2021-07-04 14:00:00+00:00,0.0,7.2,4.0,7,1,6,14,False,2.0,7,0.9727777777777776,0.9727777777777776,0.0,0.0,25
2021-07-04 15:00:00+00:00,0.1,8.1,3.8,7,3,6,15,False,1.0,7,0.9630555555555556,0.9630555555555556,0.0,0.0,19
2021-07-04 16:00:00+00:00,0.0,7.6,1.9,5,4,6,16,False,3.0,7,0.9663888888888889,0.9663888888888889,0.0,0.0,19
2021-07-04 17:00:00+00:00,0.0,7.1,3.4,5,4,6,17,False,4.0,7,0.9725,0.9725,0.495,0.9725,20
2021-07-04 18:00:00+00:00,0.0,5.6,4.8,5,1,6,18,False,4.0,7,0.9966666666666668,0.9966666666666668,0.9966666666666668,0.9966666666666668,20
2021-07-04 19:00:00+00:00,0.0,4.9,4.1,7,1,6,19,False,1.0,7,0.9658333333333334,0.9658333333333334,0.9658333333333334,0.9658333333333334,25
2021-07-04 20:00:00+00:00,0.0,4.1,3.8,7,1,6,20,False,1.0,7,0.9666666666666668,0.9666666666666668,0.9666666666666668,0.9666666666666668,3
2021-07-04 21:00:00+00:00,0.0,3.8,2.1,7,0,6,21,False,1.0,7,0.9705555555555556,0.9705555555555556,0.9705555555555556,0.9705555555555556,2
2021-07-04 22:00:00+00:00,0.0,3.0,3.0,6,0,6,22,False,0.0,7,0.9730555555555556,0.9730555555555556,0.1669444444444444,0.0,4
2021-07-04 23:00:00+00:00,0.0,2.0,2.5,6,0,6,23,False,0.0,7,0.9566666666666668,0.9566666666666668,0.0,0.0,8
2021-07-05 00:00:00+00:00,0.0,3.8,3.9,6,0,0,0,False,0.0,7,0.9580555555555555,0.9580555555555555,0.0,0.0,13
2021-07-05 01:00:00+00:00,0.1,3.3,5.1,6,0,0,1,False,0.0,7,0.963888888888889,0.963888888888889,0.0,0.0,13
2021-07-05 02:00:00+00:00,0.0,3.0,4.9,6,0,0,2,False,0.0,7,0.9577777777777778,0.9577777777777778,0.0,0.0,13
2021-07-05 03:00:00+00:00,0.0,2.4,4.8,6,0,0,3,False,0.0,7,0.9627777777777776,0.9627777777777776,0.0,0.0,13
2021-07-05 04:00:00+00:00,0.0,2.1,4.4,6,2,0,4,False,0.0,7,0.961388888888889,0.961388888888889,0.0,0.0,13
2021-07-05 05:00:00+00:00,0.0,2.2,4.4,6,2,0,5,False,2.0,7,0.9944444444444444,0.9944444444444444,0.0,0.0,13
2021-07-05 06:00:00+00:00,0.1,3.9,3.3,6,6,0,6,False,2.0,7,0.9977777777777778,0.9977777777777778,0.0,0.0,14
2021-07-05 07:00:00+00:00,0.0,5.1,4.2,3,2,0,7,False,6.0,7,0.9480555555555557,0.9480555555555557,0.0,0.0,14
2021-07-05 08:00:00+00:00,0.0,6.7,2.5,3,2,0,8,False,2.0,7,0.946388888888889,0.946388888888889,0.9036111111111113,0.915,16
2021-07-05 09:00:00+00:00,0.0,7.3,2.6,3,3,0,9,False,2.0,7,0.9491666666666666,0.9491666666666666,0.9491666666666666,0.9491666666666666,15
2021-07-05 10:00:00+00:00,0.0,9.0,1.5,5,3,0,10,False,3.0,7,0.9547222222222222,0.9547222222222222,0.7197222222222223,0.5869444444444445,16
2021-07-05 11:00:00+00:00,0.0,8.2,1.5,5,5,0,11,False,3.0,7,0.7313888888888889,0.7313888888888889,0.0,0.0,16
2021-07-05 12:00:00+00:00,0.1,8.4,1.0,5,5,0,12,False,5.0,7,0.743611111111111,0.743611111111111,0.0,0.0,19
2021-07-05 13:00:00+00:00,0.0,9.4,1.8,6,7,0,13,False,5.0,7,0.8244444444444444,0.8244444444444444,0.59,0.8244444444444444,19
2021-07-05 14:00:00+00:00,0.0,10.8,2.5,6,6,0,14,False,7.0,7,0.953888888888889,0.953888888888889,0.953888888888889,0.953888888888889,17
2021-07-05 15:00:00+00:00,0.0,10.8,2.5,6,7,0,15,False,6.0,7,0.8366666666666667,0.8366666666666667,0.7369444444444444,0.2380555555555555,16
2021-07-05 16:00:00+00:00,0.1,11.4,3.1,6,6,0,16,False,7.0,7,0.8380555555555556,0.8380555555555556,0.3344444444444444,0.2422222222222222,16
2021-07-05 17:00:00+00:00,0.0,10.6,2.4,6,2,0,17,False,6.0,7,0.903611111111111,0.903611111111111,0.1947222222222222,0.3322222222222222,19
2021-07-05 18:00:00+00:00,0.0,9.5,0.4,6,4,0,18,False,2.0,7,0.9877777777777778,0.9877777777777778,0.7222222222222222,0.905,23
2021-07-05 19:00:00+00:00,0.0,9.7,4.4,4,2,0,19,False,4.0,7,0.9066666666666668,0.9066666666666668,0.9066666666666668,0.3897222222222222,23
2021-07-05 20:00:00+00:00,0.0,8.5,3.7,4,1,0,20,False,2.0,7,0.9597222222222224,0.9597222222222224,0.0,0.5747222222222222,24
2021-07-05 21:00:00+00:00,0.0,7.3,2.0,4,0,0,21,False,1.0,7,0.9908333333333332,0.9908333333333332,0.3436111111111111,0.0,23
2021-07-05 22:00:00+00:00,0.0,7.2,2.7,3,0,0,22,False,0.0,7,0.9869444444444444,0.9869444444444444,0.0,0.0,22
2021-07-05 23:00:00+00:00,0.0,5.5,1.7,3,0,0,23,False,0.0,7,0.4616666666666666,0.4616666666666666,0.0,0.0,24
2021-07-06 00:00:00+00:00,0.0,16.4,1.8,5,0,1,0,False,0.0,7,0.9855555555555556,0.9855555555555556,0.0,0.0,24
2021-07-06 01:00:00+00:00,0.0,16.0,1.4,5,0,1,1,False,0.0,7,0.9891666666666667,0.9891666666666667,0.0,0.0,24
2021-07-06 02:00:00+00:00,0.0,15.4,1.3,5,0,1,2,False,0.0,7,0.9941666666666666,0.9941666666666666,0.0,0.0,24
2021-07-06 03:00:00+00:00,0.0,15.0,1.2,5,1,1,3,False,0.0,7,0.828888888888889,0.828888888888889,0.0,0.0,24
2021-07-06 04:00:00+00:00,0.0,14.1,1.7,5,2,1,4,False,1.0,7,0.8291666666666667,0.8291666666666667,0.0,0.0,24
2021-07-06 05:00:00+00:00,0.0,15.0,1.2,5,0,1,5,False,2.0,7,0.8719444444444444,0.8719444444444444,0.0,0.0,24
2021-07-06 06:00:00+00:00,0.0,16.5,1.5,5,10,1,6,False,0.0,7,0.8883333333333334,0.8883333333333334,0.0,0.0,23
2021-07-06 07:00:00+00:00,0.0,18.1,0.7,6,6,1,7,False,10.0,7,0.6980555555555555,0.6980555555555555,0.0,0.0,23
2021-07-06 08:00:00+00:00,0.0,20.0,1.2,6,3,1,8,False,6.0,7,0.9705555555555556,0.9705555555555556,0.04,0.0244444444444444,11
2021-07-06 09:00:00+00:00,0.0,20.6,1.4,6,4,1,9,False,3.0,7,0.6994444444444444,0.6994444444444444,0.0,0.0,8
2021-07-06 10:00:00+00:00,0.0,21.4,2.7,6,1,1,10,False,4.0,7,0.8602777777777778,0.8602777777777778,0.0,0.0,7
2021-07-06 11:00:00+00:00,0.0,22.8,2.8,6,5,1,11,False,1.0,7,0.8994444444444444,0.8994444444444444,0.0,0.1855555555555555,7
2021-07-06 12:00:00+00:00,0.0,23.0,3.6,6,6,1,12,False,5.0,7,0.9716666666666668,0.9716666666666668,0.9716666666666668,0.9716666666666668,5
2021-07-06 13:00:00+00:00,0.0,22.7,3.0,7,4,1,13,False,6.0,7,0.9908333333333332,0.9908333333333332,0.1052777777777777,0.8063888888888889,8
2021-07-06 14:00:00+00:00,0.0,20.5,3.2,7,7,1,14,False,4.0,7,0.9819444444444444,0.9819444444444444,0.9819444444444444,0.2091666666666666,7
2021-07-06 15:00:00+00:00,0.0,19.8,3.2,7,4,1,15,False,7.0,7,0.7511111111111111,0.7511111111111111,0.2386111111111111,0.5361111111111111,6
2021-07-06 16:00:00+00:00,0.0,17.6,3.8,7,3,1,16,False,4.0,7,0.7525000000000001,0.7525000000000001,0.7525000000000001,0.7525000000000001,4
2021-07-06 17:00:00+00:00,0.0,16.7,2.9,7,2,1,17,False,3.0,7,0.6730555555555555,0.6730555555555555,0.6730555555555555,0.6730555555555555,9
2021-07-06 18:00:00+00:00,0.0,16.9,1.5,7,4,1,18,False,2.0,7,0.8708333333333333,0.8708333333333333,0.8708333333333333,0.8708333333333333,10
2021-07-06 19:00:00+00:00,0.0,16.7,3.0,8,0,1,19,False,4.0,7,0.7433333333333333,0.7433333333333333,0.7433333333333333,0.7433333333333333,11
2021-07-06 20:00:00+00:00,0.0,15.0,3.0,8,0,1,20,False,0.0,7,0.8288888888888888,0.8288888888888888,0.7216666666666667,0.5027777777777778,12
2021-07-06 21:00:00+00:00,0.0,15.0,1.9,8,3,1,21,False,0.0,7,0.9569444444444444,0.9569444444444444,0.0,0.0,9
2021-07-06 22:00:00+00:00,0.0,14.6,3.0,8,0,1,22,False,3.0,7,0.955,0.955,0.0,0.0,10
2021-07-06 23:00:00+00:00,0.0,14.4,2.5,8,0,1,23,False,0.0,7,0.9925,0.9925,0.0,0.2208333333333333,12
2021-07-07 00:00:00+00:00,3.5,16.3,3.2,8,0,2,0,False,0.0,7,0.9688888888888888,0.9688888888888888,0.0566666666666666,0.0,9
2021-07-07 01:00:00+00:00,0.1,16.4,1.7,8,0,2,1,False,0.0,7,0.7805555555555557,0.7805555555555557,0.0,0.0,10
2021-07-07 02:00:00+00:00,0.0,16.1,0.9,8,0,2,2,False,0.0,7,0.778888888888889,0.778888888888889,0.0,0.0,10
2021-07-07 03:00:00+00:00,0.1,16.4,1.3,8,0,2,3,False,0.0,7,0.8380555555555556,0.8380555555555556,0.0,0.0,10
2021-07-07 04:00:00+00:00,0.0,16.1,2.3,8,0,2,4,False,0.0,7,0.8655555555555555,0.8655555555555555,0.0,0.0,10
2021-07-07 05:00:00+00:00,0.0,16.1,1.5,8,1,2,5,False,0.0,7,0.881388888888889,0.881388888888889,0.0,0.0,10
2021-07-07 06:00:00+00:00,0.0,16.6,2.8,8,4,2,6,False,1.0,7,0.8861111111111113,0.8861111111111113,0.0,0.0441666666666666,10
2021-07-07 07:00:00+00:00,0.0,17.1,3.3,7,5,2,7,False,4.0,7,0.8436111111111111,0.8436111111111111,0.8436111111111111,0.8436111111111111,11
2021-07-07 08:00:00+00:00,0.0,18.0,3.0,7,1,2,8,False,5.0,7,0.8558333333333334,0.8558333333333334,0.4855555555555556,0.0,12
2021-07-07 09:00:00+00:00,0.0,18.4,4.4,7,4,2,9,False,1.0,7,0.8588888888888888,0.8588888888888888,0.3324999999999999,0.8588888888888888,14
2021-07-07 10:00:00+00:00,0.0,20.0,5.1,3,1,2,10,False,4.0,7,0.8875,0.8875,0.8255555555555556,0.0838888888888888,9
2021-07-07 11:00:00+00:00,0.0,20.7,5.8,3,5,2,11,False,1.0,7,0.8916666666666668,0.8916666666666668,0.0613888888888888,0.2847222222222222,13
2021-07-07 12:00:00+00:00,0.3,19.2,5.8,3,7,2,12,False,5.0,7,0.9711111111111111,0.9711111111111111,0.8336111111111111,0.0161111111111111,13
2021-07-07 13:00:00+00:00,0.1,18.6,5.8,6,5,2,13,False,7.0,7,0.8819444444444445,0.8819444444444445,0.0463888888888888,0.8819444444444445,16
2021-07-07 14:00:00+00:00,0.1,21.3,5.6,6,4,2,14,False,5.0,7,0.9361111111111112,0.9361111111111112,0.4836111111111111,0.5522222222222222,20
2021-07-07 15:00:00+00:00,0.1,19.7,7.2,6,7,2,15,False,4.0,7,0.947222222222222,0.947222222222222,0.947222222222222,0.947222222222222,13
2021-07-07 16:00:00+00:00,0.1,19.7,6.5,6,7,2,16,False,7.0,7,0.9752777777777776,0.9752777777777776,0.9752777777777776,0.9752777777777776,12
2021-07-07 17:00:00+00:00,0.1,20.0,5.5,6,3,2,17,False,7.0,7,0.9430555555555554,0.9430555555555554,0.9430555555555554,0.9430555555555554,11
2021-07-07 18:00:00+00:00,0.1,19.5,6.5,6,7,2,18,False,3.0,7,0.9508333333333332,0.9508333333333332,0.0558333333333333,0.0,10
2021-07-07 19:00:00+00:00,0.1,18.6,5.4,5,2,2,19,False,7.0,7,0.9916666666666668,0.9916666666666668,0.0955555555555555,0.87,9
2021-07-07 20:00:00+00:00,0.0,17.9,5.1,5,3,2,20,False,2.0,7,0.9930555555555556,0.9930555555555556,0.8980555555555555,0.3841666666666666,15
2021-07-07 21:00:00+00:00,0.1,17.2,4.8,5,2,2,21,False,3.0,7,0.9625,0.9625,0.0,0.0,11
2021-07-07 22:00:00+00:00,0.0,16.4,4.0,2,0,2,22,False,2.0,7,0.9730555555555556,0.9730555555555556,0.0,0.0,10
2021-07-07 23:00:00+00:00,0.0,16.0,4.1,2,0,2,23,False,0.0,7,0.9747222222222224,0.9747222222222224,0.0505555555555555,0.785,11
2021-07-13 00:00:00+00:00,0.0,15.0,2.4,5,0,1,0,False,0.0,7,0.9869444444444444,0.9869444444444444,0.9869444444444444,0.9869444444444444,18
2021-07-13 01:00:00+00:00,0.0,14.7,2.2,5,0,1,1,False,0.0,7,0.0880555555555555,0.0880555555555555,0.0880555555555555,0.0880555555555555,21
2021-07-13 02:00:00+00:00,0.0,14.3,2.3,5,0,1,2,False,0.0,7,0.6263888888888889,0.6263888888888889,0.6263888888888889,0.6263888888888889,21
2021-07-13 03:00:00+00:00,0.0,13.2,0.9,5,0,1,3,False,0.0,7,0.4205555555555555,0.4205555555555555,0.4205555555555555,0.4205555555555555,21
2021-07-13 04:00:00+00:00,0.0,13.0,1.2,5,1,1,4,False,0.0,7,0.4219444444444444,0.4219444444444444,0.4219444444444444,0.4219444444444444,21
2021-07-13 05:00:00+00:00,0.0,14.1,0.1,5,1,1,5,False,1.0,7,0.5033333333333334,0.5033333333333334,0.5033333333333334,0.5033333333333334,21
2021-07-13 06:00:00+00:00,0.0,17.2,0.3,5,4,1,6,False,1.0,7,0.5022222222222222,0.5022222222222222,0.5022222222222222,0.5022222222222222,20
2021-07-13 07:00:00+00:00,0.0,19.6,1.3,6,3,1,7,False,4.0,7,0.5194444444444445,0.5194444444444445,0.5194444444444445,0.5194444444444445,7
2021-07-13 08:00:00+00:00,0.0,21.5,1.0,6,0,1,8,False,3.0,7,0.6019444444444445,0.6019444444444445,0.6019444444444445,0.6019444444444445,9
2021-07-13 09:00:00+00:00,0.0,22.7,1.8,6,5,1,9,False,0.0,7,0.5255555555555556,0.5255555555555556,0.5255555555555556,0.5255555555555556,9
2021-07-13 10:00:00+00:00,0.0,24.0,2.0,5,4,1,10,False,5.0,7,0.6130555555555557,0.6130555555555557,0.6130555555555557,0.6130555555555557,11
2021-07-13 11:00:00+00:00,0.0,24.1,2.4,5,3,1,11,False,4.0,7,0.6155555555555556,0.6155555555555556,0.6155555555555556,0.6155555555555556,13
2021-07-13 12:00:00+00:00,0.0,25.1,2.2,5,3,1,12,False,3.0,7,0.9880555555555556,0.9880555555555556,0.9880555555555556,0.9880555555555556,9
2021-07-13 13:00:00+00:00,0.0,25.7,2.1,4,4,1,13,False,3.0,7,0.8980555555555556,0.8980555555555556,0.8980555555555556,0.8980555555555556,8
2021-07-13 14:00:00+00:00,0.0,25.7,2.3,4,7,1,14,False,4.0,7,0.8761111111111111,0.8761111111111111,0.8761111111111111,0.8761111111111111,13
2021-07-13 15:00:00+00:00,0.0,25.7,2.6,4,5,1,15,False,7.0,7,0.8541666666666667,0.8541666666666667,0.8541666666666667,0.8541666666666667,13
2021-07-13 16:00:00+00:00,0.0,26.7,2.6,3,5,1,16,False,5.0,7,0.8591666666666666,0.8591666666666666,0.8591666666666666,0.8591666666666666,11
2021-07-13 17:00:00+00:00,0.0,26.8,1.7,3,4,1,17,False,5.0,7,0.9547222222222222,0.9547222222222222,0.9547222222222222,0.9547222222222222,10
2021-07-13 18:00:00+00:00,0.0,26.8,2.2,3,1,1,18,False,4.0,7,0.883888888888889,0.883888888888889,0.883888888888889,0.883888888888889,11
2021-07-13 19:00:00+00:00,0.0,26.5,2.6,3,1,1,19,False,1.0,7,0.893611111111111,0.893611111111111,0.893611111111111,0.893611111111111,9
2021-07-13 20:00:00+00:00,0.0,25.3,2.6,3,1,1,20,False,1.0,7,0.9236111111111112,0.9236111111111112,0.8719444444444444,0.4866666666666667,6
2021-07-13 21:00:00+00:00,0.0,23.5,3.1,3,2,1,21,False,1.0,7,0.97,0.97,0.0,0.0,7
2021-07-13 22:00:00+00:00,0.0,21.6,2.7,3,1,1,22,False,2.0,7,0.9694444444444444,0.9694444444444444,0.0,0.0,11
2021-07-13 23:00:00+00:00,0.0,21.5,2.7,3,0,1,23,False,1.0,7,0.9744444444444444,0.9744444444444444,0.0,0.0,14
2021-07-14 00:00:00+00:00,0.0,21.4,2.7,3,0,2,0,False,0.0,7,0.9688888888888888,0.9688888888888888,0.8788888888888889,0.7055555555555555,17
2021-07-14 01:00:00+00:00,0.0,21.3,3.1,3,0,2,1,False,0.0,7,0.9691666666666668,0.9691666666666668,0.0,0.0,19
2021-07-14 02:00:00+00:00,0.0,21.9,3.6,3,0,2,2,False,0.0,7,0.9791666666666669,0.9791666666666669,0.0,0.0,20
2021-07-14 03:00:00+00:00,0.0,21.6,3.1,3,0,2,3,False,0.0,7,0.9055555555555556,0.9055555555555556,0.0,0.0,20
2021-07-14 04:00:00+00:00,0.0,21.1,2.9,3,3,2,4,False,0.0,7,0.9125,0.9125,0.0,0.0,20
2021-07-14 05:00:00+00:00,0.0,21.1,3.0,3,1,2,5,False,3.0,7,0.6355555555555555,0.6355555555555555,0.0,0.0,20
2021-07-14 06:00:00+00:00,0.0,21.5,3.1,3,4,2,6,False,1.0,7,0.9169444444444445,0.9169444444444445,0.0,0.0,20
2021-07-14 07:00:00+00:00,0.0,21.7,3.0,8,1,2,7,False,4.0,7,0.7377777777777778,0.7377777777777778,0.0,0.0,4
2021-07-14 08:00:00+00:00,0.0,21.4,3.9,8,3,2,8,False,1.0,7,0.8713888888888889,0.8713888888888889,0.0,0.0,5
2021-07-14 09:00:00+00:00,0.1,20.2,2.7,8,1,2,9,False,3.0,7,0.8844444444444445,0.8844444444444445,0.0,0.0,9
2021-07-14 10:00:00+00:00,0.0,21.8,3.9,8,2,2,10,False,1.0,7,0.9541666666666666,0.9541666666666666,0.2261111111111111,0.2372222222222222,9
2021-07-14 11:00:00+00:00,0.0,24.2,3.4,8,3,2,11,False,2.0,7,0.9744444444444444,0.9744444444444444,0.9744444444444444,0.9744444444444444,8
2021-07-14 12:00:00+00:00,0.0,24.2,2.8,8,2,2,12,False,3.0,7,0.7866666666666666,0.7866666666666666,0.3819444444444444,0.1063888888888889,10
2021-07-14 13:00:00+00:00,0.0,24.1,3.2,8,5,2,13,False,2.0,7,0.8374999999999999,0.8374999999999999,0.0813888888888889,0.6252777777777778,11
2021-07-14 14:00:00+00:00,0.0,23.9,2.6,8,4,2,14,False,5.0,7,0.9033333333333334,0.9033333333333334,0.9033333333333334,0.9033333333333334,12
2021-07-14 15:00:00+00:00,1.8,22.5,1.8,8,1,2,15,False,4.0,7,0.9083333333333334,0.9083333333333334,0.9083333333333334,0.9083333333333334,10
2021-07-14 16:00:00+00:00,0.2,24.3,2.4,6,1,2,16,False,1.0,7,0.9680555555555556,0.9680555555555556,0.9680555555555556,0.9680555555555556,7
2021-07-14 17:00:00+00:00,0.0,23.6,2.0,6,0,2,17,False,1.0,7,0.7680555555555555,0.7680555555555555,0.7680555555555555,0.7680555555555555,7
2021-07-14 18:00:00+00:00,0.0,22.4,2.7,6,3,2,18,False,0.0,7,0.8949999999999999,0.8949999999999999,0.2341666666666666,0.0263888888888888,13
2021-07-14 19:00:00+00:00,0.0,22.4,4.2,4,4,2,19,False,3.0,7,0.7638888888888888,0.7638888888888888,0.0,0.0,14
2021-07-14 20:00:00+00:00,0.0,21.6,3.0,4,1,2,20,False,4.0,7,0.7641666666666667,0.7641666666666667,0.0,0.0,16
2021-07-14 21:00:00+00:00,0.0,20.7,2.5,4,4,2,21,False,1.0,7,0.8769444444444444,0.8769444444444444,0.0,0.0,16
2021-07-14 22:00:00+00:00,0.0,19.8,2.1,3,0,2,22,False,4.0,7,0.8508333333333333,0.8508333333333333,0.74,0.8508333333333333,16
2021-07-14 23:00:00+00:00,0.0,19.3,3.0,3,0,2,23,False,0.0,7,0.8636111111111112,0.8636111111111112,0.8577777777777779,0.7519444444444445,15
2021-07-15 00:00:00+00:00,0.0,18.4,2.6,3,0,3,0,False,0.0,7,0.8966666666666667,0.8966666666666667,0.4958333333333333,0.2866666666666667,14
2021-07-15 01:00:00+00:00,0.0,17.7,1.7,3,0,3,1,False,0.0,7,0.7644444444444446,0.7644444444444446,0.0,0.0,16
2021-07-15 02:00:00+00:00,0.0,17.6,1.4,3,0,3,2,False,0.0,7,0.8611111111111112,0.8611111111111112,0.0,0.0,16
2021-07-15 03:00:00+00:00,0.0,17.1,1.6,3,1,3,3,False,0.0,7,0.8286111111111112,0.8286111111111112,0.0,0.0,16
2021-07-15 04:00:00+00:00,0.0,18.0,0.7,3,2,3,4,False,1.0,7,0.8944444444444445,0.8944444444444445,0.0,0.0,16
2021-07-15 05:00:00+00:00,0.0,18.4,0.2,3,0,3,5,False,2.0,7,0.8980555555555557,0.8980555555555557,0.0,0.0,16
2021-07-15 06:00:00+00:00,0.0,19.0,0.9,3,5,3,6,False,0.0,7,0.9041666666666668,0.9041666666666668,0.788888888888889,0.9041666666666668,15
2021-07-15 07:00:00+00:00,0.0,19.7,0.6,8,1,3,7,False,5.0,7,0.9036111111111113,0.9036111111111113,0.9036111111111113,0.9036111111111113,13
2021-07-15 08:00:00+00:00,0.0,20.5,0.9,8,4,3,8,False,1.0,7,0.9013888888888888,0.9013888888888888,0.9013888888888888,0.9013888888888888,14
2021-07-15 09:00:00+00:00,0.0,21.6,2.4,8,5,3,9,False,4.0,7,0.9966666666666666,0.9966666666666666,0.9966666666666666,0.9966666666666666,12
2021-07-15 10:00:00+00:00,0.0,23.9,1.7,2,3,3,10,False,5.0,7,0.92,0.92,0.92,0.92,17
2021-07-15 11:00:00+00:00,0.0,24.9,2.6,2,4,3,11,False,3.0,7,0.9202777777777778,0.9202777777777778,0.9202777777777778,0.9202777777777778,2
2021-07-15 12:00:00+00:00,0.0,26.7,2.3,2,7,3,12,False,4.0,7,0.9630555555555554,0.9630555555555554,0.9630555555555554,0.9630555555555554,3
2021-07-15 13:00:00+00:00,0.0,27.8,2.6,3,9,3,13,False,7.0,7,0.9694444444444444,0.9694444444444444,0.9694444444444444,0.9694444444444444,7
2021-07-15 14:00:00+00:00,0.0,28.6,2.7,3,0,3,14,False,9.0,7,0.9833333333333334,0.9833333333333334,0.9833333333333334,0.9833333333333334,7
2021-07-15 15:00:00+00:00,0.0,29.5,3.6,3,3,3,15,False,0.0,7,0.9819444444444444,0.9819444444444444,0.9819444444444444,0.9819444444444444,8
2021-07-15 16:00:00+00:00,0.0,29.7,4.5,2,5,3,16,False,3.0,7,0.8913888888888889,0.8913888888888889,0.8913888888888889,0.8913888888888889,6
2021-07-15 17:00:00+00:00,0.0,29.6,3.9,2,4,3,17,False,5.0,7,0.955,0.955,0.955,0.955,8
2021-07-15 18:00:00+00:00,0.0,29.2,3.2,2,4,3,18,False,4.0,7,0.9588888888888888,0.9588888888888888,0.9588888888888888,0.9588888888888888,12
2021-07-15 19:00:00+00:00,0.0,28.0,4.4,1,3,3,19,False,4.0,7,0.8897222222222222,0.8897222222222222,0.8897222222222222,0.8897222222222222,9
2021-07-15 20:00:00+00:00,0.1,25.9,3.7,1,0,3,20,False,3.0,7,0.9936111111111112,0.9936111111111112,0.9936111111111112,0.9936111111111112,12
2021-07-15 21:00:00+00:00,0.0,23.1,1.5,1,0,3,21,False,0.0,7,0.9972222222222222,0.9972222222222222,0.9972222222222222,0.9972222222222222,11
2021-07-15 22:00:00+00:00,0.0,21.9,2.3,0,0,3,22,False,0.0,7,0.6469444444444444,0.6469444444444444,0.6469444444444444,0.6469444444444444,13
2021-07-15 23:00:00+00:00,0.0,20.6,2.8,0,0,3,23,False,0.0,7,0.6513888888888889,0.6513888888888889,0.1536111111111111,0.0,16
2021-07-16 00:00:00+00:00,0.0,21.0,4.5,0,0,4,0,False,0.0,7,0.7616666666666667,0.7616666666666667,0.0,0.0,20
2021-07-16 01:00:00+00:00,0.0,20.1,5.6,0,0,4,1,False,0.0,7,0.8886111111111111,0.8886111111111111,0.0,0.0,24
2021-07-16 02:00:00+00:00,0.0,19.0,4.0,0,0,4,2,False,0.0,7,0.7711111111111111,0.7711111111111111,0.0,0.0,25
2021-07-16 03:00:00+00:00,0.0,18.2,4.6,0,1,4,3,False,0.0,7,0.345,0.345,0.0,0.0,25
2021-07-16 04:00:00+00:00,0.0,17.7,4.5,0,0,4,4,False,1.0,7,0.3466666666666667,0.3466666666666667,0.0,0.0,25
2021-07-16 05:00:00+00:00,0.0,17.7,4.3,0,1,4,5,False,0.0,7,0.4238888888888888,0.4238888888888888,0.0,0.0,25
2021-07-16 06:00:00+00:00,0.0,18.6,4.2,0,6,4,6,False,1.0,7,0.3733333333333333,0.3733333333333333,0.0,0.0,24
2021-07-16 07:00:00+00:00,0.0,19.8,3.0,1,0,4,7,False,6.0,7,0.7622222222222222,0.7622222222222222,0.0,0.0,16
2021-07-16 08:00:00+00:00,0.0,20.2,3.3,1,5,4,8,False,0.0,7,0.77,0.77,0.3999999999999999,0.5002777777777778,17
2021-07-16 09:00:00+00:00,0.0,21.2,3.9,1,5,4,9,False,5.0,7,0.8869444444444444,0.8869444444444444,0.8869444444444444,0.7711111111111111,17
2021-07-16 10:00:00+00:00,0.0,22.0,3.1,5,2,4,10,False,5.0,7,0.5397222222222222,0.5397222222222222,0.0,0.0,19
2021-07-16 11:00:00+00:00,0.0,23.2,2.1,5,7,4,11,False,2.0,7,0.8255555555555556,0.8255555555555556,0.0,0.0,18
2021-07-16 12:00:00+00:00,0.0,24.0,1.7,5,6,4,12,False,7.0,7,0.7313888888888889,0.7313888888888889,0.4402777777777777,0.7313888888888889,17
2021-07-16 13:00:00+00:00,0.0,24.6,1.5,1,10,4,13,False,6.0,7,0.7280555555555556,0.7280555555555556,0.3208333333333333,0.3563888888888889,13
2021-07-16 14:00:00+00:00,0.0,26.4,3.5,1,6,4,14,False,10.0,7,0.7313888888888889,0.7313888888888889,0.3325,0.0,9
2021-07-16 15:00:00+00:00,0.0,26.0,2.8,1,5,4,15,False,6.0,7,0.4877777777777777,0.4877777777777777,0.0,0.0,10
2021-07-16 16:00:00+00:00,0.0,26.3,3.0,1,3,4,16,False,5.0,7,0.8994444444444445,0.8994444444444445,0.1244444444444444,0.505,2
2021-07-16 17:00:00+00:00,0.0,26.5,1.7,1,4,4,17,False,3.0,7,0.4258333333333333,0.4258333333333333,0.4258333333333333,0.4258333333333333,8
2021-07-16 18:00:00+00:00,0.0,25.9,2.7,1,1,4,18,False,4.0,7,0.7605555555555554,0.7605555555555554,0.7605555555555554,0.7605555555555554,12
2021-07-16 19:00:00+00:00,0.0,25.5,2.9,1,4,4,19,False,1.0,7,0.5530555555555555,0.5530555555555555,0.5530555555555555,0.5530555555555555,13
2021-07-16 20:00:00+00:00,0.0,23.7,2.4,1,1,4,20,False,4.0,7,0.7186111111111111,0.7186111111111111,0.7186111111111111,0.7186111111111111,12
2021-07-16 21:00:00+00:00,0.0,22.2,2.6,1,1,4,21,False,1.0,7,0.7180555555555556,0.7180555555555556,0.7180555555555556,0.7180555555555556,15
2021-07-16 22:00:00+00:00,0.0,20.7,1.5,1,0,4,22,False,1.0,7,0.7458333333333333,0.7458333333333333,0.7458333333333333,0.7458333333333333,13
2021-07-16 23:00:00+00:00,0.0,19.3,2.3,1,0,4,23,False,0.0,7,0.9888888888888888,0.9888888888888888,0.9888888888888888,0.9888888888888888,17
2021-07-17 00:00:00+00:00,0.0,18.5,1.1,1,0,5,0,False,0.0,7,0.8152777777777779,0.8152777777777779,0.8152777777777779,0.8152777777777779,19
2021-07-17 01:00:00+00:00,0.0,19.2,1.6,1,0,5,1,False,0.0,7,0.8291666666666667,0.8291666666666667,0.8291666666666667,0.8291666666666667,20
2021-07-17 02:00:00+00:00,0.0,18.9,2.4,1,0,5,2,False,0.0,7,0.858611111111111,0.858611111111111,0.858611111111111,0.858611111111111,20
2021-07-17 03:00:00+00:00,0.0,16.4,0.4,1,0,5,3,False,0.0,7,0.9272222222222224,0.9272222222222224,0.9272222222222224,0.9272222222222224,20
2021-07-17 04:00:00+00:00,0.0,15.6,1.4,1,1,5,4,False,0.0,7,0.9283333333333332,0.9283333333333332,0.9283333333333332,0.9283333333333332,20
2021-07-17 05:00:00+00:00,0.0,15.2,1.1,1,2,5,5,False,1.0,7,0.8586111111111111,0.8586111111111111,0.8586111111111111,0.8586111111111111,20
2021-07-17 06:00:00+00:00,0.0,17.8,1.6,1,1,5,6,False,2.0,7,0.8583333333333333,0.8583333333333333,0.8583333333333333,0.8583333333333333,20
2021-07-17 07:00:00+00:00,0.0,20.2,0.7,0,3,5,7,False,1.0,7,0.9677777777777778,0.9677777777777778,0.9677777777777778,0.9677777777777778,19
2021-07-17 08:00:00+00:00,0.0,21.9,1.8,0,2,5,8,False,3.0,7,0.9769444444444444,0.9769444444444444,0.9769444444444444,0.9769444444444444,23
2021-07-17 09:00:00+00:00,0.0,22.8,3.0,0,4,5,9,False,2.0,7,0.9825,0.9825,0.9825,0.9825,22
2021-07-17 10:00:00+00:00,0.0,24.2,2.6,0,7,5,10,False,4.0,7,0.9702777777777778,0.9702777777777778,0.9702777777777778,0.9702777777777778,10
2021-07-17 11:00:00+00:00,0.0,24.5,2.7,0,1,5,11,False,7.0,7,0.9725,0.9725,0.9725,0.9725,9
2021-07-17 12:00:00+00:00,0.0,25.0,3.2,0,7,5,12,False,1.0,7,0.9791666666666664,0.9791666666666664,0.9791666666666664,0.9791666666666664,8
2021-07-17 13:00:00+00:00,0.0,26.1,3.4,0,3,5,13,False,7.0,7,0.9777777777777776,0.9777777777777776,0.9777777777777776,0.9777777777777776,1
2021-07-17 14:00:00+00:00,0.0,27.2,3.8,0,1,5,14,False,3.0,7,0.997777777777778,0.997777777777778,0.997777777777778,0.997777777777778,2
2021-07-17 15:00:00+00:00,0.0,26.6,4.4,0,4,5,15,False,1.0,7,0.9997222222222224,0.9997222222222224,0.9997222222222224,0.9997222222222224,0
2021-07-17 16:00:00+00:00,0.0,26.6,4.3,3,1,5,16,False,4.0,7,0.9975,0.9975,0.9975,0.9975,1
2021-07-17 17:00:00+00:00,0.0,27.1,4.2,3,0,5,17,False,1.0,7,0.9947222222222224,0.9947222222222224,0.9947222222222224,0.9947222222222224,1
2021-07-17 18:00:00+00:00,0.0,25.7,4.0,3,2,5,18,False,0.0,7,0.3002777777777777,0.3002777777777777,0.3002777777777777,0.3002777777777777,2
2021-07-17 19:00:00+00:00,0.0,24.9,4.5,6,0,5,19,False,2.0,7,0.1563888888888888,0.1563888888888888,0.1563888888888888,0.1563888888888888,3
2021-07-17 20:00:00+00:00,0.0,23.1,3.9,6,2,5,20,False,0.0,7,0.7822222222222222,0.7822222222222222,0.7822222222222222,0.7822222222222222,7
2021-07-17 21:00:00+00:00,0.0,21.3,2.8,6,1,5,21,False,2.0,7,0.9416666666666668,0.9416666666666668,0.9416666666666668,0.9416666666666668,11
2021-07-17 22:00:00+00:00,0.0,20.5,2.5,5,0,5,22,False,1.0,7,0.7955555555555556,0.7955555555555556,0.4133333333333333,0.1858333333333333,14
2021-07-17 23:00:00+00:00,0.0,19.5,2.0,5,0,5,23,False,0.0,7,0.9205555555555556,0.9205555555555556,0.115,0.3691666666666666,15
2021-07-18 00:00:00+00:00,0.0,18.5,3.5,5,0,6,0,False,0.0,7,0.8291666666666667,0.8291666666666667,0.5486111111111112,0.5358333333333334,21
2021-07-18 01:00:00+00:00,0.0,17.9,3.2,5,0,6,1,False,0.0,7,0.5547222222222222,0.5547222222222222,0.0,0.0,24
2021-07-18 02:00:00+00:00,0.0,17.0,1.2,5,0,6,2,False,0.0,7,0.5911111111111111,0.5911111111111111,0.0,0.0,25
2021-07-18 03:00:00+00:00,0.0,15.8,3.5,5,0,6,3,False,0.0,7,0.7352777777777778,0.7352777777777778,0.0,0.0,25
2021-07-18 04:00:00+00:00,0.0,15.3,2.0,5,0,6,4,False,0.0,7,0.9902777777777778,0.9902777777777778,0.0,0.0,25
2021-07-18 05:00:00+00:00,0.0,15.2,4.3,5,0,6,5,False,0.0,7,0.773888888888889,0.773888888888889,0.0,0.0,25
2021-07-18 06:00:00+00:00,0.0,16.1,2.0,5,0,6,6,False,0.0,7,0.8230555555555555,0.8230555555555555,0.0,0.0,25
2021-07-18 07:00:00+00:00,0.0,18.0,3.7,1,3,6,7,False,0.0,7,0.9086111111111111,0.9086111111111111,0.0,0.0,25
2021-07-18 08:00:00+00:00,0.0,19.4,1.9,1,4,6,8,False,3.0,7,0.7358333333333335,0.7358333333333335,0.0,0.0,25
2021-07-18 09:00:00+00:00,0.0,20.1,3.4,1,2,6,9,False,4.0,7,0.8602777777777778,0.8602777777777778,0.0,0.0,25
2021-07-18 10:00:00+00:00,0.0,21.1,4.2,1,1,6,10,False,2.0,7,0.8622222222222222,0.8622222222222222,0.0,0.0,24
2021-07-18 11:00:00+00:00,0.0,21.2,2.9,1,2,6,11,False,1.0,7,0.987222222222222,0.987222222222222,0.0,0.0,21
2021-07-18 12:00:00+00:00,0.0,20.5,3.7,1,6,6,12,False,2.0,7,0.8747222222222223,0.8747222222222223,0.0,0.0,23
2021-07-18 13:00:00+00:00,0.0,20.8,2.1,7,7,6,13,False,6.0,7,0.9783333333333334,0.9783333333333334,0.0,0.0,25
2021-07-18 14:00:00+00:00,0.0,21.3,1.9,7,8,6,14,False,7.0,7,0.9902777777777776,0.9902777777777776,0.2236111111111111,0.4361111111111111,24
2021-07-18 15:00:00+00:00,0.0,22.0,2.8,7,1,6,15,False,8.0,7,0.7255555555555556,0.7255555555555556,0.7255555555555556,0.7255555555555556,23
2021-07-18 16:00:00+00:00,0.0,21.2,4.1,7,3,6,16,False,1.0,7,0.8150000000000001,0.8150000000000001,0.0155555555555555,0.0,20
2021-07-18 17:00:00+00:00,0.0,20.5,4.6,7,2,6,17,False,3.0,7,0.7091666666666667,0.7091666666666667,0.0788888888888889,0.3944444444444444,15
2021-07-18 18:00:00+00:00,0.0,20.7,2.8,7,3,6,18,False,2.0,7,0.7497222222222222,0.7497222222222222,0.7497222222222222,0.7497222222222222,16
2021-07-18 19:00:00+00:00,0.0,20.8,4.9,4,0,6,19,False,3.0,7,0.8405555555555556,0.8405555555555556,0.8405555555555556,0.8405555555555556,20
2021-07-18 20:00:00+00:00,0.0,19.7,2.5,4,0,6,20,False,0.0,7,0.7519444444444444,0.7519444444444444,0.1944444444444444,0.0,22
2021-07-18 21:00:00+00:00,0.0,17.7,2.9,4,1,6,21,False,0.0,7,0.9677777777777776,0.9677777777777776,0.0,0.0,25
2021-07-18 22:00:00+00:00,0.0,16.2,3.6,2,0,6,22,False,1.0,7,0.831388888888889,0.831388888888889,0.0,0.0,25
2021-07-18 23:00:00+00:00,0.0,15.6,3.1,2,0,6,23,False,0.0,7,0.905,0.905,0.0,0.0,25
2021-07-19 00:00:00+00:00,0.0,15.2,3.4,2,0,0,0,False,0.0,7,0.9238888888888888,0.9238888888888888,0.0,0.0,25
2021-07-19 01:00:00+00:00,0.0,14.7,4.6,2,0,0,1,False,0.0,7,0.9941666666666664,0.9941666666666664,0.0,0.0,25
2021-07-19 02:00:00+00:00,0.0,13.8,2.0,2,0,0,2,False,0.0,7,0.9819444444444444,0.9819444444444444,0.0,0.0,25
2021-07-19 03:00:00+00:00,0.0,12.9,2.9,2,0,0,3,False,0.0,7,0.9766666666666668,0.9766666666666668,0.0,0.0,25
2021-07-19 04:00:00+00:00,0.0,12.6,2.8,2,1,0,4,False,0.0,7,0.9902777777777776,0.9902777777777776,0.0,0.0,25
2021-07-19 05:00:00+00:00,0.0,11.8,1.1,2,2,0,5,False,1.0,7,0.993611111111111,0.993611111111111,0.0,0.2858333333333333,25
2021-07-19 06:00:00+00:00,0.0,12.9,1.0,2,2,0,6,False,2.0,7,0.7469444444444445,0.7469444444444445,0.7469444444444445,0.7469444444444445,25
2021-07-19 07:00:00+00:00,0.0,15.6,0.5,3,2,0,7,False,2.0,7,0.8697222222222222,0.8697222222222222,0.8697222222222222,0.8697222222222222,25
2021-07-19 08:00:00+00:00,0.0,17.4,1.7,3,3,0,8,False,2.0,7,0.8847222222222224,0.8847222222222224,0.5166666666666667,0.0677777777777777,24
2021-07-19 09:00:00+00:00,0.0,18.3,2.0,3,0,0,9,False,3.0,7,0.9583333333333334,0.9583333333333334,0.0,0.0,22
2021-07-19 10:00:00+00:00,0.0,19.0,2.6,1,5,0,10,False,0.0,7,0.7680555555555555,0.7680555555555555,0.0,0.0,22
2021-07-19 11:00:00+00:00,0.0,20.4,3.2,1,2,0,11,False,5.0,7,0.2233333333333333,0.2233333333333333,0.0,0.0,24
2021-07-19 12:00:00+00:00,0.0,20.4,3.0,1,4,0,12,False,2.0,7,0.1105555555555555,0.1105555555555555,0.0,0.0,25
2021-07-19 13:00:00+00:00,0.0,21.2,3.2,4,5,0,13,False,4.0,7,0.815,0.815,0.5244444444444445,0.7008333333333334,23
2021-07-19 14:00:00+00:00,0.0,21.8,4.2,4,3,0,14,False,5.0,7,0.8916666666666666,0.8916666666666666,0.8916666666666666,0.8916666666666666,23
2021-07-19 15:00:00+00:00,0.0,21.3,4.4,4,5,0,15,False,3.0,7,0.9297222222222222,0.9297222222222222,0.9297222222222222,0.9297222222222222,23
2021-07-19 16:00:00+00:00,0.0,21.6,4.5,6,2,0,16,False,5.0,7,0.7547222222222223,0.7547222222222223,0.7547222222222223,0.7547222222222223,22
2021-07-19 17:00:00+00:00,0.0,21.8,4.2,6,4,0,17,False,2.0,7,0.535,0.535,0.535,0.535,21
2021-07-19 18:00:00+00:00,0.0,21.1,5.3,6,7,0,18,False,4.0,7,0.7347222222222222,0.7347222222222222,0.7347222222222222,0.7347222222222222,20
2021-07-19 19:00:00+00:00,0.0,20.4,5.7,5,1,0,19,False,7.0,7,0.905,0.905,0.905,0.905,25
2021-07-19 20:00:00+00:00,0.0,19.6,2.9,5,0,0,20,False,1.0,7,0.8991666666666667,0.8991666666666667,0.5816666666666667,0.1413888888888889,13
2021-07-19 21:00:00+00:00,0.0,18.9,3.4,5,1,0,21,False,0.0,7,0.5811111111111111,0.5811111111111111,0.0,0.0,11
2021-07-19 22:00:00+00:00,0.0,17.7,0.9,5,0,0,22,False,1.0,7,0.6375000000000001,0.6375000000000001,0.0,0.0,19
2021-07-19 23:00:00+00:00,0.0,17.1,3.2,5,0,0,23,False,0.0,7,0.6347222222222222,0.6347222222222222,0.5072222222222222,0.6347222222222222,21
2021-07-20 00:00:00+00:00,0.0,17.0,2.3,5,0,1,0,False,0.0,7,0.6713888888888888,0.6713888888888888,0.313611111111111,0.1763888888888888,21
2021-07-20 01:00:00+00:00,0.0,16.4,1.1,5,0,1,1,False,0.0,7,0.8033333333333333,0.8033333333333333,0.618888888888889,0.8033333333333333,23
2021-07-20 02:00:00+00:00,0.0,15.0,1.4,5,0,1,2,False,0.0,7,0.861388888888889,0.861388888888889,0.861388888888889,0.861388888888889,23
2021-07-20 03:00:00+00:00,0.0,15.0,1.8,5,1,1,3,False,0.0,7,0.9005555555555557,0.9005555555555557,0.9005555555555557,0.9005555555555557,23
2021-07-20 04:00:00+00:00,0.0,13.3,1.7,5,1,1,4,False,1.0,7,0.8402777777777778,0.8402777777777778,0.8402777777777778,0.8402777777777778,23
2021-07-20 05:00:00+00:00,0.0,15.6,3.1,5,1,1,5,False,1.0,7,0.8630555555555555,0.8630555555555555,0.8630555555555555,0.8630555555555555,23
2021-07-20 06:00:00+00:00,0.0,16.0,1.5,5,8,1,6,False,1.0,7,0.8938888888888888,0.8938888888888888,0.8938888888888888,0.8938888888888888,22
2021-07-20 07:00:00+00:00,0.0,19.0,2.4,5,2,1,7,False,8.0,7,0.9147222222222224,0.9147222222222224,0.9147222222222224,0.9147222222222224,12
2021-07-20 08:00:00+00:00,0.0,19.1,3.7,5,0,1,8,False,2.0,7,0.8772222222222221,0.8772222222222221,0.595,0.4413888888888889,15
2021-07-20 09:00:00+00:00,0.0,20.2,3.2,5,4,1,9,False,0.0,7,0.9144444444444444,0.9144444444444444,0.0,0.0,14
2021-07-20 10:00:00+00:00,0.0,21.4,2.3,5,1,1,10,False,4.0,7,0.9733333333333334,0.9733333333333334,0.0586111111111111,0.5013888888888889,15
2021-07-20 11:00:00+00:00,0.0,22.6,3.3,5,3,1,11,False,1.0,7,0.6908333333333332,0.6908333333333332,0.6908333333333332,0.6908333333333332,16
2021-07-20 12:00:00+00:00,0.0,22.7,3.2,5,4,1,12,False,3.0,7,0.9,0.9,0.9,0.9,13
2021-07-20 13:00:00+00:00,0.0,23.4,3.3,5,6,1,13,False,4.0,7,0.9047222222222222,0.9047222222222222,0.9047222222222222,0.9047222222222222,16
2021-07-20 14:00:00+00:00,0.0,24.2,1.7,5,3,1,14,False,6.0,7,0.9272222222222222,0.9272222222222222,0.9272222222222222,0.9272222222222222,17
2021-07-20 15:00:00+00:00,0.0,24.2,2.5,5,3,1,15,False,3.0,7,0.9297222222222222,0.9297222222222222,0.3736111111111111,0.2019444444444444,18
2021-07-20 16:00:00+00:00,0.0,24.2,2.6,6,2,1,16,False,3.0,7,0.96,0.96,0.0,0.0,1
2021-07-20 17:00:00+00:00,0.0,23.5,2.4,6,4,1,17,False,2.0,7,0.9880555555555556,0.9880555555555556,0.0,0.0,12
2021-07-20 18:00:00+00:00,0.0,23.2,4.0,6,1,1,18,False,4.0,7,0.9947222222222222,0.9947222222222222,0.0,0.0,11
2021-07-20 19:00:00+00:00,0.0,21.8,3.7,6,0,1,19,False,1.0,7,0.981111111111111,0.981111111111111,0.3594444444444444,0.9380555555555556,13
2021-07-20 20:00:00+00:00,0.0,21.4,2.8,6,2,1,20,False,0.0,7,0.9811111111111112,0.9811111111111112,0.6852777777777778,0.4816666666666667,13
2021-07-20 21:00:00+00:00,0.0,20.1,1.7,6,1,1,21,False,2.0,7,0.998611111111111,0.998611111111111,0.0416666666666666,0.21,19
2021-07-20 22:00:00+00:00,0.0,18.3,1.1,4,0,1,22,False,1.0,7,0.9633333333333334,0.9633333333333334,0.3436111111111111,0.3061111111111111,25
2021-07-20 23:00:00+00:00,0.0,17.7,4.9,4,0,1,23,False,0.0,7,0.9697222222222222,0.9697222222222222,0.0,0.0,25
2021-07-21 00:00:00+00:00,0.0,18.0,7.4,4,0,2,0,False,0.0,7,0.9669444444444444,0.9669444444444444,0.9225,0.9497222222222224,24
2021-07-21 01:00:00+00:00,0.0,16.7,7.0,4,0,2,1,False,0.0,7,0.97,0.97,0.97,0.97,25
2021-07-21 02:00:00+00:00,0.0,15.5,6.4,4,0,2,2,False,0.0,7,0.975277777777778,0.975277777777778,0.975277777777778,0.975277777777778,25
2021-07-21 03:00:00+00:00,0.0,14.5,6.1,4,1,2,3,False,0.0,7,0.9975,0.9975,0.9975,0.9975,25
2021-07-21 04:00:00+00:00,0.0,14.0,5.4,4,1,2,4,False,1.0,7,0.7719444444444443,0.7719444444444443,0.7719444444444443,0.7719444444444443,25
2021-07-21 05:00:00+00:00,0.0,13.6,4.3,4,2,2,5,False,1.0,7,0.7866666666666666,0.7866666666666666,0.7866666666666666,0.7866666666666666,25
2021-07-21 06:00:00+00:00,0.0,13.4,4.3,4,6,2,6,False,2.0,7,0.896111111111111,0.896111111111111,0.896111111111111,0.896111111111111,24
2021-07-21 07:00:00+00:00,0.0,14.3,4.0,5,2,2,7,False,6.0,7,0.9177777777777776,0.9177777777777776,0.3880555555555555,0.0,14
2021-07-21 08:00:00+00:00,0.0,15.6,3.3,5,4,2,8,False,2.0,7,0.9583333333333334,0.9583333333333334,0.0,0.0,16
2021-07-21 09:00:00+00:00,0.0,17.0,2.4,5,6,2,9,False,4.0,7,0.9713888888888887,0.9713888888888887,0.0938888888888888,0.3791666666666666,17
2021-07-21 10:00:00+00:00,0.0,18.3,0.7,3,6,2,10,False,6.0,7,0.8891666666666667,0.8891666666666667,0.0,0.0,15
2021-07-21 11:00:00+00:00,0.0,19.9,1.0,3,2,2,11,False,6.0,7,0.8980555555555555,0.8980555555555555,0.0202777777777777,0.4102777777777778,10
2021-07-21 12:00:00+00:00,0.0,20.7,2.6,3,3,2,12,False,2.0,7,0.9072222222222222,0.9072222222222222,0.8916666666666666,0.4708333333333333,7
2021-07-21 13:00:00+00:00,0.0,21.6,2.2,1,7,2,13,False,3.0,7,0.9047222222222222,0.9047222222222222,0.0,0.0,7
2021-07-21 14:00:00+00:00,0.0,21.8,2.4,1,3,2,14,False,7.0,7,0.6672222222222222,0.6672222222222222,0.0,0.0,10
2021-07-21 15:00:00+00:00,0.0,22.5,2.9,1,3,2,15,False,3.0,7,0.7025,0.7025,0.0,0.0,13
2021-07-21 16:00:00+00:00,0.0,23.0,2.1,1,1,2,16,False,3.0,7,0.7319444444444445,0.7319444444444445,0.0,0.0,11
2021-07-21 17:00:00+00:00,0.0,23.3,2.1,1,3,2,17,False,1.0,7,0.6963888888888888,0.6963888888888888,0.0,0.0,19
2021-07-21 18:00:00+00:00,0.0,22.8,2.0,1,1,2,18,False,3.0,7,0.8219444444444444,0.8219444444444444,0.1519444444444444,0.4969444444444444,21
2021-07-21 19:00:00+00:00,0.0,21.8,3.9,1,2,2,19,False,1.0,7,0.8325,0.8325,0.1713888888888889,0.0,23
2021-07-21 20:00:00+00:00,0.0,20.3,2.2,1,3,2,20,False,2.0,7,0.7705555555555557,0.7705555555555557,0.4519444444444444,0.5616666666666666,3
2021-07-21 21:00:00+00:00,0.0,19.2,3.2,1,1,2,21,False,3.0,7,0.9208333333333334,0.9208333333333334,0.3188888888888889,0.1547222222222222,8
2021-07-21 22:00:00+00:00,0.0,17.9,2.6,2,1,2,22,False,1.0,7,0.8980555555555556,0.8980555555555556,0.0,0.0,10
2021-07-21 23:00:00+00:00,0.0,17.2,2.4,2,0,2,23,False,1.0,7,0.9291666666666668,0.9291666666666668,0.0,0.0,10
2021-07-22 00:00:00+00:00,0.0,16.2,1.6,2,0,3,0,False,0.0,7,0.9372222222222222,0.9372222222222222,0.0,0.0,12
2021-07-22 01:00:00+00:00,0.0,16.3,1.5,2,0,3,1,False,0.0,7,0.9594444444444444,0.9594444444444444,0.0,0.0,11
2021-07-22 02:00:00+00:00,0.0,16.6,1.2,2,0,3,2,False,0.0,7,0.9897222222222224,0.9897222222222224,0.0,0.0,11
2021-07-22 03:00:00+00:00,0.0,16.4,1.3,2,2,3,3,False,0.0,7,0.953611111111111,0.953611111111111,0.0,0.0,11
2021-07-22 04:00:00+00:00,0.0,16.1,1.2,2,2,3,4,False,2.0,7,0.9627777777777778,0.9627777777777778,0.0,0.0,11
2021-07-22 05:00:00+00:00,0.0,15.6,1.0,2,0,3,5,False,2.0,7,0.9847222222222222,0.9847222222222222,0.0,0.0,11
2021-07-22 06:00:00+00:00,0.0,16.5,0.9,2,3,3,6,False,0.0,7,0.9488888888888888,0.9488888888888888,0.8638888888888889,0.9488888888888888,9
2021-07-22 07:00:00+00:00,0.0,17.9,1.0,5,3,3,7,False,3.0,7,0.9505555555555556,0.9505555555555556,0.3636111111111111,0.1047222222222222,9
2021-07-22 08:00:00+00:00,0.0,19.4,1.0,5,4,3,8,False,3.0,7,0.9475,0.9475,0.0,0.0,12
2021-07-22 09:00:00+00:00,0.0,20.8,1.7,5,0,3,9,False,4.0,7,0.9519444444444444,0.9519444444444444,0.0438888888888888,0.7177777777777777,14
2021-07-22 10:00:00+00:00,0.0,22.9,2.0,1,6,3,10,False,0.0,7,0.9705555555555556,0.9705555555555556,0.9705555555555556,0.9705555555555556,16
2021-07-22 11:00:00+00:00,0.0,23.9,2.5,1,0,3,11,False,6.0,7,0.963611111111111,0.963611111111111,0.963611111111111,0.963611111111111,13
2021-07-22 12:00:00+00:00,0.0,25.6,3.0,1,4,3,12,False,0.0,7,0.9652777777777778,0.9652777777777778,0.9652777777777778,0.9652777777777778,17
2021-07-22 13:00:00+00:00,0.0,27.0,3.1,1,10,3,13,False,4.0,7,0.968888888888889,0.968888888888889,0.968888888888889,0.968888888888889,18
2021-07-22 14:00:00+00:00,0.0,27.8,2.8,1,4,3,14,False,10.0,7,0.9741666666666668,0.9741666666666668,0.9741666666666668,0.9741666666666668,22
2021-07-22 15:00:00+00:00,0.0,27.4,4.3,1,4,3,15,False,4.0,7,0.976111111111111,0.976111111111111,0.9494444444444444,0.5461111111111111,22
2021-07-22 16:00:00+00:00,0.0,27.4,4.1,0,2,3,16,False,4.0,7,0.9655555555555556,0.9655555555555556,0.6222222222222222,0.3797222222222222,16
2021-07-22 17:00:00+00:00,0.0,25.8,4.1,0,2,3,17,False,2.0,7,0.96,0.96,0.6302777777777777,0.96,16
2021-07-22 18:00:00+00:00,0.0,25.1,3.3,0,1,3,18,False,2.0,7,0.9675,0.9675,0.9675,0.9675,19
2021-07-22 19:00:00+00:00,0.0,23.5,3.5,1,3,3,19,False,1.0,7,0.6769444444444443,0.6769444444444443,0.6769444444444443,0.6769444444444443,19
2021-07-22 20:00:00+00:00,0.0,21.9,3.0,1,5,3,20,False,3.0,7,0.6177777777777778,0.6177777777777778,0.6177777777777778,0.6177777777777778,20
2021-07-22 21:00:00+00:00,0.0,19.9,2.8,1,2,3,21,False,5.0,7,0.4905555555555556,0.4905555555555556,0.4905555555555556,0.4905555555555556,18
2021-07-22 22:00:00+00:00,0.0,18.3,1.7,1,0,3,22,False,2.0,7,0.9247222222222222,0.9247222222222222,0.9247222222222222,0.9247222222222222,20
2021-07-22 23:00:00+00:00,0.0,17.7,1.6,1,0,3,23,False,0.0,7,0.3958333333333333,0.3958333333333333,0.3958333333333333,0.3958333333333333,22
2021-07-23 00:00:00+00:00,0.0,16.4,1.4,1,0,4,0,False,0.0,7,0.4111111111111111,0.4111111111111111,0.4111111111111111,0.4111111111111111,21
2021-07-23 01:00:00+00:00,0.0,16.1,1.6,1,0,4,1,False,0.0,7,0.4730555555555555,0.4730555555555555,0.4730555555555555,0.4730555555555555,23
2021-07-23 02:00:00+00:00,0.0,18.2,3.8,1,0,4,2,False,0.0,7,0.9066666666666666,0.9066666666666666,0.9066666666666666,0.9066666666666666,23
2021-07-23 03:00:00+00:00,0.0,17.3,2.3,1,1,4,3,False,0.0,7,0.9044444444444444,0.9044444444444444,0.9044444444444444,0.9044444444444444,23
2021-07-23 04:00:00+00:00,0.0,15.9,2.7,1,2,4,4,False,1.0,7,0.9452777777777778,0.9452777777777778,0.9452777777777778,0.9452777777777778,23
2021-07-23 05:00:00+00:00,0.0,16.3,3.9,1,0,4,5,False,2.0,7,0.6291666666666667,0.6291666666666667,0.6291666666666667,0.6291666666666667,23
2021-07-23 06:00:00+00:00,0.0,17.0,3.1,1,4,4,6,False,0.0,7,0.6369444444444444,0.6369444444444444,0.6369444444444444,0.6369444444444444,22
2021-07-23 07:00:00+00:00,0.0,17.8,2.9,1,3,4,7,False,4.0,7,0.6883333333333334,0.6883333333333334,0.6883333333333334,0.6883333333333334,22
2021-07-23 08:00:00+00:00,0.0,18.2,2.9,1,4,4,8,False,3.0,7,0.6838888888888889,0.6838888888888889,0.6838888888888889,0.6838888888888889,14
2021-07-23 09:00:00+00:00,0.0,19.7,2.0,1,1,4,9,False,4.0,7,0.6908333333333333,0.6908333333333333,0.6908333333333333,0.6908333333333333,11
2021-07-23 10:00:00+00:00,0.0,21.0,1.5,1,2,4,10,False,1.0,7,0.6916666666666667,0.6916666666666667,0.6916666666666667,0.6916666666666667,12
2021-07-23 11:00:00+00:00,0.0,22.5,2.8,1,4,4,11,False,2.0,7,0.9533333333333334,0.9533333333333334,0.9533333333333334,0.9061111111111112,10
2021-07-23 12:00:00+00:00,0.0,22.9,1.6,1,5,4,12,False,4.0,7,0.7444444444444445,0.7444444444444445,0.0,0.0,11
2021-07-23 13:00:00+00:00,0.0,24.4,2.7,1,8,4,13,False,5.0,7,0.3216666666666666,0.3216666666666666,0.0,0.0,13
2021-07-23 14:00:00+00:00,0.0,25.3,2.1,1,5,4,14,False,8.0,7,0.3127777777777777,0.3127777777777777,0.1483333333333333,0.3127777777777777,17
2021-07-23 15:00:00+00:00,0.0,25.7,1.8,1,3,4,15,False,5.0,7,0.3652777777777777,0.3652777777777777,0.1611111111111111,0.0,15
2021-07-23 16:00:00+00:00,0.0,25.9,0.9,1,4,4,16,False,3.0,7,0.8336111111111111,0.8336111111111111,0.6727777777777778,0.8336111111111111,15
2021-07-23 17:00:00+00:00,0.0,26.4,0.8,1,3,4,17,False,4.0,7,0.6480555555555556,0.6480555555555556,0.6480555555555556,0.6480555555555556,18
2021-07-23 18:00:00+00:00,0.0,26.2,2.0,1,5,4,18,False,3.0,7,0.7547222222222223,0.7547222222222223,0.7547222222222223,0.7547222222222223,24
2021-07-23 19:00:00+00:00,0.0,25.0,1.4,0,1,4,19,False,5.0,7,0.8872222222222221,0.8872222222222221,0.8872222222222221,0.8872222222222221,25
2021-07-23 20:00:00+00:00,0.0,23.0,1.2,0,2,4,20,False,1.0,7,0.8983333333333333,0.8983333333333333,0.8983333333333333,0.8983333333333333,24
2021-07-23 21:00:00+00:00,0.0,20.8,1.9,0,1,4,21,False,2.0,7,0.8161111111111111,0.8161111111111111,0.8161111111111111,0.8161111111111111,24
2021-07-23 22:00:00+00:00,0.0,18.9,1.9,1,0,4,22,False,1.0,7,0.9708333333333334,0.9708333333333334,0.9708333333333334,0.9708333333333334,7
2021-07-23 23:00:00+00:00,0.0,17.4,1.3,1,0,4,23,False,0.0,7,0.9783333333333332,0.9783333333333332,0.9783333333333332,0.9783333333333332,8
2021-07-24 00:00:00+00:00,0.0,16.7,2.1,1,0,5,0,False,0.0,7,0.9813888888888888,0.9813888888888888,0.9813888888888888,0.9813888888888888,11
2021-07-24 01:00:00+00:00,0.0,16.2,2.9,1,0,5,1,False,0.0,7,0.987222222222222,0.987222222222222,0.987222222222222,0.987222222222222,12
2021-07-24 02:00:00+00:00,0.0,16.0,2.2,1,0,5,2,False,0.0,7,0.9155555555555556,0.9155555555555556,0.9155555555555556,0.9155555555555556,12
2021-07-24 03:00:00+00:00,0.0,14.4,1.4,1,0,5,3,False,0.0,7,0.9247222222222222,0.9247222222222222,0.9247222222222222,0.9247222222222222,13
2021-07-24 04:00:00+00:00,0.0,14.0,1.9,1,0,5,4,False,0.0,7,0.6863888888888889,0.6863888888888889,0.6863888888888889,0.6863888888888889,13
2021-07-24 05:00:00+00:00,0.0,14.8,2.0,1,0,5,5,False,0.0,7,0.9619444444444444,0.9619444444444444,0.9619444444444444,0.9619444444444444,13
2021-07-24 06:00:00+00:00,0.0,16.6,0.5,1,0,5,6,False,0.0,7,0.9888888888888888,0.9888888888888888,0.9888888888888888,0.9888888888888888,13
2021-07-24 07:00:00+00:00,0.0,19.3,0.7,0,2,5,7,False,0.0,7,0.9936111111111112,0.9936111111111112,0.9936111111111112,0.9936111111111112,15
2021-07-24 08:00:00+00:00,0.0,21.2,1.3,0,3,5,8,False,2.0,7,0.9933333333333334,0.9933333333333334,0.9933333333333334,0.9933333333333334,16
2021-07-24 09:00:00+00:00,0.0,22.9,1.0,0,3,5,9,False,3.0,7,0.6483333333333333,0.6483333333333333,0.6483333333333333,0.6483333333333333,17
2021-07-24 10:00:00+00:00,0.0,24.6,1.9,0,3,5,10,False,3.0,7,0.7066666666666666,0.7066666666666666,0.7066666666666666,0.7066666666666666,16
2021-07-24 11:00:00+00:00,0.0,25.7,2.4,0,1,5,11,False,3.0,7,0.6583333333333334,0.6583333333333334,0.6583333333333334,0.6583333333333334,18
2021-07-24 12:00:00+00:00,0.0,26.7,2.4,0,0,5,12,False,1.0,7,0.7388888888888889,0.7388888888888889,0.7388888888888889,0.7388888888888889,19
2021-07-24 13:00:00+00:00,0.0,27.2,3.2,1,2,5,13,False,0.0,7,0.8708333333333333,0.8708333333333333,0.8708333333333333,0.8708333333333333,18
2021-07-24 14:00:00+00:00,0.0,27.9,2.9,1,4,5,14,False,2.0,7,0.8694444444444445,0.8694444444444445,0.8694444444444445,0.8694444444444445,20
2021-07-24 15:00:00+00:00,0.0,28.2,3.0,1,7,5,15,False,4.0,7,0.9502777777777776,0.9502777777777776,0.9502777777777776,0.9502777777777776,0
2021-07-24 16:00:00+00:00,0.0,28.1,3.2,0,3,5,16,False,7.0,7,0.8888888888888887,0.8888888888888887,0.8888888888888887,0.8888888888888887,2
2021-07-24 17:00:00+00:00,0.0,27.1,3.6,0,1,5,17,False,3.0,7,0.9880555555555556,0.9880555555555556,0.9880555555555556,0.9880555555555556,2
2021-07-24 18:00:00+00:00,0.0,26.8,2.3,0,2,5,18,False,1.0,7,0.8344444444444444,0.8344444444444444,0.8344444444444444,0.8344444444444444,2
2021-07-24 19:00:00+00:00,0.0,25.9,2.6,0,2,5,19,False,2.0,7,0.9538888888888888,0.9538888888888888,0.9538888888888888,0.9538888888888888,2
2021-07-24 20:00:00+00:00,0.0,24.1,1.8,0,5,5,20,False,2.0,7,0.8447222222222222,0.8447222222222222,0.8447222222222222,0.8447222222222222,2
2021-07-24 21:00:00+00:00,0.0,21.7,0.4,0,2,5,21,False,5.0,7,0.9841666666666667,0.9841666666666667,0.3319444444444445,0.1305555555555555,3
2021-07-24 22:00:00+00:00,0.0,19.5,1.2,0,3,5,22,False,2.0,7,0.9019444444444444,0.9019444444444444,0.0,0.0,7
2021-07-24 23:00:00+00:00,0.0,18.2,1.5,0,0,5,23,False,3.0,7,0.9475,0.9475,0.0,0.0,6
2021-07-25 00:00:00+00:00,0.0,18.0,2.5,0,0,6,0,False,0.0,7,0.5955555555555555,0.5955555555555555,0.0,0.0,8
2021-07-25 01:00:00+00:00,0.0,17.2,2.2,0,0,6,1,False,0.0,7,0.6477777777777777,0.6477777777777777,0.0,0.0,8
2021-07-25 02:00:00+00:00,0.0,16.5,2.7,0,0,6,2,False,0.0,7,0.7058333333333333,0.7058333333333333,0.0,0.0,8
2021-07-25 03:00:00+00:00,0.0,16.3,3.1,0,0,6,3,False,0.0,7,0.7080555555555557,0.7080555555555557,0.0,0.0,8
2021-07-25 04:00:00+00:00,0.0,16.6,2.5,0,1,6,4,False,0.0,7,0.7347222222222222,0.7347222222222222,0.0,0.0,8
2021-07-25 05:00:00+00:00,0.0,16.8,2.0,0,2,6,5,False,1.0,7,0.7386111111111111,0.7386111111111111,0.0,0.0,8
2021-07-25 06:00:00+00:00,0.0,17.7,0.8,0,0,6,6,False,2.0,7,0.7416666666666666,0.7416666666666666,0.0,0.0,9
2021-07-25 07:00:00+00:00,0.0,22.6,1.2,1,0,6,7,False,0.0,7,0.7436111111111112,0.7436111111111112,0.0,0.0,7
2021-07-25 08:00:00+00:00,0.0,23.8,1.6,1,2,6,8,False,0.0,7,0.7647222222222223,0.7647222222222223,0.0,0.0,8
2021-07-25 09:00:00+00:00,0.0,24.6,1.7,1,0,6,9,False,2.0,7,0.831388888888889,0.831388888888889,0.0,0.0,9
2021-07-25 10:00:00+00:00,0.0,26.2,2.6,1,5,6,10,False,0.0,7,0.8322222222222222,0.8322222222222222,0.0,0.0,12
2021-07-25 11:00:00+00:00,0.0,26.0,2.8,1,2,6,11,False,5.0,7,0.8341666666666666,0.8341666666666666,0.0,0.0,13
2021-07-25 12:00:00+00:00,0.0,27.0,2.1,1,6,6,12,False,2.0,7,0.8669444444444445,0.8669444444444445,0.0,0.0,15
2021-07-25 13:00:00+00:00,0.0,28.9,2.7,4,7,6,13,False,6.0,7,0.8766666666666666,0.8766666666666666,0.0755555555555555,0.3380555555555556,16
2021-07-25 14:00:00+00:00,0.0,27.8,2.6,4,2,6,14,False,7.0,7,0.8652777777777777,0.8652777777777777,0.8652777777777777,0.8652777777777777,17
2021-07-25 15:00:00+00:00,0.0,29.3,2.9,4,2,6,15,False,2.0,7,0.8725,0.8725,0.8725,0.8725,14
2021-07-25 16:00:00+00:00,0.0,29.6,2.6,4,2,6,16,False,2.0,7,0.9261111111111112,0.9261111111111112,0.9261111111111112,0.9261111111111112,11
2021-07-25 17:00:00+00:00,0.0,28.6,3.0,4,3,6,17,False,2.0,7,0.9733333333333332,0.9733333333333332,0.9733333333333332,0.9733333333333332,9
2021-07-25 18:00:00+00:00,0.0,27.1,3.1,4,3,6,18,False,3.0,7,0.9766666666666668,0.9766666666666668,0.9766666666666668,0.9766666666666668,10
2021-07-25 19:00:00+00:00,0.0,27.0,2.5,4,2,6,19,False,3.0,7,0.9741666666666666,0.9741666666666666,0.9741666666666666,0.9741666666666666,12
2021-07-25 20:00:00+00:00,0.0,25.6,2.1,4,2,6,20,False,2.0,7,0.9816666666666668,0.9816666666666668,0.9816666666666668,0.9816666666666668,16
2021-07-25 21:00:00+00:00,0.0,24.1,1.6,4,1,6,21,False,2.0,7,0.9988888888888888,0.9988888888888888,0.9988888888888888,0.9988888888888888,15
2021-07-25 22:00:00+00:00,0.0,22.0,0.4,3,0,6,22,False,1.0,7,0.9830555555555556,0.9830555555555556,0.9208333333333334,0.2822222222222222,14
2021-07-25 23:00:00+00:00,0.0,19.7,2.1,3,0,6,23,False,0.0,7,0.9908333333333336,0.9908333333333336,0.0,0.0,17
2021-07-26 00:00:00+00:00,0.0,18.7,2.8,3,0,0,0,False,0.0,7,0.9963888888888888,0.9963888888888888,0.0,0.0,17
2021-07-26 01:00:00+00:00,0.0,18.7,4.1,3,0,0,1,False,0.0,7,0.9986111111111112,0.9986111111111112,0.0,0.0,17
2021-07-26 02:00:00+00:00,0.0,18.8,4.3,3,0,0,2,False,0.0,7,0.995,0.995,0.0,0.0,17
2021-07-26 03:00:00+00:00,0.0,18.8,4.0,3,1,0,3,False,0.0,7,0.8827777777777778,0.8827777777777778,0.0,0.0,17
2021-07-26 04:00:00+00:00,0.0,18.7,4.0,3,0,0,4,False,1.0,7,0.9577777777777776,0.9577777777777776,0.0,0.0,17
2021-07-26 05:00:00+00:00,0.0,19.3,3.1,3,1,0,5,False,0.0,7,0.9241666666666666,0.9241666666666666,0.0,0.0,17
2021-07-26 06:00:00+00:00,0.0,19.5,2.0,3,6,0,6,False,1.0,7,0.4194444444444444,0.4194444444444444,0.0,0.0,16
2021-07-26 07:00:00+00:00,0.0,20.4,3.3,6,1,0,7,False,6.0,7,0.6511111111111112,0.6511111111111112,0.0,0.0,16
2021-07-26 08:00:00+00:00,0.0,21.6,2.5,6,3,0,8,False,1.0,7,0.9177777777777776,0.9177777777777776,0.0,0.0,20
2021-07-26 09:00:00+00:00,0.0,22.3,3.0,6,3,0,9,False,3.0,7,0.9194444444444444,0.9194444444444444,0.0,0.0,11
2021-07-26 10:00:00+00:00,0.0,22.8,4.1,6,3,0,10,False,3.0,7,0.928888888888889,0.928888888888889,0.0,0.0,13
2021-07-26 11:00:00+00:00,0.0,24.5,3.6,6,5,0,11,False,3.0,7,0.9341666666666668,0.9341666666666668,0.4355555555555555,0.9311111111111112,12
2021-07-26 12:00:00+00:00,0.0,25.7,2.0,6,3,0,12,False,5.0,7,0.9444444444444444,0.9444444444444444,0.9444444444444444,0.9444444444444444,12
2021-07-26 13:00:00+00:00,0.0,25.6,2.6,5,10,0,13,False,3.0,7,0.96,0.96,0.96,0.96,11
2021-07-26 14:00:00+00:00,0.0,25.2,3.4,5,6,0,14,False,10.0,7,0.9938888888888888,0.9938888888888888,0.9938888888888888,0.9938888888888888,15
2021-07-26 15:00:00+00:00,0.0,25.4,4.7,5,9,0,15,False,6.0,7,0.0636111111111111,0.0636111111111111,0.0636111111111111,0.0636111111111111,16
2021-07-26 16:00:00+00:00,0.0,26.7,3.2,6,2,0,16,False,9.0,7,0.7688888888888888,0.7688888888888888,0.7688888888888888,0.7688888888888888,13
2021-07-26 17:00:00+00:00,0.0,25.4,4.7,6,0,0,17,False,2.0,7,0.9280555555555556,0.9280555555555556,0.9280555555555556,0.9280555555555556,12
2021-07-26 18:00:00+00:00,0.0,24.2,4.0,6,1,0,18,False,0.0,7,0.9736111111111112,0.9736111111111112,0.9736111111111112,0.9736111111111112,9
2021-07-26 19:00:00+00:00,0.2,22.4,3.4,8,0,0,19,False,1.0,7,0.9638888888888888,0.9638888888888888,0.9638888888888888,0.9638888888888888,13
2021-07-26 20:00:00+00:00,0.4,20.4,3.6,8,0,0,20,False,0.0,7,0.985,0.985,0.985,0.985,15
2021-07-26 21:00:00+00:00,0.3,19.8,3.7,8,0,0,21,False,0.0,7,0.8358333333333333,0.8358333333333333,0.8358333333333333,0.8358333333333333,17
2021-07-26 22:00:00+00:00,0.0,20.1,1.5,8,0,0,22,False,0.0,7,0.7213888888888889,0.7213888888888889,0.7213888888888889,0.7213888888888889,19
2021-07-26 23:00:00+00:00,0.7,18.1,2.9,8,0,0,23,False,0.0,7,0.8374999999999999,0.8374999999999999,0.8374999999999999,0.8374999999999999,23
2021-07-27 00:00:00+00:00,0.0,19.2,3.1,8,0,1,0,False,0.0,7,0.9191666666666668,0.9191666666666668,0.9191666666666668,0.9191666666666668,24
2021-07-27 01:00:00+00:00,0.0,18.0,0.8,8,0,1,1,False,0.0,7,0.3702777777777778,0.3702777777777778,0.3702777777777778,0.3702777777777778,24
2021-07-27 02:00:00+00:00,0.8,18.2,1.2,8,0,1,2,False,0.0,7,0.9416666666666668,0.9416666666666668,0.02,0.0,24
2021-07-27 03:00:00+00:00,3.6,17.3,0.8,8,0,1,3,False,0.0,7,0.3825,0.3825,0.0,0.0,24
2021-07-27 04:00:00+00:00,2.0,17.4,0.8,8,1,1,4,False,0.0,7,0.3858333333333333,0.3858333333333333,0.0,0.0,24
2021-07-27 05:00:00+00:00,1.5,17.4,2.8,8,0,1,5,False,1.0,7,0.4541666666666666,0.4541666666666666,0.0,0.0,24
2021-07-27 06:00:00+00:00,0.0,17.9,2.2,8,2,1,6,False,0.0,7,0.4605555555555556,0.4605555555555556,0.0,0.0,24
2021-07-27 07:00:00+00:00,0.0,18.6,3.5,8,2,1,7,False,2.0,7,0.6002777777777778,0.6002777777777778,0.0,0.0,23
2021-07-27 08:00:00+00:00,0.4,18.2,3.2,8,0,1,8,False,2.0,7,0.63,0.63,0.0,0.0,24
2021-07-27 09:00:00+00:00,1.5,18.0,3.2,8,2,1,9,False,0.0,7,0.6416666666666666,0.6416666666666666,0.0,0.0,24
2021-07-27 10:00:00+00:00,3.6,17.8,3.4,8,2,1,10,False,2.0,7,0.841111111111111,0.841111111111111,0.0,0.0,23
2021-07-27 11:00:00+00:00,1.1,18.0,4.2,8,1,1,11,False,2.0,7,0.6805555555555556,0.6805555555555556,0.0,0.0,24
2021-07-27 12:00:00+00:00,1.5,18.0,3.1,8,5,1,12,False,1.0,7,0.8147222222222222,0.8147222222222222,0.0,0.0,21
2021-07-27 13:00:00+00:00,0.7,17.9,4.4,8,4,1,13,False,5.0,7,0.7452777777777778,0.7452777777777778,0.0,0.0,13
2021-07-27 14:00:00+00:00,1.2,17.8,4.1,8,1,1,14,False,4.0,7,0.7766666666666666,0.7766666666666666,0.0,0.0,14
2021-07-27 15:00:00+00:00,0.3,18.8,4.8,8,1,1,15,False,1.0,7,0.9855555555555556,0.9855555555555556,0.0,0.0,10
2021-07-27 16:00:00+00:00,0.4,18.4,2.7,8,0,1,16,False,1.0,7,0.9272222222222224,0.9272222222222224,0.0,0.0,13
2021-07-27 17:00:00+00:00,0.2,18.8,2.1,8,1,1,17,False,0.0,7,0.9930555555555556,0.9930555555555556,0.0,0.0,8
2021-07-27 18:00:00+00:00,0.0,19.7,1.4,8,2,1,18,False,1.0,7,0.9961111111111112,0.9961111111111112,0.0,0.0,10
2021-07-27 19:00:00+00:00,0.0,19.2,1.8,8,0,1,19,False,2.0,7,0.9536111111111112,0.9536111111111112,0.4380555555555555,0.855,11
2021-07-27 20:00:00+00:00,9.8,17.9,4.4,8,0,1,20,False,0.0,7,0.9725,0.9725,0.9725,0.9725,11
2021-07-27 21:00:00+00:00,6.2,18.0,3.8,8,1,1,21,False,0.0,7,0.5666666666666667,0.5666666666666667,0.5666666666666667,0.5666666666666667,11
2021-07-27 22:00:00+00:00,0.0,18.1,3.2,8,0,1,22,False,1.0,7,0.8183333333333334,0.8183333333333334,0.8183333333333334,0.8183333333333334,11
2021-07-27 23:00:00+00:00,0.0,17.9,2.7,8,0,1,23,False,0.0,7,0.8730555555555556,0.8730555555555556,0.8730555555555556,0.8730555555555556,14
2021-07-28 00:00:00+00:00,0.3,17.8,2.8,8,0,2,0,False,0.0,7,0.7933333333333333,0.7933333333333333,0.7933333333333333,0.7933333333333333,14
2021-07-28 01:00:00+00:00,0.2,17.7,3.2,8,0,2,1,False,0.0,7,0.7947222222222221,0.7947222222222221,0.7947222222222221,0.7947222222222221,17
2021-07-28 02:00:00+00:00,0.0,17.6,2.9,8,0,2,2,False,0.0,7,0.8033333333333333,0.8033333333333333,0.8033333333333333,0.8033333333333333,17
2021-07-28 03:00:00+00:00,0.0,17.6,2.2,8,0,2,3,False,0.0,7,0.8880555555555555,0.8880555555555555,0.8880555555555555,0.8880555555555555,17
2021-07-28 04:00:00+00:00,9.5,17.3,2.4,8,1,2,4,False,0.0,7,0.9372222222222224,0.9372222222222224,0.9372222222222224,0.9372222222222224,17
2021-07-28 05:00:00+00:00,1.7,17.4,0.4,8,2,2,5,False,1.0,7,0.9941666666666666,0.9941666666666666,0.9941666666666666,0.9941666666666666,17
2021-07-28 06:00:00+00:00,0.3,17.7,1.9,8,6,2,6,False,2.0,7,0.9927777777777778,0.9927777777777778,0.9927777777777778,0.7402777777777778,17
2021-07-28 07:00:00+00:00,0.1,17.8,1.6,8,5,2,7,False,6.0,7,0.9969444444444444,0.9969444444444444,0.0,0.0,16
2021-07-28 08:00:00+00:00,0.4,18.1,1.0,8,1,2,8,False,5.0,7,0.2861111111111111,0.2861111111111111,0.0,0.0,16
2021-07-28 09:00:00+00:00,0.0,18.8,2.1,8,1,2,9,False,1.0,7,0.2963888888888888,0.2963888888888888,0.0,0.0,13
2021-07-28 10:00:00+00:00,0.0,20.3,2.7,8,1,2,10,False,1.0,7,0.2994444444444444,0.2994444444444444,0.0,0.0,9
2021-07-28 11:00:00+00:00,0.0,19.9,2.2,8,2,2,11,False,1.0,7,0.8425,0.8425,0.0,0.0,8
2021-07-28 12:00:00+00:00,11.9,16.9,1.0,8,0,2,12,False,2.0,7,0.2705555555555555,0.2705555555555555,0.0,0.0,10
2021-07-28 13:00:00+00:00,1.2,18.7,1.5,8,6,2,13,False,0.0,7,0.2011111111111111,0.2011111111111111,0.0,0.0,12
2021-07-28 14:00:00+00:00,0.3,19.1,1.6,8,2,2,14,False,6.0,7,0.9844444444444445,0.9844444444444445,0.8238888888888889,0.9844444444444445,10
2021-07-28 15:00:00+00:00,0.0,20.7,2.4,8,5,2,15,False,2.0,7,0.9869444444444444,0.9869444444444444,0.9805555555555556,0.3691666666666667,12
2021-07-28 16:00:00+00:00,0.0,20.1,3.8,7,1,2,16,False,5.0,7,0.9983333333333332,0.9983333333333332,0.8230555555555555,0.9983333333333332,8
2021-07-28 17:00:00+00:00,0.2,19.6,2.3,7,3,2,17,False,1.0,7,0.9877777777777778,0.9877777777777778,0.9877777777777778,0.9877777777777778,9
2021-07-28 18:00:00+00:00,0.1,18.9,2.5,7,4,2,18,False,3.0,7,0.9883333333333336,0.9883333333333336,0.9883333333333336,0.9883333333333336,5
2021-07-28 19:00:00+00:00,0.0,18.8,1.3,6,4,2,19,False,4.0,7,0.4152777777777777,0.4152777777777777,0.4152777777777777,0.4152777777777777,8
2021-07-28 20:00:00+00:00,0.0,18.2,1.4,6,1,2,20,False,4.0,7,0.3808333333333333,0.3808333333333333,0.3808333333333333,0.3808333333333333,7
2021-07-28 21:00:00+00:00,0.0,16.9,0.9,6,0,2,21,False,1.0,7,0.9169444444444445,0.9169444444444445,0.9169444444444445,0.9169444444444445,5
2021-07-28 22:00:00+00:00,0.0,16.5,2.8,6,0,2,22,False,0.0,7,0.923611111111111,0.923611111111111,0.923611111111111,0.923611111111111,5
2021-07-28 23:00:00+00:00,0.0,16.3,2.2,6,0,2,23,False,0.0,7,0.935,0.935,0.935,0.935,9
2021-07-29 00:00:00+00:00,0.0,16.2,2.2,6,0,3,0,False,0.0,7,0.9541666666666668,0.9541666666666668,0.9541666666666668,0.9541666666666668,13
2021-07-29 01:00:00+00:00,0.4,16.4,0.8,6,0,3,1,False,0.0,7,0.985,0.985,0.985,0.985,17
2021-07-29 02:00:00+00:00,0.0,16.4,1.7,6,0,3,2,False,0.0,7,0.9905555555555556,0.9905555555555556,0.9905555555555556,0.9905555555555556,17
2021-07-29 03:00:00+00:00,0.0,15.9,1.2,6,0,3,3,False,0.0,7,0.9972222222222222,0.9972222222222222,0.9972222222222222,0.9972222222222222,17
2021-07-29 04:00:00+00:00,0.0,16.0,2.2,6,1,3,4,False,0.0,7,0.9977777777777777,0.9977777777777777,0.9977777777777777,0.9977777777777777,17
2021-07-29 05:00:00+00:00,1.8,16.1,1.7,6,0,3,5,False,1.0,7,0.9613888888888888,0.9613888888888888,0.9613888888888888,0.9613888888888888,17
2021-07-29 06:00:00+00:00,0.7,16.3,2.2,6,7,3,6,False,0.0,7,0.8025000000000001,0.8025000000000001,0.8025000000000001,0.8025000000000001,17
2021-07-29 07:00:00+00:00,0.0,17.4,1.3,8,2,3,7,False,7.0,7,0.8180555555555555,0.8180555555555555,0.8180555555555555,0.8180555555555555,16
2021-07-29 08:00:00+00:00,0.0,17.6,2.8,8,3,3,8,False,2.0,7,0.8230555555555554,0.8230555555555554,0.8230555555555554,0.8230555555555554,16
2021-07-29 09:00:00+00:00,0.1,17.4,3.5,8,4,3,9,False,3.0,7,0.8080555555555556,0.8080555555555556,0.8080555555555556,0.8080555555555556,12
2021-07-29 10:00:00+00:00,0.0,17.2,2.6,8,1,3,10,False,4.0,7,0.9955555555555556,0.9955555555555556,0.9955555555555556,0.9955555555555556,15
2021-07-29 11:00:00+00:00,1.1,16.5,1.7,8,0,3,11,False,1.0,7,0.8505555555555554,0.8505555555555554,0.8505555555555554,0.8505555555555554,17
2021-07-29 12:00:00+00:00,1.6,16.1,2.6,8,0,3,12,False,0.0,7,0.8566666666666667,0.8566666666666667,0.8566666666666667,0.8566666666666667,14
2021-07-29 13:00:00+00:00,1.2,15.2,3.5,8,0,3,13,False,0.0,7,0.9430555555555556,0.9430555555555556,0.9430555555555556,0.9430555555555556,13
2021-07-29 14:00:00+00:00,1.4,14.9,1.3,8,2,3,14,False,0.0,7,0.9494444444444444,0.9494444444444444,0.9494444444444444,0.9494444444444444,14
2021-07-29 15:00:00+00:00,7.1,14.6,1.5,8,3,3,15,False,2.0,7,0.8683333333333334,0.8683333333333334,0.8683333333333334,0.8683333333333334,15
2021-07-29 16:00:00+00:00,0.5,14.4,3.0,8,2,3,16,False,3.0,7,0.9833333333333332,0.9833333333333332,0.9833333333333332,0.9833333333333332,4
2021-07-29 17:00:00+00:00,1.3,14.4,1.6,8,1,3,17,False,2.0,7,0.9838888888888888,0.9838888888888888,0.9838888888888888,0.9838888888888888,6
2021-07-29 18:00:00+00:00,0.2,14.3,2.3,8,2,3,18,False,1.0,7,0.8033333333333332,0.8033333333333332,0.8033333333333332,0.8033333333333332,6
2021-07-29 19:00:00+00:00,0.9,14.0,2.4,7,2,3,19,False,2.0,7,0.9666666666666668,0.9666666666666668,0.9666666666666668,0.9666666666666668,5
2021-07-29 20:00:00+00:00,0.0,14.0,1.5,7,3,3,20,False,2.0,7,0.9697222222222222,0.9697222222222222,0.9697222222222222,0.9697222222222222,6
2021-07-29 21:00:00+00:00,0.0,13.7,0.9,7,0,3,21,False,3.0,7,0.992222222222222,0.992222222222222,0.992222222222222,0.992222222222222,5
2021-07-29 22:00:00+00:00,0.0,13.9,0.7,7,0,3,22,False,0.0,7,0.9947222222222222,0.9947222222222222,0.9947222222222222,0.9947222222222222,3
2021-07-29 23:00:00+00:00,0.0,13.9,0.8,7,0,3,23,False,0.0,7,0.9977777777777778,0.9977777777777778,0.9977777777777778,0.9977777777777778,1
2021-07-30 00:00:00+00:00,0.0,13.6,1.6,7,0,4,0,False,0.0,7,0.8163888888888889,0.8163888888888889,0.8163888888888889,0.8163888888888889,2
2021-07-30 01:00:00+00:00,0.0,13.1,1.5,7,0,4,1,False,0.0,7,0.8111111111111111,0.8111111111111111,0.8111111111111111,0.8111111111111111,3
2021-07-30 02:00:00+00:00,0.0,12.8,0.9,7,0,4,2,False,0.0,7,0.6361111111111112,0.6361111111111112,0.6361111111111112,0.6361111111111112,5
2021-07-30 03:00:00+00:00,0.0,12.7,0.7,7,0,4,3,False,0.0,7,0.7041666666666666,0.7041666666666666,0.7041666666666666,0.7041666666666666,5
2021-07-30 04:00:00+00:00,0.0,12.8,0.7,7,1,4,4,False,0.0,7,0.7363888888888889,0.7363888888888889,0.7363888888888889,0.7363888888888889,5
2021-07-30 05:00:00+00:00,0.0,13.0,1.0,7,3,4,5,False,1.0,7,0.8991666666666668,0.8991666666666668,0.8991666666666668,0.8991666666666668,5
2021-07-30 06:00:00+00:00,0.1,13.6,1.4,7,4,4,6,False,3.0,7,0.8688888888888888,0.8688888888888888,0.8688888888888888,0.8688888888888888,5
2021-07-30 07:00:00+00:00,0.0,14.0,1.2,7,4,4,7,False,4.0,7,0.9638888888888888,0.9638888888888888,0.9638888888888888,0.9638888888888888,5
2021-07-30 08:00:00+00:00,0.0,15.6,1.3,7,4,4,8,False,4.0,7,0.8761111111111111,0.8761111111111111,0.8761111111111111,0.8761111111111111,6
2021-07-30 09:00:00+00:00,0.0,17.0,1.4,7,6,4,9,False,4.0,7,0.9747222222222224,0.9747222222222224,0.9747222222222224,0.9747222222222224,4
2021-07-30 10:00:00+00:00,0.0,18.8,2.2,5,3,4,10,False,6.0,7,0.9766666666666668,0.9766666666666668,0.9766666666666668,0.9766666666666668,3
2021-07-30 11:00:00+00:00,0.0,21.7,1.2,5,3,4,11,False,3.0,7,0.7775,0.7775,0.7775,0.7775,3
2021-07-30 12:00:00+00:00,0.0,23.8,2.8,5,1,4,12,False,3.0,7,0.8019444444444445,0.8019444444444445,0.8019444444444445,0.8019444444444445,6
2021-07-30 13:00:00+00:00,0.0,24.0,2.2,4,6,4,13,False,1.0,7,0.8266666666666667,0.8266666666666667,0.8266666666666667,0.8266666666666667,7
2021-07-30 14:00:00+00:00,0.0,25.5,3.6,4,7,4,14,False,6.0,7,0.8388888888888889,0.8388888888888889,0.8388888888888889,0.8388888888888889,5
2021-07-30 15:00:00+00:00,0.0,26.3,3.4,4,5,4,15,False,7.0,7,0.8508333333333333,0.8508333333333333,0.8508333333333333,0.8508333333333333,8
2021-07-30 16:00:00+00:00,0.0,26.3,2.0,4,6,4,16,False,5.0,7,0.6522222222222223,0.6522222222222223,0.6522222222222223,0.6522222222222223,9
2021-07-30 17:00:00+00:00,0.0,25.7,2.7,4,4,4,17,False,6.0,7,0.8408333333333333,0.8408333333333333,0.8408333333333333,0.8408333333333333,7
2021-07-30 18:00:00+00:00,0.0,25.4,3.4,4,3,4,18,False,4.0,7,0.8505555555555556,0.8505555555555556,0.8505555555555556,0.8505555555555556,5
2021-07-30 19:00:00+00:00,0.0,23.4,3.3,2,2,4,19,False,3.0,7,0.8380555555555556,0.8380555555555556,0.8380555555555556,0.8380555555555556,6
2021-07-30 20:00:00+00:00,0.0,21.9,3.2,2,2,4,20,False,2.0,7,0.8711111111111112,0.8711111111111112,0.8711111111111112,0.8711111111111112,8
2021-07-30 21:00:00+00:00,0.0,20.3,2.1,2,0,4,21,False,2.0,7,0.9769444444444446,0.9769444444444446,0.9769444444444446,0.9769444444444446,11
2021-07-30 22:00:00+00:00,0.0,19.5,1.3,4,0,4,22,False,0.0,7,0.9788888888888888,0.9788888888888888,0.9788888888888888,0.9788888888888888,17
2021-07-30 23:00:00+00:00,0.0,18.9,1.7,4,0,4,23,False,0.0,7,0.98,0.98,0.98,0.98,19
2021-07-31 00:00:00+00:00,0.0,18.1,1.0,4,0,5,0,False,0.0,7,0.6827777777777778,0.6827777777777778,0.6827777777777778,0.6827777777777778,19
2021-07-31 01:00:00+00:00,0.0,18.4,1.6,4,0,5,1,False,0.0,7,0.9452777777777778,0.9452777777777778,0.9452777777777778,0.9452777777777778,21
2021-07-31 02:00:00+00:00,0.0,18.2,3.1,4,0,5,2,False,0.0,7,0.7875,0.7875,0.7875,0.7875,22
2021-07-31 03:00:00+00:00,0.1,17.6,3.0,4,0,5,3,False,0.0,7,0.8333333333333334,0.8333333333333334,0.8333333333333334,0.8333333333333334,22
2021-07-31 04:00:00+00:00,0.3,17.1,1.5,4,0,5,4,False,0.0,7,0.7502777777777778,0.7502777777777778,0.7502777777777778,0.7502777777777778,22
2021-07-31 05:00:00+00:00,0.0,16.7,2.5,4,0,5,5,False,0.0,7,0.7597222222222223,0.7597222222222223,0.7597222222222223,0.7597222222222223,22
2021-07-31 06:00:00+00:00,0.0,16.3,1.9,4,4,5,6,False,0.0,7,0.77,0.77,0.77,0.77,22
2021-07-31 07:00:00+00:00,0.0,16.9,2.0,8,0,5,7,False,4.0,7,0.8044444444444444,0.8044444444444444,0.8044444444444444,0.8044444444444444,23
2021-07-31 08:00:00+00:00,0.0,17.2,2.0,8,3,5,8,False,0.0,7,0.8122222222222223,0.8122222222222223,0.8122222222222223,0.8122222222222223,24
2021-07-31 09:00:00+00:00,0.0,17.5,2.4,8,1,5,9,False,3.0,7,0.8055555555555556,0.8055555555555556,0.8055555555555556,0.8055555555555556,11
2021-07-31 10:00:00+00:00,0.0,17.6,1.4,8,1,5,10,False,1.0,7,0.8841666666666665,0.8841666666666665,0.8841666666666665,0.8841666666666665,11
2021-07-31 11:00:00+00:00,0.0,16.7,4.9,8,6,5,11,False,1.0,7,0.8241666666666666,0.8241666666666666,0.8241666666666666,0.8241666666666666,11
2021-07-31 12:00:00+00:00,0.1,16.9,3.6,8,1,5,12,False,6.0,7,0.8536111111111112,0.8536111111111112,0.8536111111111112,0.8536111111111112,11
2021-07-31 13:00:00+00:00,0.0,17.5,4.0,8,2,5,13,False,1.0,7,0.8075,0.8075,0.8075,0.8075,11
2021-07-31 14:00:00+00:00,0.0,17.8,3.4,8,6,5,14,False,2.0,7,0.9672222222222222,0.9672222222222222,0.9672222222222222,0.9672222222222222,8
2021-07-31 15:00:00+00:00,0.0,18.0,2.5,8,1,5,15,False,6.0,7,0.9250000000000002,0.9250000000000002,0.9250000000000002,0.9250000000000002,9
2021-07-31 16:00:00+00:00,0.0,19.2,5.4,8,1,5,16,False,1.0,7,0.9808333333333332,0.9808333333333332,0.9808333333333332,0.9808333333333332,10
2021-07-31 17:00:00+00:00,0.0,18.9,4.0,8,5,5,17,False,1.0,7,0.9858333333333332,0.9858333333333332,0.9858333333333332,0.9858333333333332,8
2021-07-31 18:00:00+00:00,0.0,17.6,4.1,8,1,5,18,False,5.0,7,0.616388888888889,0.616388888888889,0.616388888888889,0.616388888888889,9
2021-07-31 19:00:00+00:00,0.0,17.1,2.6,8,0,5,19,False,1.0,7,0.5575,0.5575,0.5575,0.5575,12
2021-07-31 20:00:00+00:00,0.0,16.6,3.0,8,1,5,20,False,0.0,7,0.5566666666666666,0.5566666666666666,0.5566666666666666,0.5566666666666666,13
2021-07-08 00:00:00+00:00,0.0,16.4,3.1,6,0,3,0,False,1.0,7,0.9702777777777778,0.9702777777777778,0.9702777777777778,0.9702777777777778,12
2021-07-08 01:00:00+00:00,0.0,15.8,3.6,6,0,3,1,False,0.0,7,0.9927777777777778,0.9927777777777778,0.9927777777777778,0.9927777777777778,14
2021-07-08 02:00:00+00:00,0.0,15.3,3.1,6,0,3,2,False,0.0,7,0.961111111111111,0.961111111111111,0.961111111111111,0.961111111111111,14
2021-07-08 03:00:00+00:00,0.0,15.1,3.4,6,0,3,3,False,0.0,7,0.9558333333333332,0.9558333333333332,0.9558333333333332,0.9558333333333332,14
2021-07-08 04:00:00+00:00,0.0,14.8,3.7,6,2,3,4,False,0.0,7,0.5747222222222222,0.5747222222222222,0.5747222222222222,0.5747222222222222,14
2021-07-08 05:00:00+00:00,0.0,14.6,3.6,6,3,3,5,False,2.0,7,0.5827777777777778,0.5827777777777778,0.5827777777777778,0.5827777777777778,14
2021-07-08 06:00:00+00:00,0.0,15.1,3.4,6,7,3,6,False,3.0,7,0.586111111111111,0.586111111111111,0.586111111111111,0.586111111111111,14
2021-07-08 07:00:00+00:00,0.0,15.5,3.1,8,2,3,7,False,7.0,7,0.5919444444444445,0.5919444444444445,0.5919444444444445,0.5919444444444445,13
2021-07-08 08:00:00+00:00,0.0,15.8,4.3,8,0,3,8,False,2.0,7,0.6272222222222222,0.6272222222222222,0.6272222222222222,0.6272222222222222,11
2021-07-08 09:00:00+00:00,0.0,16.4,3.8,8,2,3,9,False,0.0,7,0.4883333333333333,0.4883333333333333,0.4883333333333333,0.4883333333333333,7
2021-07-08 10:00:00+00:00,0.0,18.1,4.7,8,4,3,10,False,2.0,7,0.5008333333333334,0.5008333333333334,0.5008333333333334,0.5008333333333334,11
2021-07-08 11:00:00+00:00,0.0,19.6,4.4,8,3,3,11,False,4.0,7,0.8561111111111112,0.8561111111111112,0.8561111111111112,0.8561111111111112,14
2021-07-08 12:00:00+00:00,0.0,20.5,3.9,8,4,3,12,False,3.0,7,0.9702777777777778,0.9702777777777778,0.5169444444444444,0.2044444444444444,16
2021-07-08 13:00:00+00:00,0.0,20.9,5.5,8,2,3,13,False,4.0,7,0.9425,0.9425,0.0,0.0,17
2021-07-08 14:00:00+00:00,0.0,21.0,4.7,8,6,3,14,False,2.0,7,0.9627777777777776,0.9627777777777776,0.0,0.0,18
2021-07-08 15:00:00+00:00,0.1,21.2,3.4,8,4,3,15,False,6.0,7,0.9688888888888888,0.9688888888888888,0.0,0.0,16
2021-07-08 16:00:00+00:00,0.0,20.3,4.0,8,3,3,16,False,4.0,7,0.9625,0.9625,0.0,0.0,22
2021-07-08 17:00:00+00:00,0.0,18.8,6.1,8,6,3,17,False,3.0,7,0.9827777777777778,0.9827777777777778,0.4594444444444445,0.9305555555555556,24
2021-07-08 18:00:00+00:00,0.0,18.0,4.6,8,4,3,18,False,6.0,7,0.9833333333333332,0.9833333333333332,0.9833333333333332,0.9833333333333332,25
2021-07-08 19:00:00+00:00,0.0,17.1,3.9,8,0,3,19,False,4.0,7,0.9744444444444444,0.9744444444444444,0.9744444444444444,0.9744444444444444,8
2021-07-08 20:00:00+00:00,0.0,16.3,4.4,8,0,3,20,False,0.0,7,0.9933333333333334,0.9933333333333334,0.4363888888888889,0.1572222222222222,7
2021-07-08 21:00:00+00:00,0.0,15.6,3.8,8,0,3,21,False,0.0,7,0.9633333333333334,0.9633333333333334,0.0,0.0,7
2021-07-08 22:00:00+00:00,0.0,14.4,3.4,4,0,3,22,False,0.0,7,0.9663888888888889,0.9663888888888889,0.0,0.0,10
2021-07-08 23:00:00+00:00,0.0,13.9,3.7,4,0,3,23,False,0.0,7,0.9636111111111112,0.9636111111111112,0.0,0.0,14
2021-07-09 00:00:00+00:00,0.0,11.9,0.6,0,0,4,0,False,0.0,7,0.9969444444444444,0.9969444444444444,0.0,0.0,15
2021-07-09 01:00:00+00:00,0.0,12.7,0.5,0,0,4,1,False,0.0,7,0.9691666666666668,0.9691666666666668,0.0,0.0,20
2021-07-09 02:00:00+00:00,0.0,13.2,1.0,0,0,4,2,False,0.0,7,0.9894444444444443,0.9894444444444443,0.0,0.0,20
2021-07-09 03:00:00+00:00,0.0,13.0,0.6,0,0,4,3,False,0.0,7,0.9827777777777778,0.9827777777777778,0.0,0.0,20
2021-07-09 04:00:00+00:00,0.0,12.7,1.1,0,3,4,4,False,0.0,7,0.5572222222222222,0.5572222222222222,0.0,0.0,20
2021-07-09 05:00:00+00:00,0.0,12.6,0.3,0,0,4,5,False,3.0,7,0.6997222222222222,0.6997222222222222,0.0,0.0,20
2021-07-09 06:00:00+00:00,0.0,12.6,1.1,0,4,4,6,False,0.0,7,0.7066666666666667,0.7066666666666667,0.1525,0.6358333333333334,20
2021-07-09 07:00:00+00:00,0.0,12.9,1.3,8,1,4,7,False,4.0,7,0.7038888888888889,0.7038888888888889,0.7038888888888889,0.7038888888888889,18
2021-07-09 08:00:00+00:00,0.0,13.3,1.6,8,1,4,8,False,1.0,7,0.6194444444444445,0.6194444444444445,0.6194444444444445,0.6194444444444445,20
2021-07-09 09:00:00+00:00,0.0,14.2,1.0,8,2,4,9,False,1.0,7,0.6213888888888889,0.6213888888888889,0.6213888888888889,0.6213888888888889,22
2021-07-09 10:00:00+00:00,0.0,15.0,1.2,7,1,4,10,False,2.0,7,0.6547222222222222,0.6547222222222222,0.1883333333333333,0.0,23
2021-07-09 11:00:00+00:00,0.0,16.7,1.6,7,8,4,11,False,1.0,7,0.9166666666666669,0.9166666666666669,0.0,0.0,23
2021-07-09 12:00:00+00:00,0.0,16.7,1.4,7,5,4,12,False,8.0,7,0.9247222222222222,0.9247222222222222,0.0,0.0,5
2021-07-09 13:00:00+00:00,0.0,17.8,1.1,7,3,4,13,False,5.0,7,0.9725,0.9725,0.0,0.0,6
2021-07-09 14:00:00+00:00,0.0,18.9,1.1,7,9,4,14,False,3.0,7,0.7663888888888889,0.7663888888888889,0.0,0.0,4
2021-07-09 15:00:00+00:00,0.0,19.3,0.9,7,4,4,15,False,9.0,7,0.7036111111111112,0.7036111111111112,0.2388888888888888,0.6238888888888889,0
2021-07-09 16:00:00+00:00,0.0,19.8,1.0,7,3,4,16,False,4.0,7,0.6327777777777778,0.6327777777777778,0.0416666666666666,0.0,3
2021-07-09 17:00:00+00:00,0.0,20.5,0.8,7,4,4,17,False,3.0,7,0.6408333333333334,0.6408333333333334,0.5397222222222222,0.6408333333333334,0
2021-07-09 18:00:00+00:00,0.0,20.1,2.2,7,3,4,18,False,4.0,7,0.3186111111111111,0.3186111111111111,0.1911111111111111,0.0,5
2021-07-09 19:00:00+00:00,0.0,19.1,2.5,5,4,4,19,False,3.0,7,0.8769444444444445,0.8769444444444445,0.0741666666666666,0.4536111111111111,6
2021-07-09 20:00:00+00:00,0.0,17.7,1.9,5,5,4,20,False,4.0,7,0.7880555555555555,0.7880555555555555,0.5886111111111111,0.7880555555555555,8
2021-07-09 21:00:00+00:00,0.0,16.3,1.7,5,0,4,21,False,5.0,7,0.7961111111111111,0.7961111111111111,0.7961111111111111,0.7961111111111111,10
2021-07-09 22:00:00+00:00,0.0,15.3,1.0,3,1,4,22,False,0.0,7,0.8022222222222223,0.8022222222222223,0.8022222222222223,0.8022222222222223,8
2021-07-09 23:00:00+00:00,0.0,14.4,0.8,3,0,4,23,False,1.0,7,0.8266666666666668,0.8266666666666668,0.8266666666666668,0.8266666666666668,11
2021-07-10 00:00:00+00:00,0.0,9.8,0.8,7,0,5,0,False,0.0,7,0.8313888888888887,0.8313888888888887,0.8313888888888887,0.8313888888888887,13
2021-07-10 01:00:00+00:00,0.0,10.0,0.7,7,0,5,1,False,0.0,7,0.7897222222222222,0.7897222222222222,0.7897222222222222,0.7897222222222222,13
2021-07-10 02:00:00+00:00,0.0,9.8,0.7,7,0,5,2,False,0.0,7,0.7919444444444445,0.7919444444444445,0.7919444444444445,0.7919444444444445,13
2021-07-10 03:00:00+00:00,0.0,9.8,0.4,7,0,5,3,False,0.0,7,0.8355555555555556,0.8355555555555556,0.8355555555555556,0.8355555555555556,13
2021-07-10 04:00:00+00:00,0.0,9.6,0.8,7,1,5,4,False,0.0,7,0.7955555555555556,0.7955555555555556,0.7955555555555556,0.7955555555555556,13
2021-07-10 05:00:00+00:00,0.0,9.6,1.2,7,0,5,5,False,1.0,7,0.7963888888888888,0.7963888888888888,0.7963888888888888,0.7963888888888888,13
2021-07-10 06:00:00+00:00,0.0,9.4,1.0,7,0,5,6,False,0.0,7,0.9061111111111112,0.9061111111111112,0.9061111111111112,0.9061111111111112,14
2021-07-10 07:00:00+00:00,0.0,9.4,1.1,8,1,5,7,False,0.0,7,0.9538888888888888,0.9538888888888888,0.9538888888888888,0.9538888888888888,13
2021-07-10 08:00:00+00:00,0.0,9.3,1.3,8,2,5,8,False,1.0,7,0.9538888888888888,0.9538888888888888,0.9538888888888888,0.9538888888888888,14
2021-07-10 09:00:00+00:00,0.0,9.4,1.3,8,0,5,9,False,2.0,7,0.9555555555555556,0.9555555555555556,0.9555555555555556,0.9555555555555556,14
2021-07-10 10:00:00+00:00,0.0,9.6,1.1,8,3,5,10,False,0.0,7,0.9966666666666664,0.9966666666666664,0.9966666666666664,0.9966666666666664,13
2021-07-10 11:00:00+00:00,0.0,10.6,0.7,8,0,5,11,False,3.0,7,0.9938888888888888,0.9938888888888888,0.9938888888888888,0.9938888888888888,13
2021-07-10 12:00:00+00:00,0.0,10.7,0.9,8,1,5,12,False,0.0,7,0.9972222222222222,0.9972222222222222,0.5583333333333333,0.2363888888888889,13
2021-07-10 13:00:00+00:00,0.0,12.5,0.4,7,2,5,13,False,1.0,7,0.6983333333333334,0.6983333333333334,0.0,0.0,11
2021-07-10 14:00:00+00:00,0.0,13.0,1.7,7,1,5,14,False,2.0,7,0.6719444444444445,0.6719444444444445,0.0,0.4263888888888889,13
2021-07-10 15:00:00+00:00,0.0,12.7,1.9,7,2,5,15,False,1.0,7,0.8813888888888889,0.8813888888888889,0.2169444444444444,0.5755555555555556,13
2021-07-10 16:00:00+00:00,0.0,12.1,1.3,7,4,5,16,False,2.0,7,0.6877777777777778,0.6877777777777778,0.6877777777777778,0.6877777777777778,13
2021-07-10 17:00:00+00:00,0.0,11.5,1.6,7,3,5,17,False,4.0,7,0.8816666666666667,0.8816666666666667,0.6955555555555556,0.6541666666666667,14
2021-07-10 18:00:00+00:00,0.0,10.9,0.4,7,4,5,18,False,3.0,7,0.9047222222222222,0.9047222222222222,0.4777777777777778,0.8963888888888889,12
2021-07-10 19:00:00+00:00,0.0,10.4,0.2,7,2,5,19,False,4.0,7,0.9047222222222222,0.9047222222222222,0.9047222222222222,0.9047222222222222,11
2021-07-10 20:00:00+00:00,0.0,10.8,1.1,7,1,5,20,False,2.0,7,0.9030555555555556,0.9030555555555556,0.3097222222222222,0.0,9
2021-07-10 21:00:00+00:00,0.0,10.7,1.5,7,0,5,21,False,1.0,7,0.7705555555555555,0.7705555555555555,0.0,0.0,8
2021-07-10 22:00:00+00:00,0.0,11.1,1.0,7,0,5,22,False,0.0,7,0.7705555555555555,0.7705555555555555,0.0,0.0,7
2021-07-10 23:00:00+00:00,0.0,11.3,2.3,7,0,5,23,False,0.0,7,0.7525,0.7525,0.0,0.0,9
2021-07-11 00:00:00+00:00,0.8,3.3,4.4,8,0,6,0,False,0.0,7,0.798888888888889,0.798888888888889,0.0,0.0,12
2021-07-11 01:00:00+00:00,2.0,3.4,4.8,8,0,6,1,False,0.0,7,0.9077777777777778,0.9077777777777778,0.0,0.0,13
2021-07-11 02:00:00+00:00,1.0,3.4,5.1,8,0,6,2,False,0.0,7,0.8511111111111112,0.8511111111111112,0.0,0.0,13
2021-07-11 03:00:00+00:00,1.3,3.4,5.5,8,0,6,3,False,0.0,7,0.7908333333333333,0.7908333333333333,0.0,0.0,13
2021-07-11 04:00:00+00:00,1.4,3.6,4.8,8,1,6,4,False,0.0,7,0.8627777777777779,0.8627777777777779,0.0,0.0,13
2021-07-11 05:00:00+00:00,0.8,3.6,6.2,8,0,6,5,False,1.0,7,0.8544444444444445,0.8544444444444445,0.0,0.0,13
2021-07-11 06:00:00+00:00,0.4,3.4,6.7,8,1,6,6,False,0.0,7,0.9377777777777778,0.9377777777777778,0.0,0.0,13
2021-07-11 07:00:00+00:00,0.9,3.1,7.0,8,0,6,7,False,1.0,7,0.9416666666666668,0.9416666666666668,0.0,0.0,13
2021-07-11 08:00:00+00:00,0.6,3.1,6.3,8,0,6,8,False,0.0,7,0.9394444444444444,0.9394444444444444,0.0,0.0,15
2021-07-11 09:00:00+00:00,0.3,3.0,5.6,8,0,6,9,False,0.0,7,0.9830555555555556,0.9830555555555556,0.0,0.0,15
2021-07-11 10:00:00+00:00,0.1,3.1,4.9,8,1,6,10,False,0.0,7,0.5472222222222223,0.5472222222222223,0.0472222222222222,0.3938888888888889,16
2021-07-11 11:00:00+00:00,0.2,3.3,6.3,8,1,6,11,False,1.0,7,0.773611111111111,0.773611111111111,0.773611111111111,0.773611111111111,0
2021-07-11 12:00:00+00:00,0.0,3.4,4.8,8,4,6,12,False,1.0,7,0.9366666666666668,0.9366666666666668,0.9366666666666668,0.9366666666666668,1
2021-07-11 13:00:00+00:00,0.0,4.1,4.4,7,2,6,13,False,4.0,7,0.9469444444444444,0.9469444444444444,0.9469444444444444,0.9469444444444444,0
2021-07-11 14:00:00+00:00,0.0,3.6,4.7,7,1,6,14,False,2.0,7,0.9980555555555556,0.9980555555555556,0.9980555555555556,0.9980555555555556,2
2021-07-11 15:00:00+00:00,0.0,3.4,5.3,7,2,6,15,False,1.0,7,0.7391666666666669,0.7391666666666669,0.7391666666666669,0.7391666666666669,1
2021-07-11 16:00:00+00:00,0.0,3.5,4.7,8,6,6,16,False,2.0,7,0.8305555555555556,0.8305555555555556,0.8305555555555556,0.8305555555555556,3
2021-07-11 17:00:00+00:00,0.0,3.6,4.2,8,4,6,17,False,6.0,7,0.7591666666666668,0.7591666666666668,0.7591666666666668,0.7591666666666668,6
2021-07-11 18:00:00+00:00,0.0,3.6,3.6,8,2,6,18,False,4.0,7,0.8325,0.8325,0.8325,0.8325,7
2021-07-11 19:00:00+00:00,0.0,3.6,4.7,7,1,6,19,False,2.0,7,0.8386111111111112,0.8386111111111112,0.8386111111111112,0.8386111111111112,4
2021-07-11 20:00:00+00:00,0.0,3.5,6.3,7,1,6,20,False,1.0,7,0.9536111111111112,0.9536111111111112,0.9536111111111112,0.9536111111111112,3
2021-07-11 21:00:00+00:00,0.0,3.3,5.6,7,1,6,21,False,1.0,7,0.7358333333333335,0.7358333333333335,0.7358333333333335,0.7358333333333335,2
2021-07-11 22:00:00+00:00,0.0,3.3,2.7,7,2,6,22,False,1.0,7,0.8886111111111112,0.8886111111111112,0.8886111111111112,0.8886111111111112,3
2021-07-11 23:00:00+00:00,0.0,3.3,2.5,7,0,6,23,False,2.0,7,0.955,0.955,0.955,0.955,2
2021-07-12 00:00:00+00:00,0.0,-9.5,3.0,8,0,0,0,False,0.0,7,0.977777777777778,0.977777777777778,0.977777777777778,0.977777777777778,4
2021-07-12 01:00:00+00:00,0.0,-9.6,4.6,8,0,0,1,False,0.0,7,0.9825,0.9825,0.9825,0.9825,3
2021-07-12 02:00:00+00:00,0.0,-9.5,2.3,8,0,0,2,False,0.0,7,0.9769444444444444,0.9769444444444444,0.9769444444444444,0.9769444444444444,5
2021-07-12 03:00:00+00:00,0.0,-9.6,3.3,8,0,0,3,False,0.0,7,0.8441666666666667,0.8441666666666667,0.8441666666666667,0.8441666666666667,5
2021-07-12 04:00:00+00:00,0.0,-9.5,4.5,8,1,0,4,False,0.0,7,0.8647222222222222,0.8647222222222222,0.8647222222222222,0.8647222222222222,5
2021-07-12 05:00:00+00:00,0.0,-9.3,2.3,8,0,0,5,False,1.0,7,0.9052777777777778,0.9052777777777778,0.9052777777777778,0.9052777777777778,5
2021-07-12 06:00:00+00:00,0.0,-9.4,3.7,8,3,0,6,False,0.0,7,0.8622222222222221,0.8622222222222221,0.8622222222222221,0.8622222222222221,5
2021-07-12 07:00:00+00:00,0.0,-9.4,3.8,8,5,0,7,False,3.0,7,0.8847222222222222,0.8847222222222222,0.8847222222222222,0.8847222222222222,5
2021-07-12 08:00:00+00:00,0.0,-9.5,4.0,8,2,0,8,False,5.0,7,0.9061111111111112,0.9061111111111112,0.9061111111111112,0.9061111111111112,5
2021-07-12 09:00:00+00:00,0.0,-9.4,3.2,8,1,0,9,False,2.0,7,0.9197222222222222,0.9197222222222222,0.9197222222222222,0.9197222222222222,8
2021-07-12 10:00:00+00:00,0.0,-9.4,3.3,8,5,0,10,False,1.0,7,0.9327777777777776,0.9327777777777776,0.9327777777777776,0.9327777777777776,6
2021-07-12 11:00:00+00:00,0.1,-9.4,4.3,8,9,0,11,False,5.0,7,0.9191666666666668,0.9191666666666668,0.9191666666666668,0.9191666666666668,5
2021-07-12 12:00:00+00:00,0.0,-9.0,4.6,8,2,0,12,False,9.0,7,0.9230555555555556,0.9230555555555556,0.9230555555555556,0.9230555555555556,7
2021-07-12 13:00:00+00:00,0.0,-9.0,4.5,7,2,0,13,False,2.0,7,0.9725,0.9725,0.9725,0.9725,8
2021-07-12 14:00:00+00:00,0.0,-9.1,5.2,7,6,0,14,False,2.0,7,0.97,0.97,0.97,0.97,3
2021-07-12 15:00:00+00:00,0.0,-9.0,3.9,7,4,0,15,False,6.0,7,0.9372222222222224,0.9372222222222224,0.9372222222222224,0.9372222222222224,1
2021-07-12 16:00:00+00:00,0.0,-9.1,4.3,7,1,0,16,False,4.0,7,0.9541666666666666,0.9541666666666666,0.9541666666666666,0.9541666666666666,4
2021-07-12 17:00:00+00:00,0.0,-9.1,3.8,7,3,0,17,False,1.0,7,0.976388888888889,0.976388888888889,0.976388888888889,0.976388888888889,4
2021-07-12 18:00:00+00:00,0.0,-8.8,4.8,7,5,0,18,False,3.0,7,0.9908333333333336,0.9908333333333336,0.9908333333333336,0.9908333333333336,4
2021-07-12 19:00:00+00:00,0.1,-8.5,3.9,7,1,0,19,False,5.0,7,0.9833333333333332,0.9833333333333332,0.9833333333333332,0.9833333333333332,7
2021-07-12 20:00:00+00:00,0.0,-8.1,4.0,7,0,0,20,False,1.0,7,0.982777777777778,0.982777777777778,0.982777777777778,0.982777777777778,10
2021-07-12 21:00:00+00:00,0.0,-7.9,4.0,7,1,0,21,False,0.0,7,0.991388888888889,0.991388888888889,0.991388888888889,0.991388888888889,10
2021-07-12 22:00:00+00:00,0.0,-7.8,3.7,8,0,0,22,False,1.0,7,0.995,0.995,0.995,0.995,12
2021-07-12 23:00:00+00:00,0.1,-7.7,4.2,8,0,0,23,False,0.0,7,0.9927777777777778,0.9927777777777778,0.9927777777777778,0.9927777777777778,18
