Unnamed: 0,Nedbør (1 t),Lufttemperatur,Middelvind,Skydekke,count,weekday,hour,isHoliday,count_last_hour,availability,dock_availability
2022-08-01 00:00:00+00:00,0.2,-3.5,6.1,8,0,0,0,False,,0.8611111111111112,0.8611111111111112
2022-08-01 01:00:00+00:00,0.1,-3.4,6.1,8,0,0,1,False,0.0,0.9797222222222224,0.9797222222222224
2022-08-01 02:00:00+00:00,0.3,-3.5,4.1,8,0,0,2,False,0.0,0.9755555555555554,0.9755555555555554
2022-08-01 03:00:00+00:00,0.2,-3.5,4.3,8,2,0,3,False,0.0,0.9811111111111108,0.9811111111111108
2022-08-01 04:00:00+00:00,0.2,-3.4,4.3,8,0,0,4,False,2.0,0.9988888888888888,0.9988888888888888
2022-08-01 05:00:00+00:00,0.2,-3.5,5.0,8,5,0,5,False,0.0,0.9980555555555554,0.9980555555555554
2022-08-01 06:00:00+00:00,0.0,-3.3,4.0,8,1,0,6,False,5.0,0.9830555555555556,0.9830555555555556
2022-08-01 07:00:00+00:00,0.3,-3.7,3.6,0,2,0,7,False,1.0,0.96,0.96
2022-08-01 08:00:00+00:00,0.2,-3.6,3.6,0,0,0,8,False,2.0,0.9661111111111108,0.9655555555555552
2022-08-01 09:00:00+00:00,0.3,-3.7,2.6,0,0,0,9,False,0.0,0.9958333333333332,0.9958333333333332
2022-08-01 10:00:00+00:00,0.0,-3.5,3.9,7,1,0,10,False,0.0,0.981111111111111,0.981111111111111
2022-08-01 11:00:00+00:00,0.1,-3.3,2.6,7,1,0,11,False,1.0,0.982777777777778,0.982777777777778
2022-08-01 12:00:00+00:00,0.1,-3.0,2.4,7,4,0,12,False,1.0,0.9908333333333332,0.9908333333333332
2022-08-01 13:00:00+00:00,0.0,-2.6,2.0,7,3,0,13,False,4.0,0.9794444444444445,0.9794444444444445
2022-08-01 14:00:00+00:00,0.0,-2.5,1.7,7,6,0,14,False,3.0,0.9805555555555556,0.9805555555555556
2022-08-01 15:00:00+00:00,0.0,-2.6,2.5,7,10,0,15,False,6.0,0.9788888888888888,0.9788888888888888
2022-08-01 16:00:00+00:00,0.0,-3.0,2.4,7,4,0,16,False,10.0,0.9816666666666664,0.9816666666666664
2022-08-01 17:00:00+00:00,0.0,-2.7,2.5,7,7,0,17,False,4.0,0.9794444444444442,0.9794444444444442
2022-08-01 18:00:00+00:00,0.0,-2.8,2.9,7,2,0,18,False,7.0,0.9777777777777776,0.9777777777777776
2022-08-01 19:00:00+00:00,0.0,-2.8,2.7,8,0,0,19,False,2.0,0.976111111111111,0.976111111111111
2022-08-01 20:00:00+00:00,0.0,-2.7,3.1,8,3,0,20,False,0.0,0.9705555555555552,0.9705555555555552
2022-08-01 21:00:00+00:00,0.0,-2.6,2.0,8,1,0,21,False,3.0,0.9780555555555552,0.9780555555555552
2022-08-01 22:00:00+00:00,0.0,-2.6,1.9,8,2,0,22,False,1.0,0.9811111111111112,0.9811111111111112
2022-08-01 23:00:00+00:00,0.0,-2.6,3.8,8,0,0,23,False,2.0,0.9263888888888888,0.9263888888888888
2022-08-02 00:00:00+00:00,0.0,1.2,1.6,8,0,1,0,False,0.0,0.9927777777777776,0.9927777777777776
2022-08-02 01:00:00+00:00,0.0,1.1,1.4,8,0,1,1,False,0.0,0.9827777777777774,0.9827777777777774
2022-08-02 02:00:00+00:00,0.0,1.7,3.6,8,0,1,2,False,0.0,0.946111111111111,0.946111111111111
2022-08-02 03:00:00+00:00,0.0,2.5,4.4,8,0,1,3,False,0.0,0.978888888888889,0.978888888888889
2022-08-02 04:00:00+00:00,0.0,2.6,3.0,8,1,1,4,False,0.0,0.9786111111111112,0.9786111111111112
2022-08-02 05:00:00+00:00,0.0,2.7,2.6,8,11,1,5,False,1.0,0.9783333333333332,0.9783333333333332
2022-08-02 06:00:00+00:00,0.0,2.6,1.2,8,4,1,6,False,11.0,0.9813888888888888,0.9813888888888888
2022-08-02 07:00:00+00:00,0.0,2.5,0.5,8,0,1,7,False,4.0,0.9947222222222224,0.9947222222222224
2022-08-02 08:00:00+00:00,0.0,1.3,1.2,8,2,1,8,False,0.0,0.996111111111111,0.996111111111111
2022-08-02 09:00:00+00:00,0.0,0.9,1.8,8,2,1,9,False,2.0,0.997222222222222,0.997222222222222
2022-08-02 10:00:00+00:00,0.0,2.1,1.9,1,0,1,10,False,2.0,0.98,0.98
2022-08-02 11:00:00+00:00,0.0,3.7,1.3,1,2,1,11,False,0.0,0.9991666666666668,0.9991666666666668
2022-08-02 12:00:00+00:00,0.0,6.8,2.9,1,3,1,12,False,2.0,0.9958333333333332,0.9958333333333332
2022-08-02 13:00:00+00:00,0.0,7.4,2.2,1,1,1,13,False,3.0,0.9938888888888888,0.9938888888888888
2022-08-02 14:00:00+00:00,0.0,7.9,2.6,1,0,1,14,False,1.0,0.9941666666666664,0.9941666666666664
2022-08-02 15:00:00+00:00,0.0,7.8,4.1,1,1,1,15,False,0.0,0.9991666666666664,0.9991666666666664
2022-08-02 16:00:00+00:00,0.0,7.2,2.4,1,0,1,16,False,1.0,0.9975,0.9975
2022-08-02 17:00:00+00:00,0.0,5.3,2.2,1,2,1,17,False,0.0,0.9772222222222224,0.9772222222222224
2022-08-02 18:00:00+00:00,0.0,4.0,2.9,1,1,1,18,False,2.0,0.9780555555555552,0.9780555555555552
2022-08-02 19:00:00+00:00,0.0,2.2,1.9,1,0,1,19,False,1.0,0.9938888888888888,0.9938888888888888
2022-08-02 20:00:00+00:00,0.0,-0.3,1.9,1,0,1,20,False,0.0,0.9819444444444444,0.9819444444444444
2022-08-02 21:00:00+00:00,0.0,-0.1,1.0,1,1,1,21,False,0.0,0.9952777777777778,0.9952777777777778
2022-08-02 22:00:00+00:00,0.0,-1.3,0.6,1,2,1,22,False,1.0,0.9933333333333336,0.9933333333333336
2022-08-02 23:00:00+00:00,0.0,-1.8,1.0,1,0,1,23,False,2.0,0.9794444444444445,0.9794444444444445
2022-08-03 00:00:00+00:00,0.0,-2.2,0.4,3,0,2,0,False,0.0,0.9975,0.9975
2022-08-03 01:00:00+00:00,0.0,-2.5,0.9,3,0,2,1,False,0.0,0.9816666666666664,0.9816666666666664
2022-08-03 02:00:00+00:00,0.0,-1.6,1.4,3,0,2,2,False,0.0,0.9805555555555556,0.9805555555555556
2022-08-03 03:00:00+00:00,0.0,-2.5,1.6,3,0,2,3,False,0.0,0.9791666666666664,0.9791666666666664
2022-08-03 04:00:00+00:00,0.0,-2.7,1.0,3,1,2,4,False,0.0,0.9983333333333332,0.9983333333333332
2022-08-03 05:00:00+00:00,0.0,-2.6,1.0,3,21,2,5,False,1.0,0.9788888888888888,0.9788888888888888
2022-08-03 06:00:00+00:00,0.0,-2.2,1.2,3,4,2,6,False,21.0,0.9600000000000002,0.9600000000000002
2022-08-03 07:00:00+00:00,0.0,-2.8,2.0,0,0,2,7,False,4.0,0.9975000000000002,0.9975000000000002
2022-08-03 08:00:00+00:00,0.0,-3.3,1.8,0,1,2,8,False,0.0,0.9813888888888892,0.9813888888888892
2022-08-03 09:00:00+00:00,0.0,-3.2,1.1,0,3,2,9,False,1.0,0.9761111111111108,0.9761111111111108
2022-08-03 10:00:00+00:00,0.0,-2.0,0.9,7,2,2,10,False,3.0,0.997222222222222,0.997222222222222
2022-08-03 11:00:00+00:00,0.0,1.0,0.5,7,3,2,11,False,2.0,0.999444444444444,0.999444444444444
2022-08-03 12:00:00+00:00,0.0,1.5,2.0,7,3,2,12,False,3.0,0.9977777777777778,0.9977777777777778
2022-08-03 13:00:00+00:00,0.0,2.3,1.5,5,8,2,13,False,3.0,0.996111111111111,0.996111111111111
2022-08-03 14:00:00+00:00,0.0,3.3,1.6,5,6,2,14,False,8.0,0.9933333333333332,0.9933333333333332
2022-08-03 15:00:00+00:00,0.0,4.3,1.0,5,5,2,15,False,6.0,0.9811111111111112,0.9811111111111112
2022-08-03 16:00:00+00:00,0.0,4.5,1.7,5,9,2,16,False,5.0,0.9830555555555556,0.9830555555555556
2022-08-03 17:00:00+00:00,0.0,3.6,1.2,5,3,2,17,False,9.0,0.9972222222222222,0.9972222222222222
2022-08-03 18:00:00+00:00,0.0,2.1,1.1,5,3,2,18,False,3.0,0.9766666666666663,0.9766666666666663
2022-08-03 19:00:00+00:00,0.0,0.1,1.6,3,6,2,19,False,3.0,0.996111111111111,0.996111111111111
2022-08-03 20:00:00+00:00,0.0,-1.3,0.8,3,3,2,20,False,6.0,0.96,0.96
2022-08-03 21:00:00+00:00,0.0,-2.1,0.5,3,1,2,21,False,3.0,0.9958333333333332,0.9958333333333332
2022-08-03 22:00:00+00:00,0.0,-2.4,1.6,2,0,2,22,False,1.0,0.9794444444444445,0.9702777777777776
2022-08-03 23:00:00+00:00,0.0,-3.0,1.0,2,0,2,23,False,0.0,0.6649999999999999,0.596111111111111
2022-08-04 00:00:00+00:00,0.0,1.5,5.0,6,0,3,0,False,0.0,0.0,0.0
2022-08-04 01:00:00+00:00,0.0,1.1,4.6,6,0,3,1,False,0.0,0.0,0.0
2022-08-04 02:00:00+00:00,0.0,1.0,4.9,6,0,3,2,False,0.0,0.0,0.0
2022-08-04 03:00:00+00:00,0.0,0.9,5.8,6,0,3,3,False,0.0,0.0,0.0
2022-08-04 04:00:00+00:00,0.0,0.3,5.1,6,1,3,4,False,0.0,0.0,0.0
2022-08-04 05:00:00+00:00,0.0,0.2,4.4,6,7,3,5,False,1.0,0.0,0.0
2022-08-04 06:00:00+00:00,0.0,0.3,5.7,6,18,3,6,False,7.0,0.8513888888888888,0.9183333333333332
2022-08-04 07:00:00+00:00,0.0,0.4,6.5,7,2,3,7,False,18.0,0.9605555555555556,0.9675
2022-08-04 08:00:00+00:00,0.0,0.5,7.0,7,2,3,8,False,2.0,0.9786111111111112,0.9786111111111112
2022-08-04 09:00:00+00:00,0.0,1.0,6.4,7,1,3,9,False,2.0,0.995277777777778,0.995277777777778
2022-08-04 10:00:00+00:00,0.0,2.3,6.7,7,1,3,10,False,1.0,0.9780555555555556,0.9780555555555556
2022-08-04 11:00:00+00:00,0.0,2.8,6.9,7,1,3,11,False,1.0,0.9969444444444444,0.9969444444444444
2022-08-04 12:00:00+00:00,0.0,3.4,8.8,7,1,3,12,False,1.0,0.9952777777777778,0.9952777777777778
2022-08-04 13:00:00+00:00,0.0,4.3,7.1,7,9,3,13,False,1.0,0.9744444444444444,0.9744444444444444
2022-08-04 14:00:00+00:00,0.0,4.9,5.0,7,8,3,14,False,9.0,0.9830555555555556,0.9830555555555556
2022-08-04 15:00:00+00:00,0.0,5.5,5.6,7,3,3,15,False,8.0,0.9974999999999998,0.9974999999999998
2022-08-04 16:00:00+00:00,0.0,5.0,7.9,4,5,3,16,False,3.0,0.982777777777778,0.982777777777778
2022-08-04 17:00:00+00:00,0.0,3.9,7.9,4,4,3,17,False,5.0,0.994722222222222,0.994722222222222
2022-08-04 18:00:00+00:00,0.0,3.4,5.4,4,3,3,18,False,4.0,0.9777777777777776,0.9777777777777776
2022-08-04 19:00:00+00:00,0.0,1.9,4.4,2,0,3,19,False,3.0,0.9669444444444444,0.9669444444444444
2022-08-04 20:00:00+00:00,0.0,1.0,2.3,2,1,3,20,False,0.0,0.9941666666666664,0.9941666666666664
2022-08-04 21:00:00+00:00,0.0,1.0,3.7,2,1,3,21,False,1.0,0.9588888888888888,0.9588888888888888
2022-08-04 22:00:00+00:00,0.0,1.0,3.0,4,4,3,22,False,1.0,0.9777777777777776,0.9777777777777776
2022-08-04 23:00:00+00:00,0.0,0.0,1.6,4,0,3,23,False,4.0,0.5997222222222222,0.5774999999999999
2022-08-05 00:00:00+00:00,0.0,5.6,4.0,1,0,4,0,False,0.0,0.5986111111111111,0.6130555555555556
2022-08-05 01:00:00+00:00,0.0,4.4,1.2,1,0,4,1,False,0.0,0.9775,0.9775
2022-08-05 02:00:00+00:00,0.0,3.6,2.0,1,0,4,2,False,0.0,0.9772222222222224,0.9772222222222224
2022-08-05 03:00:00+00:00,0.0,2.9,1.4,1,0,4,3,False,0.0,0.9605555555555554,0.9605555555555554
2022-08-05 04:00:00+00:00,0.0,2.2,0.9,1,0,4,4,False,0.0,0.9797222222222224,0.9797222222222224
2022-08-05 05:00:00+00:00,0.0,2.2,1.7,1,1,4,5,False,0.0,0.9988888888888888,0.9988888888888888
2022-08-05 06:00:00+00:00,0.0,5.2,2.6,1,18,4,6,False,1.0,0.9794444444444446,0.9794444444444446
2022-08-05 07:00:00+00:00,0.0,8.1,0.7,2,3,4,7,False,18.0,0.998611111111111,0.998611111111111
2022-08-05 08:00:00+00:00,0.0,8.6,3.6,2,6,4,8,False,3.0,0.9774999999999996,0.9774999999999996
2022-08-05 09:00:00+00:00,0.0,9.7,1.8,2,1,4,9,False,6.0,0.9658333333333334,0.9658333333333334
2022-08-05 10:00:00+00:00,0.0,11.1,1.8,3,5,4,10,False,1.0,0.9933333333333332,0.9933333333333332
2022-08-05 11:00:00+00:00,0.0,11.7,3.6,3,7,4,11,False,5.0,0.9936111111111112,0.9936111111111112
2022-08-05 12:00:00+00:00,0.0,13.0,3.0,3,4,4,12,False,7.0,0.9969444444444444,0.9969444444444444
2022-08-05 13:00:00+00:00,0.0,13.7,3.1,2,5,4,13,False,4.0,0.925,0.925
2022-08-05 14:00:00+00:00,0.0,13.9,2.8,2,8,4,14,False,5.0,0.9997222222222218,0.9997222222222218
2022-08-05 15:00:00+00:00,0.0,14.4,3.3,2,8,4,15,False,8.0,0.9797222222222224,0.9797222222222224
2022-08-05 16:00:00+00:00,0.0,14.2,2.5,1,7,4,16,False,8.0,0.9811111111111108,0.9811111111111108
2022-08-05 17:00:00+00:00,0.0,14.1,2.6,1,7,4,17,False,7.0,0.9769444444444442,0.9769444444444442
2022-08-05 18:00:00+00:00,0.0,13.7,2.9,1,5,4,18,False,7.0,0.976111111111111,0.976111111111111
2022-08-05 19:00:00+00:00,0.0,13.1,2.3,3,1,4,19,False,5.0,0.977777777777778,0.977777777777778
2022-08-05 20:00:00+00:00,0.0,11.3,3.8,3,2,4,20,False,1.0,0.9994444444444444,0.9994444444444444
2022-08-05 21:00:00+00:00,0.0,10.0,2.4,3,5,4,21,False,2.0,0.9977777777777777,0.9977777777777777
2022-08-05 22:00:00+00:00,0.0,9.3,2.0,3,1,4,22,False,5.0,0.9827777777777774,0.9827777777777774
2022-08-05 23:00:00+00:00,0.0,8.2,1.6,3,0,4,23,False,1.0,0.999722222222222,0.999722222222222
2022-08-06 00:00:00+00:00,0.5,13.6,3.0,7,0,5,0,False,0.0,0.9975000000000002,0.9975000000000002
2022-08-06 01:00:00+00:00,2.5,13.5,3.1,7,0,5,1,False,0.0,0.9608333333333334,0.9608333333333334
2022-08-06 02:00:00+00:00,4.4,13.3,0.7,7,0,5,2,False,0.0,0.9772222222222224,0.9772222222222224
2022-08-06 03:00:00+00:00,2.1,13.5,2.2,7,0,5,3,False,0.0,0.9819444444444444,0.9819444444444444
2022-08-06 04:00:00+00:00,0.2,13.5,1.3,7,2,5,4,False,0.0,0.9802777777777778,0.9802777777777778
2022-08-06 05:00:00+00:00,0.0,13.7,2.6,7,1,5,5,False,2.0,0.9625,0.9625
2022-08-06 06:00:00+00:00,0.3,13.6,1.2,7,0,5,6,False,1.0,0.9616666666666666,0.9616666666666666
2022-08-06 07:00:00+00:00,2.8,13.1,1.4,8,1,5,7,False,0.0,0.966111111111111,0.966111111111111
2022-08-06 08:00:00+00:00,0.3,15.2,2.5,8,0,5,8,False,1.0,0.9966666666666668,0.9966666666666668
2022-08-06 09:00:00+00:00,0.1,14.5,2.0,8,6,5,9,False,0.0,0.9991666666666664,0.9991666666666664
2022-08-06 10:00:00+00:00,0.2,16.2,2.6,7,5,5,10,False,6.0,0.9780555555555556,0.9780555555555556
2022-08-06 11:00:00+00:00,0.0,15.5,1.5,7,4,5,11,False,5.0,0.9988888888888888,0.9988888888888888
2022-08-06 12:00:00+00:00,0.1,14.4,1.4,7,3,5,12,False,4.0,0.9997222222222218,0.9997222222222218
2022-08-06 13:00:00+00:00,0.9,13.0,2.7,7,6,5,13,False,3.0,0.9997222222222222,0.9997222222222222
2022-08-06 14:00:00+00:00,0.2,15.7,1.3,7,5,5,14,False,6.0,0.9777777777777776,0.9777777777777776
2022-08-06 15:00:00+00:00,0.0,18.3,1.1,7,6,5,15,False,5.0,0.960277777777778,0.960277777777778
2022-08-06 16:00:00+00:00,1.4,15.4,1.1,7,4,5,16,False,6.0,0.9955555555555556,0.9955555555555556
2022-08-06 17:00:00+00:00,1.4,16.9,1.0,7,5,5,17,False,4.0,0.9819444444444442,0.9819444444444442
2022-08-06 18:00:00+00:00,0.0,16.6,1.2,7,4,5,18,False,5.0,0.9802777777777776,0.9802777777777776
2022-08-06 19:00:00+00:00,0.0,15.7,0.9,7,5,5,19,False,4.0,0.9977777777777778,0.9977777777777778
2022-08-06 20:00:00+00:00,0.0,15.3,1.2,7,7,5,20,False,5.0,0.9994444444444444,0.9994444444444444
2022-08-06 21:00:00+00:00,0.0,13.9,1.5,7,3,5,21,False,7.0,0.9830555555555556,0.9830555555555556
2022-08-06 22:00:00+00:00,0.0,12.4,0.6,1,4,5,22,False,3.0,0.978888888888889,0.978888888888889
2022-08-06 23:00:00+00:00,0.0,12.8,1.5,1,0,5,23,False,4.0,0.9808333333333332,0.9808333333333332
2022-08-07 00:00:00+00:00,0.0,15.9,2.1,8,0,6,0,False,0.0,0.96,0.96
2022-08-07 01:00:00+00:00,0.0,15.6,3.1,8,0,6,1,False,0.0,0.9763888888888888,0.9763888888888888
2022-08-07 02:00:00+00:00,0.0,14.9,4.5,8,0,6,2,False,0.0,0.997222222222222,0.997222222222222
2022-08-07 03:00:00+00:00,0.0,14.8,2.8,8,0,6,3,False,0.0,0.9966666666666668,0.9966666666666668
2022-08-07 04:00:00+00:00,0.0,13.3,1.7,8,1,6,4,False,0.0,0.965,0.965
2022-08-07 05:00:00+00:00,0.0,14.2,2.9,8,0,6,5,False,1.0,0.9305555555555552,0.9305555555555552
2022-08-07 06:00:00+00:00,0.0,15.5,1.0,8,3,6,6,False,0.0,0.9966666666666666,0.9966666666666666
2022-08-07 07:00:00+00:00,0.0,16.5,4.8,0,1,6,7,False,3.0,0.9977777777777777,0.9977777777777777
2022-08-07 08:00:00+00:00,0.0,17.9,3.0,0,1,6,8,False,1.0,0.9438888888888888,0.9438888888888888
2022-08-07 09:00:00+00:00,0.0,18.9,2.7,0,5,6,9,False,1.0,0.9974999999999996,0.9974999999999996
2022-08-07 10:00:00+00:00,0.0,20.1,2.4,3,2,6,10,False,5.0,0.998055555555555,0.998055555555555
2022-08-07 11:00:00+00:00,0.0,21.9,3.2,3,5,6,11,False,2.0,0.9799999999999996,0.9799999999999996
2022-08-07 12:00:00+00:00,0.0,23.1,2.6,3,4,6,12,False,5.0,0.999722222222222,0.999722222222222
2022-08-07 13:00:00+00:00,0.0,22.2,3.1,5,3,6,13,False,4.0,0.9508333333333336,0.9508333333333336
2022-08-07 14:00:00+00:00,0.0,22.2,3.7,5,5,6,14,False,3.0,0.9966666666666668,0.9966666666666668
2022-08-07 15:00:00+00:00,0.0,23.1,3.4,5,6,6,15,False,5.0,0.9822222222222224,0.9822222222222224
2022-08-07 16:00:00+00:00,0.0,23.1,3.4,7,6,6,16,False,6.0,0.9969444444444444,0.9969444444444444
2022-08-07 17:00:00+00:00,0.0,23.3,3.3,7,7,6,17,False,6.0,0.998333333333333,0.998333333333333
2022-08-07 18:00:00+00:00,0.0,20.3,6.0,7,3,6,18,False,7.0,0.9966666666666668,0.9966666666666668
2022-08-07 19:00:00+00:00,0.0,18.8,4.1,7,3,6,19,False,3.0,0.980833333333333,0.980833333333333
2022-08-07 20:00:00+00:00,0.0,17.8,4.8,7,0,6,20,False,3.0,0.9986111111111108,0.9986111111111108
2022-08-07 21:00:00+00:00,0.0,17.0,5.0,7,2,6,21,False,0.0,0.9494444444444444,0.9494444444444444
2022-08-07 22:00:00+00:00,0.0,15.9,3.0,7,1,6,22,False,2.0,0.9947222222222224,0.9947222222222224
2022-08-07 23:00:00+00:00,0.0,15.2,2.1,7,0,6,23,False,1.0,0.9594444444444444,0.9594444444444444
2022-08-08 00:00:00+00:00,0.0,12.8,0.1,5,0,0,0,False,0.0,0.9783333333333336,0.9783333333333336
2022-08-08 01:00:00+00:00,0.0,14.1,1.4,5,0,0,1,False,0.0,0.973611111111111,0.973611111111111
2022-08-08 02:00:00+00:00,0.0,14.0,1.7,5,0,0,2,False,0.0,0.9469444444444448,0.9469444444444448
2022-08-08 03:00:00+00:00,0.0,13.9,1.3,5,0,0,3,False,0.0,0.9802777777777776,0.9802777777777776
2022-08-08 04:00:00+00:00,0.0,13.4,1.5,5,2,0,4,False,0.0,0.9836111111111112,0.9836111111111112
2022-08-08 05:00:00+00:00,0.0,13.3,1.4,5,19,0,5,False,2.0,0.9983333333333336,0.9983333333333336
2022-08-08 06:00:00+00:00,0.0,14.4,1.1,5,3,0,6,False,19.0,0.9788888888888888,0.9788888888888888
2022-08-08 07:00:00+00:00,0.0,15.4,0.5,6,0,0,7,False,3.0,0.997222222222222,0.997222222222222
2022-08-08 08:00:00+00:00,0.0,16.3,1.7,6,3,0,8,False,0.0,0.9649999999999996,0.9649999999999996
2022-08-08 09:00:00+00:00,0.0,16.8,1.8,6,1,0,9,False,3.0,0.9799999999999998,0.9799999999999998
2022-08-08 10:00:00+00:00,0.0,18.9,1.3,4,2,0,10,False,1.0,0.9797222222222224,0.9797222222222224
2022-08-08 11:00:00+00:00,0.0,19.6,2.7,4,0,0,11,False,2.0,0.9830555555555552,0.9830555555555552
2022-08-08 12:00:00+00:00,0.0,21.4,2.7,4,6,0,12,False,0.0,0.9952777777777776,0.9952777777777776
2022-08-08 13:00:00+00:00,0.0,21.7,2.8,2,7,0,13,False,6.0,0.9777777777777776,0.9777777777777776
2022-08-08 14:00:00+00:00,0.0,23.1,3.1,2,6,0,14,False,7.0,0.9805555555555558,0.9805555555555558
2022-08-08 15:00:00+00:00,0.0,22.9,2.8,2,4,0,15,False,6.0,0.978611111111111,0.978611111111111
2022-08-08 16:00:00+00:00,0.0,22.6,3.0,2,11,0,16,False,4.0,0.9913888888888888,0.9913888888888888
2022-08-08 17:00:00+00:00,0.0,21.9,4.1,2,2,0,17,False,11.0,0.9802777777777776,0.9644444444444444
2022-08-08 18:00:00+00:00,0.0,20.0,3.6,2,10,0,18,False,2.0,0.8552777777777777,0.8863888888888888
2022-08-08 19:00:00+00:00,0.0,18.3,3.3,2,0,0,19,False,10.0,0.9986111111111108,0.9766666666666663
2022-08-08 20:00:00+00:00,0.0,17.0,3.4,2,0,0,20,False,0.0,0.7422222222222221,0.7549999999999999
2022-08-08 21:00:00+00:00,0.0,15.6,3.4,2,1,0,21,False,0.0,0.9994444444444442,0.9994444444444442
2022-08-08 22:00:00+00:00,0.0,14.5,2.5,2,1,0,22,False,1.0,0.3338888888888889,0.2805555555555555
2022-08-08 23:00:00+00:00,0.0,13.8,1.3,2,0,0,23,False,1.0,0.1322222222222222,0.1477777777777777
2022-08-13 00:00:00+00:00,0.0,16.2,1.8,2,0,5,0,False,0.0,0.95,0.95
2022-08-13 01:00:00+00:00,0.0,15.8,1.2,2,0,5,1,False,0.0,0.9633333333333332,0.9633333333333332
2022-08-13 02:00:00+00:00,0.0,16.5,1.1,2,0,5,2,False,0.0,0.9777777777777776,0.9777777777777776
2022-08-13 03:00:00+00:00,0.0,16.4,1.2,2,0,5,3,False,0.0,0.9972222222222222,0.9972222222222222
2022-08-13 04:00:00+00:00,0.0,16.1,0.9,2,0,5,4,False,0.0,0.959166666666667,0.959166666666667
2022-08-13 05:00:00+00:00,0.0,16.1,0.6,2,1,5,5,False,0.0,0.9788888888888888,0.9788888888888888
2022-08-13 06:00:00+00:00,0.0,16.3,1.1,2,2,5,6,False,1.0,0.9825000000000002,0.9825000000000002
2022-08-13 07:00:00+00:00,0.0,16.7,0.7,8,4,5,7,False,2.0,0.9833333333333332,0.9833333333333332
2022-08-13 08:00:00+00:00,0.0,17.3,0.7,8,5,5,8,False,4.0,0.9805555555555556,0.9805555555555556
2022-08-13 09:00:00+00:00,0.0,18.0,1.4,8,4,5,9,False,5.0,0.999444444444444,0.999444444444444
2022-08-13 10:00:00+00:00,0.0,19.9,1.3,6,4,5,10,False,4.0,0.9816666666666664,0.9816666666666664
2022-08-13 11:00:00+00:00,0.0,21.4,2.0,6,3,5,11,False,4.0,0.9938888888888888,0.9938888888888888
2022-08-13 12:00:00+00:00,0.0,23.2,1.6,6,4,5,12,False,3.0,0.9938888888888888,0.9938888888888888
2022-08-13 13:00:00+00:00,0.0,24.5,1.8,4,5,5,13,False,4.0,0.9630555555555552,0.9630555555555552
2022-08-13 14:00:00+00:00,0.0,26.0,2.0,4,3,5,14,False,5.0,0.9930555555555552,0.9930555555555552
2022-08-13 15:00:00+00:00,0.0,26.2,3.1,4,6,5,15,False,3.0,0.9794444444444445,0.9794444444444445
2022-08-13 16:00:00+00:00,0.0,25.0,4.2,1,9,5,16,False,6.0,0.9952777777777776,0.9952777777777776
2022-08-13 17:00:00+00:00,0.0,25.2,3.4,1,5,5,17,False,9.0,0.9805555555555556,0.9805555555555556
2022-08-13 18:00:00+00:00,0.0,23.8,3.5,1,6,5,18,False,5.0,0.9777777777777774,0.9777777777777774
2022-08-13 19:00:00+00:00,0.0,22.6,3.8,1,5,5,19,False,6.0,0.9638888888888884,0.9638888888888884
2022-08-13 20:00:00+00:00,0.0,21.1,2.5,1,2,5,20,False,5.0,0.979444444444444,0.979444444444444
2022-08-13 21:00:00+00:00,0.0,19.8,2.4,1,1,5,21,False,2.0,0.9977777777777772,0.9977777777777772
2022-08-13 22:00:00+00:00,0.0,18.0,1.6,0,7,5,22,False,1.0,0.981111111111111,0.981111111111111
2022-08-13 23:00:00+00:00,0.0,15.7,0.6,0,0,5,23,False,7.0,0.9766666666666663,0.9766666666666663
2022-08-14 00:00:00+00:00,0.0,14.9,1.5,0,0,6,0,False,0.0,0.9963888888888888,0.9963888888888888
2022-08-14 01:00:00+00:00,0.0,13.7,1.0,0,0,6,1,False,0.0,0.9427777777777776,0.9427777777777776
2022-08-14 02:00:00+00:00,0.0,13.7,2.3,0,0,6,2,False,0.0,0.9763888888888888,0.9763888888888888
2022-08-14 03:00:00+00:00,0.0,13.9,2.4,0,0,6,3,False,0.0,0.9830555555555552,0.9830555555555552
2022-08-14 04:00:00+00:00,0.0,13.5,2.3,0,1,6,4,False,0.0,0.9772222222222224,0.9772222222222224
2022-08-14 05:00:00+00:00,0.0,13.4,2.9,0,0,6,5,False,1.0,0.9822222222222224,0.9822222222222224
2022-08-14 06:00:00+00:00,0.0,14.9,0.8,0,1,6,6,False,0.0,0.9830555555555556,0.9830555555555556
2022-08-14 07:00:00+00:00,0.0,17.6,0.9,5,1,6,7,False,1.0,0.9805555555555556,0.9805555555555556
2022-08-14 08:00:00+00:00,0.0,19.9,1.1,5,3,6,8,False,1.0,0.9986111111111108,0.9986111111111108
2022-08-14 09:00:00+00:00,0.0,21.6,0.9,5,5,6,9,False,3.0,0.9791666666666664,0.9791666666666664
2022-08-14 10:00:00+00:00,0.0,23.2,1.4,2,6,6,10,False,5.0,0.9755555555555556,0.9755555555555556
2022-08-14 11:00:00+00:00,0.0,24.4,2.1,2,4,6,11,False,6.0,0.9966666666666666,0.9966666666666666
2022-08-14 12:00:00+00:00,0.0,26.6,2.4,2,4,6,12,False,4.0,0.9794444444444446,0.9794444444444446
2022-08-14 13:00:00+00:00,0.0,27.9,2.3,6,3,6,13,False,4.0,0.9994444444444442,0.9994444444444442
2022-08-14 14:00:00+00:00,0.0,28.5,3.5,6,4,6,14,False,3.0,0.9802777777777776,0.9802777777777776
2022-08-14 15:00:00+00:00,0.0,27.5,3.8,6,17,6,15,False,4.0,0.977222222222222,0.977222222222222
2022-08-14 16:00:00+00:00,0.0,27.4,4.3,6,1,6,16,False,17.0,0.9788888888888893,0.9788888888888893
2022-08-14 17:00:00+00:00,0.0,26.2,3.1,6,3,6,17,False,1.0,0.7833333333333333,0.8277777777777778
2022-08-14 18:00:00+00:00,0.0,25.0,2.3,6,7,6,18,False,3.0,0.9786111111111108,0.9786111111111108
2022-08-14 19:00:00+00:00,0.0,24.0,1.1,7,5,6,19,False,7.0,0.7375000000000002,0.7080555555555557
2022-08-14 20:00:00+00:00,0.0,23.3,0.7,7,2,6,20,False,5.0,0.5155555555555555,0.4938888888888889
2022-08-14 21:00:00+00:00,0.0,21.6,0.4,7,0,6,21,False,2.0,0.4669444444444444,0.4661111111111112
2022-08-14 22:00:00+00:00,0.0,20.5,1.5,7,2,6,22,False,0.0,0.1025,0.1247222222222222
2022-08-14 23:00:00+00:00,0.0,20.1,2.0,7,0,6,23,False,2.0,0.9777777777777776,0.9777777777777776
2022-08-15 00:00:00+00:00,0.0,19.0,1.6,7,0,0,0,False,0.0,0.7297222222222223,0.7344444444444445
2022-08-15 01:00:00+00:00,0.0,19.0,2.4,7,0,0,1,False,0.0,0.9819444444444444,0.9819444444444444
2022-08-15 02:00:00+00:00,0.0,18.3,2.2,7,0,0,2,False,0.0,0.981388888888889,0.981388888888889
2022-08-15 03:00:00+00:00,0.0,17.6,1.7,7,1,0,3,False,0.0,0.9825,0.9825
2022-08-15 04:00:00+00:00,0.0,17.0,0.1,7,4,0,4,False,1.0,0.9952777777777776,0.9952777777777776
2022-08-15 05:00:00+00:00,0.0,17.8,3.2,7,16,0,5,False,4.0,1.0,1.0
2022-08-15 06:00:00+00:00,0.0,19.9,1.1,7,5,0,6,False,16.0,0.9844444444444442,0.9844444444444442
2022-08-15 07:00:00+00:00,0.0,20.6,3.9,5,1,0,7,False,5.0,0.98,0.98
2022-08-15 08:00:00+00:00,0.0,22.1,2.5,5,0,0,8,False,1.0,0.9783333333333328,0.9783333333333328
2022-08-15 09:00:00+00:00,0.0,22.4,2.3,5,3,0,9,False,0.0,0.982222222222222,0.982222222222222
2022-08-15 10:00:00+00:00,0.0,23.6,3.8,2,4,0,10,False,3.0,0.9977777777777774,0.9977777777777774
2022-08-15 11:00:00+00:00,0.0,25.4,2.1,2,3,0,11,False,4.0,0.9991666666666664,0.9991666666666664
2022-08-15 12:00:00+00:00,0.0,26.8,3.3,2,5,0,12,False,3.0,0.9758333333333328,0.9758333333333328
2022-08-15 13:00:00+00:00,0.0,27.5,2.5,2,8,0,13,False,5.0,0.9938888888888886,0.9938888888888886
2022-08-15 14:00:00+00:00,0.0,27.0,3.8,2,12,0,14,False,8.0,0.9991666666666666,0.9991666666666666
2022-08-15 15:00:00+00:00,0.0,26.8,3.4,2,10,0,15,False,12.0,0.979444444444444,0.979444444444444
2022-08-15 16:00:00+00:00,0.0,26.6,3.5,6,4,0,16,False,10.0,0.9994444444444446,0.9994444444444446
2022-08-15 17:00:00+00:00,0.0,25.8,4.0,6,4,0,17,False,4.0,0.9483333333333333,0.9483333333333333
2022-08-15 18:00:00+00:00,9.3,20.7,2.8,6,5,0,18,False,4.0,0.8486111111111112,0.8791666666666668
2022-08-15 19:00:00+00:00,0.8,20.8,2.4,7,1,0,19,False,5.0,0.9786111111111112,0.9786111111111112
2022-08-15 20:00:00+00:00,0.0,20.4,3.0,7,1,0,20,False,1.0,0.5833333333333335,0.6347222222222222
2022-08-15 21:00:00+00:00,0.1,19.8,2.8,7,0,0,21,False,1.0,0.9780555555555556,0.9780555555555556
2022-08-15 22:00:00+00:00,0.0,19.6,2.1,7,0,0,22,False,0.0,0.7119444444444444,0.7108333333333333
2022-08-15 23:00:00+00:00,0.0,19.4,2.5,7,0,0,23,False,0.0,0.9933333333333334,0.9933333333333334
2022-08-16 00:00:00+00:00,0.4,19.1,2.6,7,0,1,0,False,0.0,0.2616666666666666,0.2094444444444444
2022-08-16 01:00:00+00:00,0.2,19.0,1.7,7,0,1,1,False,0.0,0.0,0.0
2022-08-16 02:00:00+00:00,3.9,18.2,2.2,7,0,1,2,False,0.0,0.0,0.0
2022-08-16 03:00:00+00:00,0.3,18.2,2.7,7,1,1,3,False,0.0,0.0,0.0
2022-08-16 04:00:00+00:00,0.4,17.9,1.5,7,3,1,4,False,1.0,0.0,0.0
2022-08-16 05:00:00+00:00,0.3,17.9,4.7,7,11,1,5,False,3.0,0.2486111111111111,0.2633333333333333
2022-08-16 06:00:00+00:00,11.0,17.8,3.9,7,10,1,6,False,11.0,0.997222222222222,0.997222222222222
2022-08-16 07:00:00+00:00,0.5,18.3,4.1,8,2,1,7,False,10.0,0.982222222222222,0.982222222222222
2022-08-16 08:00:00+00:00,7.4,18.9,3.8,8,2,1,8,False,2.0,0.9802777777777776,0.9802777777777776
2022-08-16 09:00:00+00:00,1.2,18.8,2.0,8,1,1,9,False,2.0,0.982222222222222,0.982222222222222
2022-08-16 10:00:00+00:00,1.1,19.3,3.1,8,2,1,10,False,1.0,0.9758333333333332,0.9758333333333332
2022-08-16 11:00:00+00:00,0.0,20.3,1.6,8,0,1,11,False,2.0,0.9813888888888886,0.9813888888888886
2022-08-16 12:00:00+00:00,1.3,19.8,2.7,8,4,1,12,False,0.0,0.9966666666666664,0.9966666666666664
2022-08-16 13:00:00+00:00,1.1,21.6,1.9,7,3,1,13,False,4.0,0.9783333333333332,0.9783333333333332
2022-08-16 14:00:00+00:00,0.0,22.5,0.8,7,4,1,14,False,3.0,0.9963888888888888,0.9963888888888888
2022-08-16 15:00:00+00:00,0.1,23.2,2.7,7,10,1,15,False,4.0,0.9977777777777777,0.9977777777777777
2022-08-16 16:00:00+00:00,0.6,21.5,1.1,7,8,1,16,False,10.0,0.9986111111111108,0.9986111111111108
2022-08-16 17:00:00+00:00,5.4,20.6,2.3,7,4,1,17,False,8.0,0.9919444444444444,0.9919444444444444
2022-08-16 18:00:00+00:00,0.9,20.5,1.2,7,3,1,18,False,4.0,0.9783333333333334,0.9783333333333334
2022-08-16 19:00:00+00:00,2.3,19.7,1.9,8,3,1,19,False,3.0,0.996111111111111,0.996111111111111
2022-08-16 20:00:00+00:00,0.2,19.5,3.0,8,1,1,20,False,3.0,0.9799999999999996,0.9799999999999996
2022-08-16 21:00:00+00:00,2.1,19.6,2.6,8,2,1,21,False,1.0,0.9958333333333332,0.9958333333333332
2022-08-16 22:00:00+00:00,0.0,19.3,2.8,8,3,1,22,False,2.0,0.978888888888889,0.978888888888889
2022-08-16 23:00:00+00:00,0.0,19.1,1.9,8,0,1,23,False,3.0,0.9788888888888884,0.9788888888888884
2022-08-17 00:00:00+00:00,0.0,19.0,2.3,8,0,2,0,False,0.0,1.0,1.0
2022-08-17 01:00:00+00:00,0.0,18.9,2.2,8,0,2,1,False,0.0,0.9802777777777776,0.9802777777777776
2022-08-17 02:00:00+00:00,0.0,18.6,1.7,8,0,2,2,False,0.0,0.9786111111111117,0.9786111111111117
2022-08-17 03:00:00+00:00,0.0,18.5,2.3,8,1,2,3,False,0.0,0.9786111111111114,0.9786111111111114
2022-08-17 04:00:00+00:00,0.0,18.4,2.5,8,1,2,4,False,1.0,0.9788888888888888,0.9788888888888888
2022-08-17 05:00:00+00:00,0.0,18.4,2.6,8,17,2,5,False,1.0,0.9969444444444444,0.9969444444444444
2022-08-17 06:00:00+00:00,0.0,18.5,1.6,8,5,2,6,False,17.0,0.997222222222222,0.997222222222222
2022-08-17 07:00:00+00:00,0.0,18.7,1.9,8,1,2,7,False,5.0,0.9766666666666662,0.9766666666666662
2022-08-17 08:00:00+00:00,0.0,18.6,2.4,8,3,2,8,False,1.0,0.9636111111111108,0.9636111111111108
2022-08-17 09:00:00+00:00,0.0,19.5,1.8,8,0,2,9,False,3.0,1.0,1.0
2022-08-17 10:00:00+00:00,0.0,20.0,2.2,6,0,2,10,False,0.0,0.9991666666666664,0.9991666666666664
2022-08-17 11:00:00+00:00,0.0,21.3,2.6,6,9,2,11,False,0.0,0.9969444444444444,0.9969444444444444
2022-08-17 12:00:00+00:00,0.0,23.5,2.9,6,7,2,12,False,9.0,0.9755555555555552,0.9755555555555552
2022-08-17 13:00:00+00:00,0.0,23.6,2.0,4,4,2,13,False,7.0,0.9825,0.9825
2022-08-17 14:00:00+00:00,0.0,24.1,5.6,4,6,2,14,False,4.0,0.9994444444444444,0.9994444444444444
2022-08-17 15:00:00+00:00,0.0,24.4,6.3,4,12,2,15,False,6.0,0.9966666666666668,0.9966666666666668
2022-08-17 16:00:00+00:00,0.0,23.5,5.2,4,12,2,16,False,12.0,0.9788888888888888,0.9788888888888888
2022-08-17 17:00:00+00:00,0.0,22.4,3.5,4,6,2,17,False,12.0,0.6858333333333333,0.668888888888889
2022-08-17 18:00:00+00:00,0.0,20.8,3.9,4,1,2,18,False,6.0,0.9777777777777776,0.9777777777777776
2022-08-17 19:00:00+00:00,0.0,20.1,4.9,6,4,2,19,False,1.0,0.9830555555555552,0.9830555555555552
2022-08-17 20:00:00+00:00,0.0,18.7,3.3,6,4,2,20,False,4.0,0.6208333333333335,0.5975000000000001
2022-08-17 21:00:00+00:00,0.0,18.3,1.7,6,1,2,21,False,4.0,0.1852777777777778,0.1594444444444444
2022-08-17 22:00:00+00:00,0.0,18.0,2.0,6,1,2,22,False,1.0,0.5891666666666667,0.6044444444444446
2022-08-17 23:00:00+00:00,0.0,17.6,2.7,6,0,2,23,False,1.0,0.2136111111111111,0.1769444444444444
2022-08-18 00:00:00+00:00,0.0,16.2,4.5,6,0,3,0,False,0.0,0.2852777777777778,0.3013888888888889
2022-08-18 01:00:00+00:00,0.0,15.4,5.1,6,0,3,1,False,0.0,0.0,0.0
2022-08-18 02:00:00+00:00,0.0,15.2,3.8,6,0,3,2,False,0.0,0.0,0.0
2022-08-18 03:00:00+00:00,0.0,15.1,3.2,6,1,3,3,False,0.0,0.0,0.0
2022-08-18 04:00:00+00:00,0.0,14.8,3.5,6,3,3,4,False,1.0,0.0,0.0
2022-08-18 05:00:00+00:00,0.0,14.5,3.9,6,15,3,5,False,3.0,0.9005555555555556,0.9230555555555556
2022-08-18 06:00:00+00:00,0.1,14.2,3.3,6,8,3,6,False,15.0,0.9813888888888888,0.9813888888888888
2022-08-18 07:00:00+00:00,0.1,14.1,2.9,8,2,3,7,False,8.0,0.978888888888889,0.978888888888889
2022-08-18 08:00:00+00:00,0.0,14.0,3.3,8,1,3,8,False,2.0,0.9966666666666664,0.9966666666666664
2022-08-18 09:00:00+00:00,0.0,14.5,3.5,8,1,3,9,False,1.0,0.9833333333333332,0.9833333333333332
2022-08-18 10:00:00+00:00,0.0,15.7,1.8,8,0,3,10,False,1.0,0.9961111111111112,0.9961111111111112
2022-08-18 11:00:00+00:00,0.0,17.0,1.4,8,3,3,11,False,0.0,0.9619444444444444,0.9619444444444444
2022-08-18 12:00:00+00:00,0.0,18.0,1.1,8,2,3,12,False,3.0,0.9661111111111108,0.9661111111111108
2022-08-18 13:00:00+00:00,0.0,18.7,1.5,7,7,3,13,False,2.0,0.9774999999999996,0.9774999999999996
2022-08-18 14:00:00+00:00,0.0,20.5,1.1,7,5,3,14,False,7.0,0.9986111111111106,0.9986111111111106
2022-08-18 15:00:00+00:00,0.0,19.7,1.1,7,8,3,15,False,5.0,0.979722222222222,0.979722222222222
2022-08-18 16:00:00+00:00,0.0,18.9,1.9,8,10,3,16,False,8.0,0.9830555555555556,0.9830555555555556
2022-08-18 17:00:00+00:00,1.0,17.7,1.5,8,6,3,17,False,10.0,0.9613888888888888,0.9611111111111108
2022-08-18 18:00:00+00:00,0.0,17.5,1.1,8,3,3,18,False,6.0,0.9786111111111108,0.9786111111111108
2022-08-18 19:00:00+00:00,0.1,17.6,0.9,8,2,3,19,False,3.0,0.9799999999999998,0.9799999999999998
2022-08-18 20:00:00+00:00,0.0,17.4,1.2,8,4,3,20,False,2.0,0.9811111111111106,0.9811111111111106
2022-08-18 21:00:00+00:00,0.7,17.4,1.4,8,3,3,21,False,4.0,0.9986111111111112,0.9986111111111112
2022-08-18 22:00:00+00:00,0.0,17.3,1.1,8,2,3,22,False,3.0,0.9983333333333336,0.9983333333333336
2022-08-18 23:00:00+00:00,0.0,17.0,0.5,8,0,3,23,False,2.0,0.4808333333333334,0.4658333333333334
2022-08-19 00:00:00+00:00,0.0,16.4,0.5,8,0,4,0,False,0.0,0.6777777777777778,0.7
2022-08-19 01:00:00+00:00,0.0,16.4,0.4,8,0,4,1,False,0.0,0.9788888888888893,0.9788888888888893
2022-08-19 02:00:00+00:00,0.0,16.7,2.5,8,0,4,2,False,0.0,0.9791666666666664,0.9791666666666664
2022-08-19 03:00:00+00:00,0.0,16.5,1.8,8,1,4,3,False,0.0,0.9997222222222224,0.9997222222222224
2022-08-19 04:00:00+00:00,0.0,16.1,1.7,8,3,4,4,False,1.0,0.9808333333333334,0.9808333333333334
2022-08-19 05:00:00+00:00,0.0,15.6,1.5,8,15,4,5,False,3.0,0.9986111111111108,0.9986111111111108
2022-08-19 06:00:00+00:00,0.0,15.2,1.8,8,15,4,6,False,15.0,0.7744444444444444,0.7822222222222222
2022-08-19 07:00:00+00:00,0.0,16.1,1.8,7,8,4,7,False,15.0,0.9794444444444445,0.9794444444444445
2022-08-19 08:00:00+00:00,0.0,18.8,2.2,7,1,4,8,False,8.0,0.9994444444444444,0.9994444444444444
2022-08-19 09:00:00+00:00,0.0,18.1,2.0,7,1,4,9,False,1.0,0.999722222222222,0.999722222222222
2022-08-19 10:00:00+00:00,0.0,19.2,1.7,6,1,4,10,False,1.0,0.9986111111111108,0.9986111111111108
2022-08-19 11:00:00+00:00,0.0,20.5,2.3,6,4,4,11,False,1.0,0.9777777777777776,0.9777777777777776
2022-08-19 12:00:00+00:00,0.0,21.0,2.3,6,8,4,12,False,4.0,0.9786111111111108,0.9786111111111108
2022-08-19 13:00:00+00:00,0.0,21.2,1.8,5,4,4,13,False,8.0,0.9763888888888888,0.9763888888888888
2022-08-19 14:00:00+00:00,0.0,22.0,1.8,5,7,4,14,False,4.0,0.9975,0.9975
2022-08-19 15:00:00+00:00,0.0,22.1,2.5,5,4,4,15,False,7.0,0.9777777777777776,0.9777777777777776
2022-08-19 16:00:00+00:00,0.0,22.8,1.9,5,8,4,16,False,4.0,0.9622222222222222,0.9622222222222222
2022-08-19 17:00:00+00:00,0.0,22.5,1.2,5,9,4,17,False,8.0,0.9752777777777776,0.9752777777777776
2022-08-19 18:00:00+00:00,0.0,21.5,1.6,5,3,4,18,False,9.0,0.964722222222222,0.964722222222222
2022-08-19 19:00:00+00:00,0.0,20.1,0.8,7,8,4,19,False,3.0,0.999722222222222,0.999722222222222
2022-08-19 20:00:00+00:00,0.0,18.1,1.7,7,1,4,20,False,8.0,0.999722222222222,0.999722222222222
2022-08-19 21:00:00+00:00,0.0,16.6,2.6,7,7,4,21,False,1.0,0.9816666666666664,0.9816666666666664
2022-08-19 22:00:00+00:00,0.0,15.5,2.2,7,1,4,22,False,7.0,0.979166666666667,0.979166666666667
2022-08-19 23:00:00+00:00,0.0,15.2,2.6,7,0,4,23,False,1.0,0.9777777777777776,0.9777777777777776
2022-08-20 00:00:00+00:00,0.0,14.6,2.3,7,0,5,0,False,0.0,0.9977777777777778,0.9977777777777778
2022-08-20 01:00:00+00:00,0.0,15.0,1.9,7,0,5,1,False,0.0,0.9883333333333332,0.9883333333333332
2022-08-20 02:00:00+00:00,0.0,14.6,0.3,7,0,5,2,False,0.0,0.9761111111111112,0.9761111111111112
2022-08-20 03:00:00+00:00,0.0,14.0,1.9,7,0,5,3,False,0.0,0.9936111111111112,0.9936111111111112
2022-08-20 04:00:00+00:00,0.0,13.6,2.2,7,1,5,4,False,0.0,0.9955555555555556,0.9955555555555556
2022-08-20 05:00:00+00:00,0.0,12.6,1.0,7,1,5,5,False,1.0,0.9805555555555556,0.9805555555555556
2022-08-20 06:00:00+00:00,0.0,13.7,3.2,7,1,5,6,False,1.0,0.982222222222222,0.982222222222222
2022-08-20 07:00:00+00:00,0.0,15.8,1.0,6,8,5,7,False,1.0,0.9791666666666664,0.9791666666666664
2022-08-20 08:00:00+00:00,0.0,18.3,1.2,6,6,5,8,False,8.0,0.9588888888888886,0.9588888888888886
2022-08-20 09:00:00+00:00,0.0,19.0,1.9,6,8,5,9,False,6.0,0.9786111111111108,0.9786111111111108
2022-08-20 10:00:00+00:00,0.0,20.3,3.1,6,7,5,10,False,8.0,0.994444444444444,0.994444444444444
2022-08-20 11:00:00+00:00,0.0,20.0,3.9,6,8,5,11,False,7.0,0.999722222222222,0.999722222222222
2022-08-20 12:00:00+00:00,0.0,21.3,3.6,6,5,5,12,False,8.0,0.9622222222222222,0.9622222222222222
2022-08-20 13:00:00+00:00,0.0,21.7,4.6,5,9,5,13,False,5.0,0.9777777777777776,0.9777777777777776
2022-08-20 14:00:00+00:00,0.0,22.3,3.1,5,5,5,14,False,9.0,0.996111111111111,0.996111111111111
2022-08-20 15:00:00+00:00,0.0,22.0,2.0,5,6,5,15,False,5.0,0.9786111111111104,0.9786111111111104
2022-08-20 16:00:00+00:00,0.0,22.4,4.3,5,6,5,16,False,6.0,0.979722222222222,0.979722222222222
2022-08-20 17:00:00+00:00,0.0,22.4,3.8,5,8,5,17,False,6.0,0.9802777777777776,0.9802777777777776
2022-08-20 18:00:00+00:00,0.0,22.2,4.9,5,9,5,18,False,8.0,0.9966666666666668,0.9966666666666668
2022-08-20 19:00:00+00:00,0.0,21.2,4.3,2,2,5,19,False,9.0,0.9808333333333332,0.9808333333333332
2022-08-20 20:00:00+00:00,0.0,19.0,3.3,2,4,5,20,False,2.0,0.996944444444444,0.996944444444444
2022-08-20 21:00:00+00:00,0.0,16.8,2.3,2,3,5,21,False,4.0,0.978333333333333,0.978333333333333
2022-08-20 22:00:00+00:00,0.0,15.3,1.5,2,6,5,22,False,3.0,0.9819444444444442,0.9819444444444442
2022-08-20 23:00:00+00:00,0.0,13.6,1.9,2,0,5,23,False,6.0,0.9969444444444444,0.9969444444444444
2022-08-21 00:00:00+00:00,0.0,12.7,1.7,2,0,6,0,False,0.0,0.9966666666666664,0.9966666666666664
2022-08-21 01:00:00+00:00,0.0,11.6,1.0,2,0,6,1,False,0.0,0.962222222222222,0.962222222222222
2022-08-21 02:00:00+00:00,0.0,12.2,1.4,2,0,6,2,False,0.0,0.9758333333333332,0.9758333333333332
2022-08-21 03:00:00+00:00,0.0,11.7,0.9,2,0,6,3,False,0.0,0.9994444444444448,0.9994444444444448
2022-08-21 04:00:00+00:00,0.0,13.9,2.7,2,2,6,4,False,0.0,0.9988888888888888,0.9988888888888888
2022-08-21 05:00:00+00:00,0.0,14.3,1.6,2,1,6,5,False,2.0,0.98,0.98
2022-08-21 06:00:00+00:00,0.0,14.8,2.1,2,2,6,6,False,1.0,0.9766666666666668,0.9766666666666668
2022-08-21 07:00:00+00:00,0.0,15.6,2.2,7,1,6,7,False,2.0,0.9783333333333336,0.9783333333333336
2022-08-21 08:00:00+00:00,0.0,16.9,2.5,7,3,6,8,False,1.0,0.9941666666666664,0.9941666666666664
2022-08-21 09:00:00+00:00,0.0,17.5,2.7,7,0,6,9,False,3.0,0.9625,0.9625
2022-08-21 10:00:00+00:00,0.1,17.4,4.2,7,4,6,10,False,0.0,0.997222222222222,0.997222222222222
2022-08-21 11:00:00+00:00,0.1,16.5,4.1,7,1,6,11,False,4.0,0.9786111111111108,0.9786111111111108
2022-08-21 12:00:00+00:00,0.0,17.7,3.9,7,4,6,12,False,1.0,0.9997222222222224,0.9997222222222224
2022-08-21 13:00:00+00:00,0.0,18.9,5.3,7,3,6,13,False,4.0,0.9805555555555556,0.9805555555555556
2022-08-21 14:00:00+00:00,0.0,18.7,5.2,7,2,6,14,False,3.0,0.9769444444444444,0.9769444444444444
2022-08-21 15:00:00+00:00,0.0,18.9,5.9,7,4,6,15,False,2.0,0.9775,0.9775
2022-08-21 16:00:00+00:00,1.6,15.8,2.7,7,3,6,16,False,4.0,0.9983333333333329,0.9983333333333329
2022-08-21 17:00:00+00:00,0.0,16.4,2.2,7,4,6,17,False,3.0,0.9780555555555552,0.9780555555555552
2022-08-21 18:00:00+00:00,0.0,16.1,2.3,7,4,6,18,False,4.0,0.9775,0.9775
2022-08-21 19:00:00+00:00,0.0,14.7,1.0,4,1,6,19,False,4.0,0.9799999999999996,0.9799999999999996
2022-08-21 20:00:00+00:00,0.9,12.4,2.9,4,1,6,20,False,1.0,0.9758333333333332,0.9758333333333332
2022-08-21 21:00:00+00:00,0.1,11.4,1.1,4,0,6,21,False,1.0,0.9986111111111112,0.9986111111111112
2022-08-21 22:00:00+00:00,0.0,10.4,1.1,1,0,6,22,False,0.0,0.9983333333333332,0.9983333333333332
2022-08-21 23:00:00+00:00,0.0,9.7,1.8,1,0,6,23,False,0.0,0.9983333333333332,0.9983333333333332
2022-08-22 00:00:00+00:00,0.0,9.2,1.9,1,0,0,0,False,0.0,0.9930555555555556,0.9930555555555556
2022-08-22 01:00:00+00:00,0.0,8.7,1.6,1,0,0,1,False,0.0,0.9836111111111114,0.9836111111111114
2022-08-22 02:00:00+00:00,0.0,8.4,1.6,1,0,0,2,False,0.0,0.9788888888888888,0.9788888888888888
2022-08-22 03:00:00+00:00,0.0,8.1,2.1,1,1,0,3,False,0.0,0.959722222222222,0.959722222222222
2022-08-22 04:00:00+00:00,0.0,7.6,0.9,1,4,0,4,False,1.0,0.9963888888888888,0.9963888888888888
2022-08-22 05:00:00+00:00,0.0,7.4,1.7,1,6,0,5,False,4.0,1.0,1.0
2022-08-22 06:00:00+00:00,0.0,8.0,1.3,1,4,0,6,False,6.0,0.9766666666666662,0.9766666666666662
2022-08-22 07:00:00+00:00,0.0,12.0,1.1,1,0,0,7,False,4.0,0.9983333333333332,0.9983333333333332
2022-08-22 08:00:00+00:00,0.0,13.4,1.8,1,3,0,8,False,0.0,0.9955555555555556,0.9955555555555556
2022-08-22 09:00:00+00:00,0.0,15.5,1.4,1,3,0,9,False,3.0,0.9997222222222216,0.9997222222222216
2022-08-22 10:00:00+00:00,0.0,17.4,1.7,5,7,0,10,False,3.0,0.999444444444444,0.999444444444444
2022-08-22 11:00:00+00:00,0.0,18.1,2.4,5,2,0,11,False,7.0,0.9766666666666663,0.9766666666666663
2022-08-22 12:00:00+00:00,0.0,19.3,2.4,5,2,0,12,False,2.0,0.9780555555555552,0.9780555555555552
2022-08-22 13:00:00+00:00,0.0,19.6,2.3,6,5,0,13,False,2.0,0.9966666666666668,0.9966666666666668
2022-08-22 14:00:00+00:00,0.0,20.2,2.4,6,10,0,14,False,5.0,0.9805555555555556,0.9805555555555556
2022-08-22 15:00:00+00:00,0.0,19.9,3.3,6,8,0,15,False,10.0,0.9963888888888892,0.9963888888888892
2022-08-22 16:00:00+00:00,0.0,20.2,2.1,5,9,0,16,False,8.0,0.9963888888888884,0.9963888888888884
2022-08-22 17:00:00+00:00,0.0,18.9,3.1,5,11,0,17,False,9.0,0.9083333333333328,0.8924999999999995
2022-08-22 18:00:00+00:00,0.0,18.2,2.8,5,7,0,18,False,11.0,0.3333333333333332,0.3483333333333333
2022-08-22 19:00:00+00:00,0.0,17.2,2.1,5,2,0,19,False,7.0,0.8099999999999997,0.7977777777777775
2022-08-22 20:00:00+00:00,0.0,15.7,2.2,5,4,0,20,False,2.0,0.9638888888888886,0.9638888888888886
2022-08-22 21:00:00+00:00,0.0,14.6,1.2,5,3,0,21,False,4.0,0.9427777777777776,0.9427777777777776
2022-08-22 22:00:00+00:00,0.0,12.7,2.4,2,1,0,22,False,3.0,0.9819444444444444,0.9819444444444444
2022-08-22 23:00:00+00:00,0.0,11.6,2.4,2,0,0,23,False,1.0,0.9986111111111112,0.9986111111111112
2022-08-23 00:00:00+00:00,0.0,10.8,2.3,2,0,1,0,False,0.0,0.7291666666666666,0.7144444444444444
2022-08-23 01:00:00+00:00,0.0,10.5,2.3,2,0,1,1,False,0.0,0.0,0.0
2022-08-23 02:00:00+00:00,0.0,10.0,2.5,2,0,1,2,False,0.0,0.0,0.0
2022-08-23 03:00:00+00:00,0.0,9.6,2.3,2,0,1,3,False,0.0,0.0,0.0
2022-08-23 04:00:00+00:00,0.0,9.2,1.9,2,3,1,4,False,0.0,0.0,0.0
2022-08-23 05:00:00+00:00,0.0,9.5,2.2,2,15,1,5,False,3.0,0.0,0.0
2022-08-23 06:00:00+00:00,0.0,10.2,1.7,2,16,1,6,False,15.0,0.2602777777777778,0.2680555555555556
2022-08-23 07:00:00+00:00,0.0,13.5,1.2,3,0,1,7,False,16.0,0.8333333333333333,0.8558333333333333
2022-08-23 08:00:00+00:00,0.0,14.5,1.3,3,7,1,8,False,0.0,0.977777777777778,0.977777777777778
2022-08-23 09:00:00+00:00,0.0,16.7,0.4,3,1,1,9,False,7.0,0.9811111111111104,0.9811111111111104
2022-08-23 10:00:00+00:00,0.0,18.4,1.9,5,2,1,10,False,1.0,0.9777777777777774,0.9777777777777774
2022-08-23 11:00:00+00:00,0.0,18.4,2.2,5,1,1,11,False,2.0,0.9774999999999996,0.9774999999999996
2022-08-23 12:00:00+00:00,0.0,18.6,1.8,5,5,1,12,False,1.0,0.9994444444444442,0.9994444444444442
2022-08-23 13:00:00+00:00,0.0,20.3,1.1,5,6,1,13,False,5.0,0.9805555555555554,0.9805555555555554
2022-08-23 14:00:00+00:00,0.0,20.3,2.0,5,5,1,14,False,6.0,0.9761111111111108,0.9761111111111108
2022-08-23 15:00:00+00:00,0.0,20.5,2.7,5,13,1,15,False,5.0,0.9933333333333332,0.9933333333333332
2022-08-23 16:00:00+00:00,0.0,21.2,1.9,3,6,1,16,False,13.0,0.9794444444444445,0.9794444444444445
2022-08-23 17:00:00+00:00,0.0,20.2,2.2,3,3,1,17,False,6.0,0.9391666666666666,0.9394444444444444
2022-08-23 18:00:00+00:00,0.0,19.5,1.5,3,4,1,18,False,3.0,0.9763888888888888,0.9763888888888888
2022-08-23 19:00:00+00:00,0.0,17.7,1.6,1,5,1,19,False,4.0,0.3811111111111112,0.3402777777777778
2022-08-23 20:00:00+00:00,0.0,14.2,1.4,1,4,1,20,False,5.0,0.8677777777777775,0.8741666666666665
2022-08-23 21:00:00+00:00,0.0,12.7,2.1,1,3,1,21,False,4.0,0.9844444444444442,0.999722222222222
2022-08-23 22:00:00+00:00,0.0,12.3,2.6,1,0,1,22,False,3.0,0.4641666666666668,0.4625000000000002
2022-08-23 23:00:00+00:00,0.0,11.6,2.2,1,0,1,23,False,0.0,1.0,1.0
2022-08-24 00:00:00+00:00,0.0,11.4,2.9,1,0,2,0,False,0.0,0.997222222222222,0.997222222222222
2022-08-24 01:00:00+00:00,0.0,11.6,2.2,1,0,2,1,False,0.0,0.98,0.98
2022-08-24 02:00:00+00:00,0.0,11.4,1.1,1,0,2,2,False,0.0,0.996388888888889,0.996388888888889
2022-08-24 03:00:00+00:00,0.0,11.2,0.2,1,0,2,3,False,0.0,0.9972222222222222,0.9972222222222222
2022-08-24 04:00:00+00:00,0.0,11.2,1.4,1,5,2,4,False,0.0,0.9783333333333332,0.9783333333333332
2022-08-24 05:00:00+00:00,0.0,11.9,3.1,1,13,2,5,False,5.0,0.999722222222222,0.999722222222222
2022-08-24 06:00:00+00:00,0.0,11.9,0.5,1,6,2,6,False,13.0,0.9958333333333332,0.9958333333333332
2022-08-24 07:00:00+00:00,0.0,14.8,1.3,6,1,2,7,False,6.0,0.9938888888888886,0.9938888888888886
2022-08-24 08:00:00+00:00,0.0,16.4,0.6,6,4,2,8,False,1.0,0.9938888888888888,0.9938888888888888
2022-08-24 09:00:00+00:00,0.0,18.7,1.4,6,0,2,9,False,4.0,0.9988888888888884,0.9988888888888884
2022-08-24 10:00:00+00:00,0.0,20.7,0.9,5,1,2,10,False,0.0,0.999444444444444,0.999444444444444
2022-08-24 11:00:00+00:00,0.0,20.9,1.8,5,3,2,11,False,1.0,0.9774999999999996,0.9774999999999996
2022-08-24 12:00:00+00:00,0.0,22.4,1.2,5,3,2,12,False,3.0,0.996944444444444,0.996944444444444
2022-08-24 13:00:00+00:00,0.0,20.3,2.1,7,4,2,13,False,3.0,0.9944444444444444,0.9944444444444444
2022-08-24 14:00:00+00:00,0.0,20.7,1.9,7,8,2,14,False,4.0,0.9788888888888888,0.9788888888888888
2022-08-24 15:00:00+00:00,0.0,20.6,1.0,7,10,2,15,False,8.0,0.9999999999999998,0.9999999999999998
2022-08-24 16:00:00+00:00,0.0,20.3,1.4,7,8,2,16,False,10.0,0.9791666666666664,0.9791666666666664
2022-08-24 17:00:00+00:00,0.0,21.3,1.3,7,7,2,17,False,8.0,0.9991666666666668,0.9991666666666668
2022-08-24 18:00:00+00:00,0.0,19.8,0.7,7,6,2,18,False,7.0,0.9819444444444442,0.9819444444444442
2022-08-24 19:00:00+00:00,0.0,19.3,0.9,7,6,2,19,False,6.0,0.9963888888888888,0.9963888888888888
2022-08-24 20:00:00+00:00,0.0,17.6,2.4,7,0,2,20,False,6.0,0.9986111111111112,0.9986111111111112
2022-08-24 21:00:00+00:00,0.0,16.2,2.5,7,3,2,21,False,0.0,0.9808333333333332,0.9808333333333332
2022-08-24 22:00:00+00:00,0.0,15.1,1.2,4,2,2,22,False,3.0,0.9952777777777776,0.9952777777777776
2022-08-24 23:00:00+00:00,0.0,15.5,2.1,4,0,2,23,False,2.0,0.9772222222222215,0.9772222222222215
2022-08-25 00:00:00+00:00,0.0,15.4,1.0,4,0,3,0,False,0.0,0.9969444444444444,0.9969444444444444
2022-08-25 01:00:00+00:00,0.0,14.5,2.6,4,0,3,1,False,0.0,0.9833333333333336,0.9833333333333336
2022-08-25 02:00:00+00:00,0.0,13.7,1.9,4,0,3,2,False,0.0,0.9963888888888892,0.9963888888888892
2022-08-25 03:00:00+00:00,0.0,13.6,2.7,4,1,3,3,False,0.0,0.9975000000000004,0.9975000000000004
2022-08-25 04:00:00+00:00,0.0,13.6,2.1,4,4,3,4,False,1.0,0.997222222222222,0.997222222222222
2022-08-25 05:00:00+00:00,0.0,14.2,2.4,4,18,3,5,False,4.0,0.9788888888888888,0.9788888888888888
2022-08-25 06:00:00+00:00,0.0,15.2,3.0,4,3,3,6,False,18.0,0.999722222222222,0.999722222222222
2022-08-25 07:00:00+00:00,0.0,16.1,2.2,6,1,3,7,False,3.0,0.9775,0.9775
2022-08-25 08:00:00+00:00,0.0,19.0,1.3,6,0,3,8,False,1.0,0.996666666666666,0.996666666666666
2022-08-25 09:00:00+00:00,0.0,20.6,1.4,6,1,3,9,False,0.0,0.9652777777777772,0.9652777777777772
2022-08-25 10:00:00+00:00,0.0,22.8,1.5,5,3,3,10,False,1.0,0.991666666666666,0.991666666666666
2022-08-25 11:00:00+00:00,0.0,23.1,1.3,5,4,3,11,False,3.0,0.9924999999999996,0.9924999999999996
2022-08-25 12:00:00+00:00,0.0,24.5,2.5,5,3,3,12,False,4.0,0.9758333333333332,0.9758333333333332
2022-08-25 13:00:00+00:00,0.0,25.0,3.0,3,10,3,13,False,3.0,0.9944444444444442,0.9944444444444442
2022-08-25 14:00:00+00:00,0.0,25.1,2.3,3,9,3,14,False,10.0,0.9791666666666666,0.9791666666666666
2022-08-25 15:00:00+00:00,0.0,25.3,3.5,3,11,3,15,False,9.0,0.9963888888888884,0.9963888888888884
2022-08-25 16:00:00+00:00,0.0,25.2,1.3,4,8,3,16,False,11.0,0.9766666666666663,0.9766666666666663
2022-08-25 17:00:00+00:00,0.0,25.2,1.2,4,10,3,17,False,8.0,0.9780555555555552,0.9780555555555552
2022-08-25 18:00:00+00:00,0.0,24.0,1.5,4,3,3,18,False,10.0,0.9766666666666662,0.9766666666666662
2022-08-25 19:00:00+00:00,0.0,22.0,1.8,3,5,3,19,False,3.0,0.9963888888888888,0.9963888888888888
2022-08-25 20:00:00+00:00,0.0,21.4,3.5,3,3,3,20,False,5.0,0.9991666666666664,0.9991666666666664
2022-08-25 21:00:00+00:00,0.0,20.3,2.5,3,0,3,21,False,3.0,0.9994444444444444,0.9994444444444444
2022-08-25 22:00:00+00:00,0.0,19.4,2.2,1,0,3,22,False,0.0,0.9486111111111112,0.9486111111111112
2022-08-25 23:00:00+00:00,0.0,17.6,1.3,1,0,3,23,False,0.0,0.8427777777777775,0.8186111111111108
2022-08-26 00:00:00+00:00,0.0,15.1,2.0,1,0,4,0,False,0.0,0.0,0.0
2022-08-26 01:00:00+00:00,0.0,14.6,2.5,1,0,4,1,False,0.0,0.0,0.0
2022-08-26 02:00:00+00:00,0.0,14.3,1.9,1,0,4,2,False,0.0,0.0,0.0
2022-08-26 03:00:00+00:00,0.0,14.5,3.2,1,1,4,3,False,0.0,0.0,0.0
2022-08-26 04:00:00+00:00,0.0,13.8,3.5,1,5,4,4,False,1.0,0.0,0.0
2022-08-26 05:00:00+00:00,0.0,13.7,3.9,1,13,4,5,False,5.0,0.1825,0.1975
2022-08-26 06:00:00+00:00,0.0,14.5,3.6,1,10,4,6,False,13.0,0.9986111111111108,0.9986111111111108
2022-08-26 07:00:00+00:00,0.0,15.4,3.0,8,2,4,7,False,10.0,0.9780555555555558,0.9780555555555558
2022-08-26 08:00:00+00:00,0.0,16.1,2.3,8,0,4,8,False,2.0,0.9619444444444448,0.9619444444444448
2022-08-26 09:00:00+00:00,0.0,17.3,2.2,8,2,4,9,False,0.0,0.9936111111111112,0.9936111111111112
2022-08-26 10:00:00+00:00,0.0,17.4,2.4,7,2,4,10,False,2.0,0.9947222222222222,0.9947222222222222
2022-08-26 11:00:00+00:00,0.0,19.0,2.1,7,3,4,11,False,2.0,0.992777777777778,0.992777777777778
2022-08-26 12:00:00+00:00,0.0,18.5,2.4,7,7,4,12,False,3.0,0.9786111111111112,0.9786111111111112
2022-08-26 13:00:00+00:00,0.0,20.5,0.9,7,5,4,13,False,7.0,0.9769444444444448,0.9769444444444448
2022-08-26 14:00:00+00:00,0.0,20.5,1.0,7,7,4,14,False,5.0,0.9977777777777777,0.9977777777777777
2022-08-26 15:00:00+00:00,0.0,20.7,2.0,7,7,4,15,False,7.0,0.9825,0.9825
2022-08-26 16:00:00+00:00,0.0,20.5,2.4,7,12,4,16,False,7.0,0.9791666666666669,0.9791666666666669
2022-08-26 17:00:00+00:00,0.0,20.4,1.8,7,12,4,17,False,12.0,0.9477777777777778,0.9477777777777778
2022-08-26 18:00:00+00:00,0.0,20.0,3.1,7,5,4,18,False,12.0,0.9622222222222222,0.9622222222222222
2022-08-26 19:00:00+00:00,0.0,19.1,2.9,8,1,4,19,False,5.0,0.997222222222222,0.997222222222222
2022-08-26 20:00:00+00:00,1.0,17.2,2.4,8,2,4,20,False,1.0,0.9775,0.9775
2022-08-26 21:00:00+00:00,0.6,16.6,1.6,8,2,4,21,False,2.0,0.995833333333333,0.995833333333333
2022-08-26 22:00:00+00:00,0.6,16.3,1.5,8,0,4,22,False,2.0,0.995833333333333,0.995833333333333
2022-08-26 23:00:00+00:00,0.2,16.0,0.9,8,0,4,23,False,0.0,0.9997222222222224,0.9997222222222224
2022-08-27 00:00:00+00:00,0.0,15.9,0.7,8,0,5,0,False,0.0,0.983611111111111,0.983611111111111
2022-08-27 01:00:00+00:00,0.0,15.7,1.2,8,0,5,1,False,0.0,0.9808333333333334,0.9808333333333334
2022-08-27 02:00:00+00:00,0.0,15.7,0.2,8,0,5,2,False,0.0,0.98,0.98
2022-08-27 03:00:00+00:00,0.0,15.5,0.7,8,2,5,3,False,0.0,0.98,0.98
2022-08-27 04:00:00+00:00,0.0,15.7,0.9,8,1,5,4,False,2.0,0.9816666666666668,0.9816666666666668
2022-08-27 05:00:00+00:00,0.0,16.0,1.0,8,0,5,5,False,1.0,0.9797222222222224,0.9797222222222224
2022-08-27 06:00:00+00:00,0.0,15.7,0.5,8,1,5,6,False,0.0,0.980277777777778,0.980277777777778
2022-08-27 07:00:00+00:00,0.0,16.1,0.9,7,2,5,7,False,1.0,0.9977777777777777,0.9977777777777777
2022-08-27 08:00:00+00:00,0.0,16.8,1.0,7,4,5,8,False,2.0,0.9433333333333332,0.9433333333333332
2022-08-27 09:00:00+00:00,0.0,18.1,1.2,7,3,5,9,False,4.0,0.9986111111111108,0.9986111111111108
2022-08-27 10:00:00+00:00,0.0,19.7,1.7,7,3,5,10,False,3.0,0.9999999999999998,0.9999999999999998
2022-08-27 11:00:00+00:00,0.0,20.7,1.9,7,3,5,11,False,3.0,0.9986111111111112,0.9986111111111112
2022-08-27 12:00:00+00:00,0.0,20.7,1.6,7,3,5,12,False,3.0,0.9802777777777776,0.9802777777777776
2022-08-27 13:00:00+00:00,0.0,20.8,1.4,6,2,5,13,False,3.0,0.979444444444444,0.979444444444444
2022-08-27 14:00:00+00:00,0.0,22.8,2.2,6,4,5,14,False,2.0,0.9625,0.9625
2022-08-27 15:00:00+00:00,0.0,22.0,2.5,6,0,5,15,False,4.0,0.997222222222222,0.997222222222222
2022-08-27 16:00:00+00:00,0.0,23.7,1.5,4,6,5,16,False,0.0,0.9780555555555552,0.9780555555555552
2022-08-27 17:00:00+00:00,0.0,23.1,2.3,4,11,5,17,False,6.0,0.9788888888888888,0.9788888888888888
2022-08-27 18:00:00+00:00,0.0,22.2,1.2,4,2,5,18,False,11.0,0.9963888888888888,0.9963888888888888
2022-08-27 19:00:00+00:00,0.0,20.5,1.9,3,0,5,19,False,2.0,0.9972222222222222,0.9972222222222222
2022-08-27 20:00:00+00:00,0.0,18.3,2.6,3,3,5,20,False,0.0,0.9986111111111108,0.9986111111111108
2022-08-27 21:00:00+00:00,0.0,16.8,2.3,3,5,5,21,False,3.0,0.9816666666666662,0.9816666666666662
2022-08-27 22:00:00+00:00,0.0,15.1,1.4,1,2,5,22,False,5.0,0.9788888888888884,0.9788888888888884
2022-08-27 23:00:00+00:00,0.0,15.4,2.9,1,0,5,23,False,2.0,0.9980555555555553,0.9980555555555553
2022-08-28 00:00:00+00:00,0.0,14.4,1.0,1,0,6,0,False,0.0,0.9980555555555553,0.9980555555555553
2022-08-28 01:00:00+00:00,0.0,13.4,1.0,1,0,6,1,False,0.0,0.982222222222222,0.982222222222222
2022-08-28 02:00:00+00:00,0.0,13.6,1.3,1,0,6,2,False,0.0,0.9780555555555556,0.9780555555555556
2022-08-28 03:00:00+00:00,0.0,14.3,1.9,1,0,6,3,False,0.0,0.9808333333333332,0.9808333333333332
2022-08-28 04:00:00+00:00,0.0,14.1,2.0,1,1,6,4,False,0.0,0.9808333333333338,0.9808333333333338
2022-08-28 05:00:00+00:00,0.0,14.6,2.5,1,2,6,5,False,1.0,0.9819444444444444,0.9819444444444444
2022-08-28 06:00:00+00:00,0.0,15.4,2.9,1,0,6,6,False,2.0,0.9433333333333336,0.9433333333333336
2022-08-28 07:00:00+00:00,0.0,16.2,3.7,5,3,6,7,False,0.0,0.9780555555555556,0.9780555555555556
2022-08-28 08:00:00+00:00,0.0,16.7,4.4,5,7,6,8,False,3.0,0.9827777777777774,0.9827777777777774
2022-08-28 09:00:00+00:00,0.0,17.0,3.9,5,3,6,9,False,7.0,0.9772222222222222,0.9772222222222222
2022-08-28 10:00:00+00:00,0.0,17.1,4.1,7,4,6,10,False,3.0,0.9819444444444442,0.9819444444444442
2022-08-28 11:00:00+00:00,0.0,17.8,3.3,7,3,6,11,False,4.0,0.9786111111111112,0.9786111111111112
2022-08-28 12:00:00+00:00,0.0,18.0,4.6,7,4,6,12,False,3.0,0.9827777777777776,0.9827777777777776
2022-08-28 13:00:00+00:00,0.0,18.5,3.8,7,3,6,13,False,4.0,0.9780555555555552,0.9780555555555552
2022-08-28 14:00:00+00:00,0.0,18.9,3.1,7,6,6,14,False,3.0,0.9772222222222224,0.9772222222222224
2022-08-28 15:00:00+00:00,0.0,19.2,2.3,7,6,6,15,False,6.0,0.9813888888888888,0.9813888888888888
2022-08-28 16:00:00+00:00,0.0,20.1,3.5,4,8,6,16,False,6.0,0.999722222222222,0.999722222222222
2022-08-28 17:00:00+00:00,0.0,20.1,2.8,4,4,6,17,False,8.0,0.9949999999999996,0.9949999999999996
2022-08-28 18:00:00+00:00,0.0,19.1,1.8,4,0,6,18,False,4.0,0.9974999999999996,0.9974999999999996
2022-08-28 19:00:00+00:00,0.0,17.3,1.7,3,2,6,19,False,0.0,0.9933333333333332,0.9933333333333332
2022-08-28 20:00:00+00:00,0.0,16.0,2.1,3,5,6,20,False,2.0,0.9799999999999994,0.9799999999999994
2022-08-28 21:00:00+00:00,0.0,14.7,2.7,3,2,6,21,False,5.0,0.9988888888888888,0.9988888888888888
2022-08-28 22:00:00+00:00,0.0,14.7,3.9,1,0,6,22,False,2.0,0.9780555555555552,0.9780555555555552
2022-08-28 23:00:00+00:00,0.0,14.0,2.8,1,0,6,23,False,0.0,0.9980555555555554,0.9980555555555554
2022-08-29 00:00:00+00:00,0.0,14.0,3.9,1,0,0,0,False,0.0,0.9788888888888886,0.9788888888888886
2022-08-29 01:00:00+00:00,0.0,14.2,6.3,1,0,0,1,False,0.0,0.9788888888888888,0.9788888888888888
2022-08-29 02:00:00+00:00,0.0,13.4,5.8,1,0,0,2,False,0.0,0.9975,0.9975
2022-08-29 03:00:00+00:00,0.0,12.7,4.6,1,1,0,3,False,0.0,0.9800000000000002,0.9800000000000002
2022-08-29 04:00:00+00:00,0.0,12.2,4.4,1,3,0,4,False,1.0,0.9786111111111112,0.9786111111111112
2022-08-29 05:00:00+00:00,0.0,11.8,3.2,1,2,0,5,False,3.0,0.9991666666666664,0.9991666666666664
2022-08-29 06:00:00+00:00,0.0,12.1,3.0,1,4,0,6,False,2.0,0.9299999999999996,0.9299999999999996
2022-08-29 07:00:00+00:00,0.0,12.7,3.7,7,3,0,7,False,4.0,0.9938888888888888,0.9938888888888888
2022-08-29 08:00:00+00:00,0.0,13.0,2.6,7,0,0,8,False,3.0,0.9752777777777776,0.9752777777777776
2022-08-29 09:00:00+00:00,0.0,14.5,4.7,7,1,0,9,False,0.0,0.9444444444444444,0.9444444444444444
2022-08-29 10:00:00+00:00,0.0,15.8,2.5,3,3,0,10,False,1.0,0.9958333333333332,0.9958333333333332
2022-08-29 11:00:00+00:00,0.0,16.6,2.4,3,3,0,11,False,3.0,0.9830555555555556,0.9830555555555556
2022-08-29 12:00:00+00:00,0.0,18.3,2.4,3,1,0,12,False,3.0,0.9958333333333332,0.9958333333333332
2022-08-29 13:00:00+00:00,0.0,19.3,3.5,2,2,0,13,False,1.0,0.9783333333333328,0.9783333333333328
2022-08-29 14:00:00+00:00,0.0,19.3,1.8,2,2,0,14,False,2.0,0.9991666666666664,0.9991666666666664
2022-08-29 15:00:00+00:00,0.0,19.6,2.3,2,8,0,15,False,2.0,0.9783333333333328,0.9783333333333328
2022-08-29 16:00:00+00:00,0.0,19.6,2.3,1,4,0,16,False,8.0,0.9786111111111112,0.9786111111111112
2022-08-29 17:00:00+00:00,0.0,19.0,2.9,1,10,0,17,False,4.0,0.983333333333333,0.9602777777777772
2022-08-29 18:00:00+00:00,0.0,17.9,3.5,1,1,0,18,False,10.0,0.4899999999999999,0.5049999999999999
2022-08-29 19:00:00+00:00,0.0,16.3,2.2,1,4,0,19,False,1.0,0.951944444444444,0.9749999999999996
2022-08-29 20:00:00+00:00,0.0,13.7,3.2,1,1,0,20,False,4.0,0.9791666666666664,0.9791666666666664
2022-08-29 21:00:00+00:00,0.0,12.8,2.7,1,0,0,21,False,1.0,0.9830555555555556,0.9608333333333332
2022-08-29 22:00:00+00:00,0.0,12.4,3.0,0,1,0,22,False,0.0,0.2175,0.1652777777777778
2022-08-29 23:00:00+00:00,0.0,11.2,1.6,0,0,0,23,False,1.0,0.0,0.0
2022-08-30 00:00:00+00:00,0.0,11.1,3.0,0,0,1,0,False,0.0,0.4422222222222222,0.4566666666666666
2022-08-30 01:00:00+00:00,0.0,11.0,2.6,0,0,1,1,False,0.0,0.9833333333333332,0.9833333333333332
2022-08-30 02:00:00+00:00,0.0,11.2,2.6,0,0,1,2,False,0.0,0.9783333333333336,0.9783333333333336
2022-08-30 03:00:00+00:00,0.0,11.9,4.7,0,0,1,3,False,0.0,0.9991666666666666,0.9991666666666666
2022-08-30 04:00:00+00:00,0.0,11.0,4.6,0,6,1,4,False,0.0,0.9830555555555556,0.9830555555555556
2022-08-30 05:00:00+00:00,0.0,10.7,4.5,0,16,1,5,False,6.0,0.9766666666666668,0.9766666666666668
2022-08-30 06:00:00+00:00,0.0,11.6,3.6,0,8,1,6,False,16.0,0.9983333333333334,0.9983333333333334
2022-08-30 07:00:00+00:00,0.0,12.1,3.6,6,2,1,7,False,8.0,0.9941666666666664,0.9941666666666664
2022-08-30 08:00:00+00:00,0.0,13.9,3.5,6,1,1,8,False,2.0,0.9763888888888888,0.9763888888888888
2022-08-30 09:00:00+00:00,0.0,14.1,3.0,6,11,1,9,False,1.0,0.981111111111111,0.981111111111111
2022-08-30 10:00:00+00:00,0.0,15.0,2.9,6,13,1,10,False,11.0,0.9755555555555552,0.9755555555555552
2022-08-30 11:00:00+00:00,0.0,15.2,2.4,6,2,1,11,False,13.0,0.9786111111111108,0.9786111111111108
2022-08-30 12:00:00+00:00,0.0,15.9,3.0,6,3,1,12,False,2.0,0.9808333333333334,0.9808333333333334
2022-08-30 13:00:00+00:00,0.0,16.0,3.9,6,0,1,13,False,3.0,0.9994444444444444,0.9994444444444444
2022-08-30 14:00:00+00:00,0.0,16.3,3.3,6,8,1,14,False,0.0,0.9758333333333336,0.9758333333333336
2022-08-30 15:00:00+00:00,0.0,17.1,3.1,6,9,1,15,False,8.0,0.9813888888888886,0.9813888888888886
2022-08-30 16:00:00+00:00,0.0,16.5,3.8,4,9,1,16,False,9.0,1.0,1.0
2022-08-30 17:00:00+00:00,0.0,15.8,3.4,4,3,1,17,False,9.0,0.9791666666666662,0.9791666666666662
2022-08-30 18:00:00+00:00,0.0,15.9,2.4,4,4,1,18,False,3.0,0.7827777777777778,0.746388888888889
2022-08-30 19:00:00+00:00,0.0,14.5,1.3,2,3,1,19,False,4.0,0.7541666666666664,0.7333333333333332
2022-08-30 20:00:00+00:00,0.0,11.4,1.2,2,2,1,20,False,3.0,0.7627777777777779,0.7163888888888891
2022-08-30 21:00:00+00:00,0.0,11.4,2.1,2,2,1,21,False,2.0,0.2436111111111111,0.275
2022-08-30 22:00:00+00:00,0.0,11.2,2.4,1,0,1,22,False,2.0,0.2161111111111111,0.2841666666666666
2022-08-30 23:00:00+00:00,0.0,10.6,1.9,1,0,1,23,False,0.0,0.6355555555555558,0.6422222222222222
2022-08-31 00:00:00+00:00,0.0,8.8,0.6,1,0,2,0,False,0.0,0.3297222222222222,0.3522222222222222
2022-08-31 01:00:00+00:00,0.0,8.5,0.9,1,0,2,1,False,0.0,0.9825,0.9825
2022-08-31 02:00:00+00:00,0.0,8.4,1.0,1,0,2,2,False,0.0,0.9588888888888888,0.9588888888888888
2022-08-31 03:00:00+00:00,0.0,8.4,0.7,1,2,2,3,False,0.0,0.9786111111111112,0.9786111111111112
2022-08-31 04:00:00+00:00,0.0,7.8,0.8,1,4,2,4,False,2.0,0.948611111111111,0.948611111111111
2022-08-31 05:00:00+00:00,0.0,8.1,0.6,1,17,2,5,False,4.0,1.0,1.0
2022-08-31 06:00:00+00:00,0.0,8.7,2.1,1,9,2,6,False,17.0,0.9813888888888892,0.9813888888888892
2022-08-31 07:00:00+00:00,0.0,12.2,1.2,1,1,2,7,False,9.0,0.9780555555555552,0.9780555555555552
2022-08-31 08:00:00+00:00,0.0,14.0,0.6,1,5,2,8,False,1.0,0.9786111111111112,0.9786111111111112
2022-08-31 09:00:00+00:00,0.0,15.5,1.1,1,2,2,9,False,5.0,0.9997222222222222,0.9997222222222222
2022-08-31 10:00:00+00:00,0.0,16.7,1.7,1,4,2,10,False,2.0,0.9930555555555556,0.9930555555555556
2022-08-31 11:00:00+00:00,0.0,17.5,1.4,1,4,2,11,False,4.0,0.980277777777778,0.980277777777778
2022-08-31 12:00:00+00:00,0.0,18.8,1.7,1,2,2,12,False,4.0,0.9813888888888892,0.9813888888888892
2022-08-31 13:00:00+00:00,0.0,19.7,1.5,1,11,2,13,False,2.0,0.9827777777777776,0.9827777777777776
2022-08-31 14:00:00+00:00,0.0,20.0,2.0,1,11,2,14,False,11.0,0.9844444444444445,0.9844444444444445
2022-08-31 15:00:00+00:00,0.0,19.9,2.6,1,16,2,15,False,11.0,0.9808333333333332,0.9808333333333332
2022-08-31 16:00:00+00:00,0.0,19.8,2.0,6,7,2,16,False,16.0,0.9811111111111114,0.9811111111111114
2022-08-31 17:00:00+00:00,0.0,19.7,2.0,6,7,2,17,False,7.0,0.9847222222222218,0.9847222222222218
2022-08-31 18:00:00+00:00,0.0,18.3,1.5,6,4,2,18,False,7.0,0.9808333333333332,0.9808333333333332
2022-08-31 19:00:00+00:00,0.0,15.8,1.2,2,6,2,19,False,4.0,0.982222222222222,0.982222222222222
2022-08-31 20:00:00+00:00,0.0,13.0,1.7,2,4,2,20,False,6.0,0.9800000000000002,0.9800000000000002
2022-08-31 21:00:00+00:00,0.0,11.8,2.2,2,3,2,21,False,4.0,0.9847222222222224,0.9847222222222224
2022-08-09 00:00:00+00:00,0.0,12.0,1.6,4,0,1,0,False,3.0,0.2019444444444444,0.2163888888888889
2022-08-09 01:00:00+00:00,0.0,12.7,2.2,4,0,1,1,False,0.0,0.9802777777777776,0.9802777777777776
2022-08-09 02:00:00+00:00,0.0,12.9,2.3,4,0,1,2,False,0.0,0.9941666666666668,0.9941666666666668
2022-08-09 03:00:00+00:00,0.0,12.3,2.5,4,0,1,3,False,0.0,0.9772222222222215,0.9772222222222215
2022-08-09 04:00:00+00:00,0.0,12.1,3.4,4,3,1,4,False,0.0,0.9794444444444445,0.9794444444444445
2022-08-09 05:00:00+00:00,0.0,12.0,2.1,4,21,1,5,False,3.0,0.9833333333333332,0.9833333333333332
2022-08-09 06:00:00+00:00,0.0,11.5,2.1,4,9,1,6,False,21.0,0.9786111111111112,0.9786111111111112
2022-08-09 07:00:00+00:00,0.0,12.9,2.1,7,3,1,7,False,9.0,0.9769444444444448,0.9769444444444448
2022-08-09 08:00:00+00:00,0.0,12.3,1.9,7,0,1,8,False,3.0,0.970277777777778,0.970277777777778
2022-08-09 09:00:00+00:00,0.0,13.1,2.0,7,0,1,9,False,0.0,0.981111111111111,0.981111111111111
2022-08-09 10:00:00+00:00,0.0,14.2,1.8,7,1,1,10,False,0.0,0.974722222222222,0.974722222222222
2022-08-09 11:00:00+00:00,0.0,14.7,3.5,7,3,1,11,False,1.0,0.9930555555555556,0.9930555555555556
2022-08-09 12:00:00+00:00,0.0,14.6,3.5,7,2,1,12,False,3.0,0.9966666666666666,0.9966666666666666
2022-08-09 13:00:00+00:00,0.0,15.1,3.8,7,4,1,13,False,2.0,0.9986111111111108,0.9986111111111108
2022-08-09 14:00:00+00:00,0.0,15.1,4.4,7,9,1,14,False,4.0,0.9941666666666664,0.9941666666666664
2022-08-09 15:00:00+00:00,0.0,14.7,3.6,7,12,1,15,False,9.0,0.9791666666666664,0.9791666666666664
2022-08-09 16:00:00+00:00,0.0,14.6,2.7,7,9,1,16,False,12.0,0.981111111111111,0.981111111111111
2022-08-09 17:00:00+00:00,0.0,14.2,3.0,7,11,1,17,False,9.0,0.9994444444444442,0.9994444444444442
2022-08-09 18:00:00+00:00,0.0,13.7,2.9,7,1,1,18,False,11.0,0.9436111111111112,0.9436111111111112
2022-08-09 19:00:00+00:00,0.0,13.4,3.0,7,2,1,19,False,1.0,0.9813888888888888,0.9813888888888888
2022-08-09 20:00:00+00:00,0.0,13.3,3.7,7,4,1,20,False,2.0,1.0,1.0
2022-08-09 21:00:00+00:00,0.0,12.9,3.2,7,4,1,21,False,4.0,0.9641666666666668,0.9641666666666668
2022-08-09 22:00:00+00:00,0.0,12.8,2.9,7,1,1,22,False,4.0,0.9827777777777778,0.9827777777777778
2022-08-09 23:00:00+00:00,0.0,12.6,3.2,7,0,1,23,False,1.0,0.9980555555555554,0.9980555555555554
2022-08-10 00:00:00+00:00,0.0,8.7,1.3,8,0,2,0,False,0.0,0.9797222222222224,0.9797222222222224
2022-08-10 01:00:00+00:00,0.0,6.8,1.7,8,0,2,1,False,0.0,0.9824999999999998,0.9824999999999998
2022-08-10 02:00:00+00:00,0.0,6.3,1.8,8,0,2,2,False,0.0,0.9824999999999996,0.9824999999999996
2022-08-10 03:00:00+00:00,0.0,5.9,1.0,8,0,2,3,False,0.0,0.9774999999999998,0.9774999999999998
2022-08-10 04:00:00+00:00,0.0,4.7,0.9,8,4,2,4,False,0.0,0.9772222222222218,0.9772222222222218
2022-08-10 05:00:00+00:00,0.0,3.9,0.7,8,14,2,5,False,4.0,0.9783333333333336,0.9783333333333336
2022-08-10 06:00:00+00:00,0.0,3.7,1.1,8,1,2,6,False,14.0,0.9952777777777778,0.9952777777777778
2022-08-10 07:00:00+00:00,0.0,3.9,0.9,6,0,2,7,False,1.0,0.9936111111111108,0.9936111111111108
2022-08-10 08:00:00+00:00,0.0,5.3,1.3,6,1,2,8,False,0.0,0.9974999999999998,0.9974999999999998
2022-08-10 09:00:00+00:00,0.0,8.8,1.8,6,1,2,9,False,1.0,0.9991666666666668,0.9991666666666668
2022-08-10 10:00:00+00:00,0.0,10.9,2.2,5,4,2,10,False,1.0,0.9944444444444444,0.9944444444444444
2022-08-10 11:00:00+00:00,0.0,12.5,2.5,5,2,2,11,False,4.0,0.9936111111111112,0.9936111111111112
2022-08-10 12:00:00+00:00,0.0,12.7,3.7,5,3,2,12,False,2.0,0.9947222222222218,0.9947222222222218
2022-08-10 13:00:00+00:00,0.0,12.6,3.6,2,5,2,13,False,3.0,0.9944444444444442,0.9944444444444442
2022-08-10 14:00:00+00:00,0.0,13.9,2.8,2,11,2,14,False,5.0,0.9994444444444442,0.9994444444444442
2022-08-10 15:00:00+00:00,0.0,13.8,3.7,2,13,2,15,False,11.0,0.9961111111111112,0.9961111111111112
2022-08-10 16:00:00+00:00,0.0,13.3,4.5,1,9,2,16,False,13.0,0.9816666666666662,0.9816666666666662
2022-08-10 17:00:00+00:00,0.0,11.5,4.0,1,6,2,17,False,9.0,0.9958333333333328,0.9958333333333328
2022-08-10 18:00:00+00:00,0.0,9.7,3.2,1,3,2,18,False,6.0,0.9777777777777776,0.9777777777777776
2022-08-10 19:00:00+00:00,0.0,8.5,2.7,5,3,2,19,False,3.0,0.9794444444444445,0.9794444444444445
2022-08-10 20:00:00+00:00,0.0,8.7,4.4,5,2,2,20,False,3.0,0.9766666666666663,0.9766666666666663
2022-08-10 21:00:00+00:00,0.0,6.2,1.3,5,2,2,21,False,2.0,0.9774999999999998,0.9774999999999998
2022-08-10 22:00:00+00:00,0.0,5.1,1.0,6,2,2,22,False,2.0,0.9825,0.9825
2022-08-10 23:00:00+00:00,0.0,4.6,1.5,6,0,2,23,False,2.0,0.9966666666666666,0.9966666666666666
2022-08-11 00:00:00+00:00,0.0,3.1,2.4,2,0,3,0,False,0.0,0.9827777777777776,0.9827777777777776
2022-08-11 01:00:00+00:00,0.0,2.6,1.4,2,0,3,1,False,0.0,0.9772222222222222,0.9772222222222222
2022-08-11 02:00:00+00:00,0.0,2.5,3.0,2,0,3,2,False,0.0,0.995,0.995
2022-08-11 03:00:00+00:00,0.0,2.7,2.9,2,1,3,3,False,0.0,0.979166666666667,0.979166666666667
2022-08-11 04:00:00+00:00,0.0,2.2,2.5,2,5,3,4,False,1.0,0.995277777777778,0.995277777777778
2022-08-11 05:00:00+00:00,0.0,2.3,1.5,2,11,3,5,False,5.0,0.9438888888888892,0.9438888888888892
2022-08-11 06:00:00+00:00,0.0,2.5,0.8,2,1,3,6,False,11.0,0.9661111111111113,0.9661111111111113
2022-08-11 07:00:00+00:00,0.0,3.0,1.0,7,0,3,7,False,1.0,0.9813888888888888,0.9813888888888888
2022-08-11 08:00:00+00:00,0.0,3.6,1.3,7,2,3,8,False,0.0,0.9991666666666666,0.9991666666666666
2022-08-11 09:00:00+00:00,0.0,4.3,2.4,7,3,3,9,False,2.0,0.9999999999999996,0.9999999999999996
2022-08-11 10:00:00+00:00,0.2,4.7,2.7,8,0,3,10,False,3.0,0.9827777777777776,0.9827777777777776
2022-08-11 11:00:00+00:00,0.5,4.8,2.4,8,1,3,11,False,0.0,0.9980555555555556,0.9980555555555556
2022-08-11 12:00:00+00:00,1.2,4.7,3.2,8,4,3,12,False,1.0,0.9758333333333332,0.9758333333333332
2022-08-11 13:00:00+00:00,0.3,5.1,3.2,8,6,3,13,False,4.0,0.9252777777777778,0.9252777777777778
2022-08-11 14:00:00+00:00,0.1,5.2,2.8,8,10,3,14,False,6.0,0.996944444444444,0.996944444444444
2022-08-11 15:00:00+00:00,0.0,5.5,2.9,8,10,3,15,False,10.0,0.98,0.98
2022-08-11 16:00:00+00:00,0.8,5.9,3.5,8,9,3,16,False,10.0,0.9961111111111114,0.9961111111111114
2022-08-11 17:00:00+00:00,0.1,6.6,3.0,8,7,3,17,False,9.0,0.994444444444444,0.994444444444444
2022-08-11 18:00:00+00:00,0.0,6.9,2.3,8,3,3,18,False,7.0,0.9936111111111108,0.9936111111111108
2022-08-11 19:00:00+00:00,0.0,7.2,2.5,8,3,3,19,False,3.0,0.9997222222222224,0.9997222222222224
2022-08-11 20:00:00+00:00,0.2,7.3,1.6,8,8,3,20,False,3.0,0.9969444444444444,0.9969444444444444
2022-08-11 21:00:00+00:00,0.0,7.8,1.6,8,3,3,21,False,8.0,0.973611111111111,0.973611111111111
2022-08-11 22:00:00+00:00,0.5,8.6,1.4,8,1,3,22,False,3.0,0.9994444444444442,0.9994444444444442
2022-08-11 23:00:00+00:00,0.8,9.2,1.5,8,0,3,23,False,1.0,0.980833333333333,0.980833333333333
