dateTime,nedør,temp,vind,hour,count,count_last_hour,isHoliday,weekday,month,availability,Mean_close_count_last_hour
2022-03-01 01:00:00,0.0,-0.4,2.2,0,0,,False,1,3,2,0.0
2022-03-01 02:00:00,0.0,-0.5,1.0,1,0,0.0,False,1,3,2,0.0
2022-03-01 03:00:00,0.0,-0.5,1.6,2,0,0.0,False,1,3,2,0.0
2022-03-01 04:00:00,0.0,-0.5,1.0,3,0,0.0,False,1,3,2,0.0
2022-03-01 05:00:00,0.0,-0.4,0.7,4,0,0.0,False,1,3,2,0.0
2022-03-01 06:00:00,0.0,-0.4,0.4,5,0,0.0,False,1,3,2,0.0
2022-03-01 07:00:00,0.0,-0.2,0.7,6,0,0.0,False,1,3,2,0.6666666666666666
2022-03-01 08:00:00,0.0,-0.1,1.2,7,0,0.0,False,1,3,1,0.6666666666666666
2022-03-01 09:00:00,0.0,0.1,1.5,8,0,0.0,False,1,3,1,0.3333333333333333
2022-03-01 10:00:00,0.1,0.4,0.8,9,0,0.0,False,1,3,1,0.0
2022-03-01 11:00:00,0.1,1.1,0.1,10,1,0.0,False,1,3,2,0.0
2022-03-01 12:00:00,0.1,1.4,1.0,11,0,1.0,False,1,3,2,0.0
2022-03-01 13:00:00,0.2,2.0,0.4,12,1,0.0,False,1,3,2,0.3333333333333333
2022-03-01 14:00:00,0.0,2.4,0.7,13,0,1.0,False,1,3,2,0.6666666666666666
2022-03-01 15:00:00,0.1,2.5,0.4,14,0,0.0,False,1,3,1,0.0
2022-03-01 16:00:00,0.0,2.8,1.3,15,0,0.0,False,1,3,1,0.3333333333333333
2022-03-01 17:00:00,0.0,3.2,1.7,16,3,0.0,False,1,3,1,0.3333333333333333
2022-03-01 18:00:00,0.0,3.6,3.4,17,0,3.0,False,1,3,0,0.0
2022-03-01 19:00:00,0.0,3.4,2.7,18,0,0.0,False,1,3,1,0.0
2022-03-01 20:00:00,0.0,3.1,0.5,19,1,0.0,False,1,3,1,0.0
2022-03-01 21:00:00,0.0,2.3,1.7,20,0,1.0,False,1,3,1,0.3333333333333333
2022-03-01 22:00:00,0.0,2.1,5.3,21,0,0.0,False,1,3,2,0.0
2022-03-01 23:00:00,0.0,1.1,2.2,22,0,0.0,False,1,3,2,0.0
2022-03-01 00:00:00,0.0,-0.8,1.2,23,0,0.0,False,1,3,2,0.0
2022-03-02 01:00:00,0.0,-8.8,1.5,0,0,,False,2,3,2,0.0
2022-03-02 02:00:00,0.0,-8.8,1.0,1,0,0.0,False,2,3,2,0.0
2022-03-02 03:00:00,0.0,-8.3,2.2,2,0,0.0,False,2,3,2,0.0
2022-03-02 04:00:00,0.0,-7.4,1.0,3,0,0.0,False,2,3,2,0.0
2022-03-02 05:00:00,0.0,-6.6,2.7,4,0,0.0,False,2,3,2,0.0
2022-03-02 06:00:00,0.0,-6.9,0.5,5,1,0.0,False,2,3,2,0.0
2022-03-02 07:00:00,0.0,-7.0,0.9,6,0,1.0,False,2,3,2,0.0
2022-03-02 08:00:00,0.0,-7.0,0.0,7,1,0.0,False,2,3,3,0.6666666666666666
2022-03-02 09:00:00,0.0,-6.7,0.6,8,1,1.0,False,2,3,2,0.3333333333333333
2022-03-02 10:00:00,0.0,-6.4,1.7,9,0,1.0,False,2,3,1,0.3333333333333333
2022-03-02 11:00:00,0.0,-6.1,2.2,10,1,0.0,False,2,3,0,0.0
2022-03-02 12:00:00,0.1,-5.5,3.3,11,0,1.0,False,2,3,0,0.0
2022-03-02 13:00:00,0.3,-4.9,2.4,12,0,0.0,False,2,3,0,0.0
2022-03-02 14:00:00,0.1,-4.5,2.0,13,0,0.0,False,2,3,0,0.0
2022-03-02 15:00:00,0.4,-4.7,3.7,14,0,0.0,False,2,3,0,0.0
2022-03-02 16:00:00,0.4,-4.5,2.8,15,0,0.0,False,2,3,0,0.0
2022-03-02 17:00:00,0.3,-4.5,3.0,16,0,0.0,False,2,3,0,0.0
2022-03-02 18:00:00,0.4,-4.3,3.0,17,2,0.0,False,2,3,2,0.3333333333333333
2022-03-02 19:00:00,0.8,-4.6,3.4,18,2,2.0,False,2,3,2,0.0
2022-03-02 20:00:00,0.4,-4.0,3.0,19,0,2.0,False,2,3,2,0.3333333333333333
2022-03-02 21:00:00,0.3,-3.7,2.2,20,0,0.0,False,2,3,1,0.0
2022-03-02 22:00:00,0.3,-3.4,2.3,21,0,0.0,False,2,3,1,0.0
2022-03-02 23:00:00,0.4,-3.1,2.3,22,0,0.0,False,2,3,1,0.0
2022-03-02 00:00:00,0.0,-2.6,2.2,23,0,0.0,False,2,3,1,0.0
2022-03-03 01:00:00,0.0,1.2,1.0,0,0,,False,3,3,1,0.0
2022-03-03 02:00:00,0.0,1.5,2.0,1,0,0.0,False,3,3,1,0.0
2022-03-03 03:00:00,0.0,0.1,1.2,2,0,0.0,False,3,3,1,0.0
2022-03-03 04:00:00,0.0,-0.1,1.3,3,0,0.0,False,3,3,1,0.0
2022-03-03 05:00:00,0.0,1.0,2.7,4,0,0.0,False,3,3,1,0.0
2022-03-03 06:00:00,0.0,-1.8,0.8,5,1,0.0,False,3,3,1,0.0
2022-03-03 07:00:00,0.0,-0.7,1.8,6,1,1.0,False,3,3,1,0.0
2022-03-03 08:00:00,0.0,-1.7,2.7,7,0,1.0,False,3,3,2,0.6666666666666666
2022-03-03 09:00:00,0.0,-1.1,1.1,8,1,0.0,False,3,3,1,0.0
2022-03-03 10:00:00,0.0,1.6,0.5,9,0,1.0,False,3,3,1,0.3333333333333333
2022-03-03 11:00:00,0.0,2.1,1.6,10,0,0.0,False,3,3,1,0.0
2022-03-03 12:00:00,0.0,4.8,2.7,11,1,0.0,False,3,3,1,0.6666666666666666
2022-03-03 13:00:00,0.0,5.3,2.9,12,0,1.0,False,3,3,0,0.3333333333333333
2022-03-03 14:00:00,0.0,5.8,1.5,13,1,0.0,False,3,3,0,0.0
2022-03-03 15:00:00,0.0,6.7,2.2,14,0,1.0,False,3,3,0,0.0
2022-03-03 16:00:00,0.0,6.7,1.6,15,1,0.0,False,3,3,0,0.3333333333333333
2022-03-03 17:00:00,0.0,6.6,1.7,16,0,1.0,False,3,3,0,0.0
2022-03-03 18:00:00,0.0,5.2,1.2,17,0,0.0,False,3,3,0,0.3333333333333333
2022-03-03 19:00:00,0.0,2.7,1.1,18,0,0.0,False,3,3,1,0.3333333333333333
2022-03-03 20:00:00,0.0,0.3,1.4,19,1,0.0,False,3,3,0,0.0
2022-03-03 21:00:00,0.0,-0.2,2.3,20,0,1.0,False,3,3,0,0.0
2022-03-03 22:00:00,0.0,-0.9,2.1,21,0,0.0,False,3,3,1,0.3333333333333333
2022-03-03 23:00:00,0.0,-1.5,1.9,22,0,0.0,False,3,3,0,0.0
2022-03-03 00:00:00,0.0,-1.8,2.0,23,0,0.0,False,3,3,1,0.0
2022-03-04 01:00:00,0.0,0.7,0.7,0,0,,False,4,3,2,0.0
2022-03-04 02:00:00,0.0,0.1,0.5,1,0,0.0,False,4,3,2,0.0
2022-03-04 03:00:00,0.0,-0.5,0.9,2,0,0.0,False,4,3,2,0.0
2022-03-04 04:00:00,0.0,-0.9,0.6,3,0,0.0,False,4,3,2,0.0
2022-03-04 05:00:00,0.0,-1.3,1.1,4,0,0.0,False,4,3,2,0.0
2022-03-04 06:00:00,0.0,-1.7,1.5,5,0,0.0,False,4,3,2,0.0
2022-03-04 07:00:00,0.0,-2.2,1.2,6,0,0.0,False,4,3,2,0.0
2022-03-04 08:00:00,0.0,0.2,0.1,7,1,0.0,False,4,3,3,0.6666666666666666
2022-03-04 09:00:00,0.0,1.8,1.1,8,1,1.0,False,4,3,2,0.3333333333333333
2022-03-04 10:00:00,0.0,3.2,1.5,9,0,1.0,False,4,3,1,0.0
2022-03-04 11:00:00,0.0,4.1,2.1,10,0,0.0,False,4,3,1,0.6666666666666666
2022-03-04 12:00:00,0.0,5.7,2.3,11,0,0.0,False,4,3,0,0.0
2022-03-04 13:00:00,0.0,6.5,2.4,12,0,0.0,False,4,3,1,0.0
2022-03-04 14:00:00,0.0,6.7,3.3,13,0,0.0,False,4,3,1,0.3333333333333333
2022-03-04 15:00:00,0.0,7.1,5.0,14,0,0.0,False,4,3,1,0.0
2022-03-04 16:00:00,0.0,7.7,4.7,15,0,0.0,False,4,3,1,0.0
2022-03-04 17:00:00,0.0,7.6,4.7,16,0,0.0,False,4,3,1,0.3333333333333333
2022-03-04 18:00:00,0.0,7.3,3.0,17,0,0.0,False,4,3,0,0.0
2022-03-04 19:00:00,0.0,7.4,2.6,18,0,0.0,False,4,3,0,0.0
2022-03-04 20:00:00,0.0,6.6,4.3,19,0,0.0,False,4,3,0,0.0
2022-03-04 21:00:00,0.0,5.8,4.0,20,0,0.0,False,4,3,0,0.0
2022-03-04 22:00:00,0.0,5.5,3.1,21,0,0.0,False,4,3,0,0.0
2022-03-04 23:00:00,0.0,5.6,3.6,22,1,0.0,False,4,3,0,0.0
2022-03-04 00:00:00,0.0,5.0,2.7,23,0,1.0,False,4,3,1,0.0
2022-03-05 01:00:00,0.0,6.3,2.7,0,0,,False,5,3,1,0.3333333333333333
2022-03-05 02:00:00,0.0,5.4,2.1,1,0,0.0,False,5,3,1,0.0
2022-03-05 03:00:00,0.0,4.7,2.4,2,0,0.0,False,5,3,1,0.0
2022-03-05 04:00:00,0.0,3.3,1.2,3,0,0.0,False,5,3,1,0.0
2022-03-05 05:00:00,0.0,1.8,2.1,4,0,0.0,False,5,3,1,0.0
2022-03-05 06:00:00,0.0,3.6,3.8,5,0,0.0,False,5,3,1,0.0
2022-03-05 07:00:00,0.0,4.3,1.3,6,0,0.0,False,5,3,1,0.0
2022-03-05 08:00:00,0.0,7.0,3.4,7,0,0.0,False,5,3,1,0.0
2022-03-05 09:00:00,0.0,7.9,1.9,8,0,0.0,False,5,3,1,0.3333333333333333
2022-03-05 10:00:00,0.0,8.5,1.7,9,0,0.0,False,5,3,1,0.0
2022-03-05 11:00:00,0.0,8.5,2.6,10,0,0.0,False,5,3,2,0.0
2022-03-05 12:00:00,0.0,10.8,1.8,11,0,0.0,False,5,3,3,0.0
2022-03-05 13:00:00,0.0,10.5,2.8,12,0,0.0,False,5,3,3,1.3333333333333333
2022-03-05 14:00:00,0.0,12.4,2.3,13,0,0.0,False,5,3,0,0.3333333333333333
2022-03-05 15:00:00,0.0,12.7,2.7,14,0,0.0,False,5,3,0,0.0
2022-03-05 16:00:00,0.0,13.1,2.3,15,0,0.0,False,5,3,0,0.0
2022-03-05 17:00:00,0.0,13.1,3.7,16,0,0.0,False,5,3,0,0.0
2022-03-05 18:00:00,0.0,12.2,5.3,17,0,0.0,False,5,3,1,0.0
2022-03-05 19:00:00,0.0,11.1,5.6,18,0,0.0,False,5,3,1,0.3333333333333333
2022-03-05 20:00:00,0.0,10.0,3.3,19,0,0.0,False,5,3,1,0.3333333333333333
2022-03-05 21:00:00,0.0,8.4,1.8,20,0,0.0,False,5,3,1,0.0
2022-03-05 22:00:00,0.0,8.0,2.6,21,0,0.0,False,5,3,1,0.0
2022-03-05 23:00:00,0.0,5.5,1.9,22,0,0.0,False,5,3,2,0.0
2022-03-05 00:00:00,0.0,4.6,3.1,23,0,0.0,False,5,3,2,0.0
2022-03-06 01:00:00,0.0,9.9,0.4,0,0,,False,6,3,2,0.0
2022-03-06 02:00:00,0.0,10.2,0.6,1,0,0.0,False,6,3,2,0.0
2022-03-06 03:00:00,0.0,9.5,1.4,2,0,0.0,False,6,3,2,0.0
2022-03-06 04:00:00,0.0,9.6,0.3,3,0,0.0,False,6,3,2,0.0
2022-03-06 05:00:00,0.0,9.4,0.5,4,0,0.0,False,6,3,2,0.0
2022-03-06 06:00:00,0.0,10.1,0.9,5,0,0.0,False,6,3,2,0.0
2022-03-06 07:00:00,0.0,12.2,1.0,6,0,0.0,False,6,3,2,0.0
2022-03-06 08:00:00,0.0,14.4,1.7,7,0,0.0,False,6,3,2,0.0
2022-03-06 09:00:00,0.0,14.8,1.9,8,0,0.0,False,6,3,2,0.3333333333333333
2022-03-06 10:00:00,0.0,16.3,2.8,9,0,0.0,False,6,3,1,0.0
2022-03-06 11:00:00,0.0,15.8,5.6,10,0,0.0,False,6,3,1,0.3333333333333333
2022-03-06 12:00:00,0.1,16.7,3.8,11,0,0.0,False,6,3,0,0.0
2022-03-06 13:00:00,0.0,16.0,3.7,12,0,0.0,False,6,3,0,0.0
2022-03-06 14:00:00,0.0,18.1,4.8,13,0,0.0,False,6,3,0,0.0
2022-03-06 15:00:00,0.0,17.8,2.6,14,1,0.0,False,6,3,0,0.0
2022-03-06 16:00:00,1.1,13.8,2.2,15,0,1.0,False,6,3,0,0.0
2022-03-06 17:00:00,0.0,15.4,1.9,16,0,0.0,False,6,3,0,0.0
2022-03-06 18:00:00,0.0,16.6,1.5,17,1,0.0,False,6,3,0,0.0
2022-03-06 19:00:00,0.0,15.5,1.1,18,0,1.0,False,6,3,0,0.0
2022-03-06 20:00:00,1.9,13.1,2.4,19,0,0.0,False,6,3,0,0.0
2022-03-06 21:00:00,2.3,12.3,1.1,20,0,0.0,False,6,3,0,0.0
2022-03-06 22:00:00,0.0,12.2,1.6,21,0,0.0,False,6,3,0,0.0
2022-03-06 23:00:00,0.0,10.8,1.3,22,0,0.0,False,6,3,0,0.0
2022-03-06 00:00:00,0.0,10.4,0.7,23,0,0.0,False,6,3,0,0.0
2022-03-07 01:00:00,0.0,15.5,3.7,0,0,,False,0,3,0,0.0
2022-03-07 02:00:00,0.0,15.1,3.0,1,0,0.0,False,0,3,0,0.0
2022-03-07 03:00:00,0.0,15.2,4.1,2,0,0.0,False,0,3,0,0.0
2022-03-07 04:00:00,0.0,15.2,4.2,3,0,0.0,False,0,3,0,0.0
2022-03-07 05:00:00,0.0,15.1,4.4,4,0,0.0,False,0,3,0,0.0
2022-03-07 06:00:00,0.0,14.8,2.9,5,0,0.0,False,0,3,0,0.0
2022-03-07 07:00:00,0.0,15.0,3.4,6,0,0.0,False,0,3,0,0.0
2022-03-07 08:00:00,0.0,14.8,3.7,7,0,0.0,False,0,3,0,0.0
2022-03-07 09:00:00,0.2,15.4,3.1,8,0,0.0,False,0,3,0,0.0
2022-03-07 10:00:00,0.0,15.1,4.0,9,0,0.0,False,0,3,1,0.3333333333333333
2022-03-07 11:00:00,0.0,18.0,5.0,10,0,0.0,False,0,3,1,0.0
2022-03-07 12:00:00,0.0,17.1,5.9,11,0,0.0,False,0,3,1,0.0
2022-03-07 13:00:00,0.0,17.0,6.5,12,0,0.0,False,0,3,1,0.0
2022-03-07 14:00:00,3.3,13.4,1.6,13,0,0.0,False,0,3,1,0.0
2022-03-07 15:00:00,0.1,16.4,3.1,14,0,0.0,False,0,3,1,0.3333333333333333
2022-03-07 16:00:00,0.0,17.7,4.6,15,0,0.0,False,0,3,1,0.0
2022-03-07 17:00:00,0.0,18.0,4.2,16,0,0.0,False,0,3,0,0.3333333333333333
2022-03-07 18:00:00,0.0,18.6,4.7,17,1,0.0,False,0,3,1,0.0
2022-03-07 19:00:00,0.0,18.5,3.5,18,0,1.0,False,0,3,1,0.0
2022-03-07 20:00:00,0.0,18.0,3.6,19,1,0.0,False,0,3,1,0.0
2022-03-07 21:00:00,0.0,17.2,4.1,20,0,1.0,False,0,3,1,0.0
2022-03-07 22:00:00,0.0,16.3,4.0,21,0,0.0,False,0,3,1,0.0
2022-03-07 23:00:00,0.0,15.2,1.6,22,0,0.0,False,0,3,1,0.3333333333333333
2022-03-07 00:00:00,0.0,14.7,2.0,23,0,0.0,False,0,3,1,0.0
2022-03-08 01:00:00,0.5,15.0,1.7,0,0,,False,1,3,1,0.0
2022-03-08 02:00:00,0.3,15.7,1.5,1,0,0.0,False,1,3,1,0.0
2022-03-08 03:00:00,0.0,15.8,1.0,2,0,0.0,False,1,3,1,0.0
2022-03-08 04:00:00,0.0,16.3,2.1,3,0,0.0,False,1,3,1,0.0
2022-03-08 05:00:00,0.0,16.5,3.5,4,0,0.0,False,1,3,1,0.0
2022-03-08 06:00:00,0.0,16.5,2.9,5,0,0.0,False,1,3,1,0.0
2022-03-08 07:00:00,0.0,16.8,3.6,6,2,0.0,False,1,3,1,0.0
2022-03-08 08:00:00,0.0,17.0,4.5,7,0,2.0,False,1,3,2,0.6666666666666666
2022-03-08 09:00:00,0.0,17.8,4.1,8,0,0.0,False,1,3,0,0.0
2022-03-08 10:00:00,0.0,18.1,4.4,9,0,0.0,False,1,3,1,0.6666666666666666
2022-03-08 11:00:00,0.0,19.2,3.7,10,0,0.0,False,1,3,0,0.0
2022-03-08 12:00:00,0.0,19.7,5.2,11,0,0.0,False,1,3,0,0.0
2022-03-08 13:00:00,0.0,21.3,4.3,12,1,0.0,False,1,3,0,0.0
2022-03-08 14:00:00,0.0,20.6,4.0,13,0,1.0,False,1,3,0,0.0
2022-03-08 15:00:00,0.0,20.5,5.8,14,0,0.0,False,1,3,0,0.0
2022-03-08 16:00:00,0.0,20.3,4.7,15,0,0.0,False,1,3,0,0.0
2022-03-08 17:00:00,0.0,20.7,5.7,16,0,0.0,False,1,3,0,0.0
2022-03-08 18:00:00,0.0,20.5,7.5,17,0,0.0,False,1,3,0,0.6666666666666666
2022-03-08 19:00:00,0.0,19.3,5.9,18,0,0.0,False,1,3,1,0.3333333333333333
2022-03-08 20:00:00,0.0,18.9,5.5,19,0,0.0,False,1,3,1,0.0
2022-03-08 21:00:00,0.0,18.4,5.6,20,1,0.0,False,1,3,1,0.0
2022-03-08 22:00:00,0.0,17.5,3.4,21,0,1.0,False,1,3,1,0.6666666666666666
2022-03-08 23:00:00,0.0,17.1,3.3,22,0,0.0,False,1,3,1,0.0
2022-03-08 00:00:00,0.0,16.3,2.6,23,0,0.0,False,1,3,2,0.0
2022-03-09 01:00:00,1.6,11.6,1.7,0,0,,False,2,3,2,0.0
2022-03-09 02:00:00,0.5,11.7,2.0,1,0,0.0,False,2,3,2,0.0
2022-03-09 03:00:00,0.0,11.5,1.2,2,0,0.0,False,2,3,2,0.0
2022-03-09 04:00:00,0.0,11.5,1.2,3,0,0.0,False,2,3,2,0.0
2022-03-09 05:00:00,0.0,11.3,1.3,4,0,0.0,False,2,3,2,0.0
2022-03-09 06:00:00,0.0,11.3,0.8,5,0,0.0,False,2,3,2,0.0
2022-03-09 07:00:00,0.0,11.3,1.5,6,0,0.0,False,2,3,2,0.3333333333333333
2022-03-09 08:00:00,0.0,11.4,1.8,7,0,0.0,False,2,3,1,0.0
2022-03-09 09:00:00,0.0,12.2,1.3,8,0,0.0,False,2,3,1,0.3333333333333333
2022-03-09 10:00:00,0.0,13.1,1.4,9,0,0.0,False,2,3,0,0.0
2022-03-09 11:00:00,0.0,13.3,3.0,10,0,0.0,False,2,3,0,0.0
2022-03-09 12:00:00,0.0,13.3,2.8,11,0,0.0,False,2,3,0,0.0
2022-03-09 13:00:00,0.0,13.2,3.7,12,0,0.0,False,2,3,0,0.0
2022-03-09 14:00:00,0.0,13.6,4.0,13,0,0.0,False,2,3,0,0.0
2022-03-09 15:00:00,0.0,13.9,1.9,14,1,0.0,False,2,3,0,0.0
2022-03-09 16:00:00,0.0,14.3,2.0,15,2,1.0,False,2,3,1,0.3333333333333333
2022-03-09 17:00:00,0.0,14.1,2.7,16,1,2.0,False,2,3,1,0.0
2022-03-09 18:00:00,0.0,14.2,1.7,17,0,1.0,False,2,3,2,0.6666666666666666
2022-03-09 19:00:00,0.0,14.1,1.7,18,0,0.0,False,2,3,1,0.3333333333333333
2022-03-09 20:00:00,0.0,12.9,1.6,19,1,0.0,False,2,3,1,0.0
2022-03-09 21:00:00,0.0,11.8,2.9,20,0,1.0,False,2,3,1,0.3333333333333333
2022-03-09 22:00:00,0.0,11.4,2.4,21,0,0.0,False,2,3,0,0.0
2022-03-09 23:00:00,0.0,10.9,1.7,22,0,0.0,False,2,3,0,0.0
2022-03-09 00:00:00,0.0,11.2,2.6,23,0,0.0,False,2,3,0,0.0
2022-03-10 01:00:00,0.0,6.0,1.5,0,0,,False,3,3,0,0.0
2022-03-10 02:00:00,0.0,5.4,1.3,1,0,0.0,False,3,3,0,0.0
2022-03-10 03:00:00,0.0,5.9,1.6,2,0,0.0,False,3,3,0,0.0
2022-03-10 04:00:00,0.0,6.0,0.8,3,0,0.0,False,3,3,0,0.0
2022-03-10 05:00:00,0.0,5.9,1.4,4,0,0.0,False,3,3,0,0.0
2022-03-10 06:00:00,0.0,4.6,1.0,5,1,0.0,False,3,3,0,0.0
2022-03-10 07:00:00,0.0,3.9,1.5,6,0,1.0,False,3,3,0,0.0
2022-03-10 08:00:00,0.0,4.3,0.5,7,4,0.0,False,3,3,1,0.0
2022-03-10 09:00:00,0.0,6.7,1.0,8,0,4.0,False,3,3,1,0.0
2022-03-10 10:00:00,0.0,9.1,1.2,9,0,0.0,False,3,3,1,0.0
2022-03-10 11:00:00,0.0,11.5,1.2,10,0,0.0,False,3,3,1,0.3333333333333333
2022-03-10 12:00:00,0.0,14.1,3.6,11,0,0.0,False,3,3,1,0.0
2022-03-10 13:00:00,0.0,15.5,2.4,12,0,0.0,False,3,3,1,0.0
2022-03-10 14:00:00,0.1,16.0,3.0,13,0,0.0,False,3,3,1,0.0
2022-03-10 15:00:00,0.0,16.9,1.0,14,1,0.0,False,3,3,2,0.0
2022-03-10 16:00:00,0.0,15.8,1.1,15,0,1.0,False,3,3,2,0.6666666666666666
2022-03-10 17:00:00,0.0,15.6,0.8,16,0,0.0,False,3,3,1,0.0
2022-03-10 18:00:00,0.0,13.8,1.3,17,2,0.0,False,3,3,2,0.3333333333333333
2022-03-10 19:00:00,0.0,10.1,2.3,18,0,2.0,False,3,3,2,0.3333333333333333
2022-03-10 20:00:00,0.0,9.3,3.4,19,0,0.0,False,3,3,2,0.0
2022-03-10 21:00:00,0.0,7.6,1.0,20,0,0.0,False,3,3,2,0.3333333333333333
2022-03-10 22:00:00,0.0,6.8,1.7,21,0,0.0,False,3,3,2,0.0
2022-03-10 23:00:00,0.0,6.6,3.0,22,0,0.0,False,3,3,2,0.0
2022-03-10 00:00:00,0.0,6.4,1.8,23,0,0.0,False,3,3,2,0.0
2022-03-11 01:00:00,0.0,6.1,2.3,0,0,,False,4,3,2,0.0
2022-03-11 02:00:00,0.0,5.6,1.6,1,0,0.0,False,4,3,2,0.0
2022-03-11 03:00:00,0.0,5.5,1.0,2,0,0.0,False,4,3,2,0.0
2022-03-11 04:00:00,0.0,5.3,1.2,3,0,0.0,False,4,3,2,0.0
2022-03-11 05:00:00,0.0,5.2,2.0,4,0,0.0,False,4,3,2,0.0
2022-03-11 06:00:00,0.0,6.2,2.6,5,0,0.0,False,4,3,2,0.0
2022-03-11 07:00:00,0.1,8.4,3.9,6,1,0.0,False,4,3,2,0.6666666666666666
2022-03-11 08:00:00,0.3,9.0,3.8,7,1,1.0,False,4,3,2,0.3333333333333333
2022-03-11 09:00:00,0.3,9.3,4.7,8,0,1.0,False,4,3,2,0.6666666666666666
2022-03-11 10:00:00,0.4,9.1,3.5,9,0,0.0,False,4,3,1,0.3333333333333333
2022-03-11 11:00:00,0.9,9.5,4.6,10,0,0.0,False,4,3,0,0.0
2022-03-11 12:00:00,0.3,9.7,5.3,11,0,0.0,False,4,3,0,0.0
2022-03-11 13:00:00,0.0,10.4,5.5,12,0,0.0,False,4,3,0,0.0
2022-03-11 14:00:00,0.0,10.5,4.4,13,0,0.0,False,4,3,0,0.3333333333333333
2022-03-11 15:00:00,0.0,10.8,4.2,14,0,0.0,False,4,3,0,0.0
2022-03-11 16:00:00,1.0,10.5,2.5,15,0,0.0,False,4,3,1,0.0
2022-03-11 17:00:00,0.7,10.3,3.4,16,0,0.0,False,4,3,2,1.3333333333333333
2022-03-11 18:00:00,0.4,10.3,3.1,17,0,0.0,False,4,3,2,0.6666666666666666
2022-03-11 19:00:00,0.3,10.3,2.2,18,0,0.0,False,4,3,1,0.6666666666666666
2022-03-11 20:00:00,0.8,10.0,3.2,19,1,0.0,False,4,3,0,0.0
2022-03-11 21:00:00,0.4,9.9,3.3,20,0,1.0,False,4,3,0,0.3333333333333333
2022-03-11 22:00:00,0.1,10.1,4.4,21,0,0.0,False,4,3,0,0.0
2022-03-11 23:00:00,0.1,10.2,3.6,22,0,0.0,False,4,3,0,0.0
2022-03-11 00:00:00,0.0,10.3,4.0,23,0,0.0,False,4,3,1,0.0
2022-03-13 01:00:00,0.0,-0.6,1.9,0,0,,False,6,3,0,0.0
2022-03-13 02:00:00,0.0,-0.5,2.2,1,0,0.0,False,6,3,0,0.0
2022-03-13 03:00:00,0.0,-0.9,3.2,2,0,0.0,False,6,3,0,0.0
2022-03-13 04:00:00,0.0,-0.7,4.2,3,0,0.0,False,6,3,0,0.0
2022-03-13 05:00:00,0.0,-1.1,3.2,4,0,0.0,False,6,3,0,0.0
2022-03-13 06:00:00,0.0,-0.9,2.9,5,0,0.0,False,6,3,0,0.0
2022-03-13 07:00:00,0.0,-1.6,2.3,6,0,0.0,False,6,3,0,0.0
2022-03-13 08:00:00,0.0,-1.4,3.6,7,0,0.0,False,6,3,0,0.0
2022-03-13 09:00:00,0.0,-0.4,3.4,8,0,0.0,False,6,3,0,0.0
2022-03-13 10:00:00,0.0,1.8,0.7,9,1,0.0,False,6,3,0,0.0
2022-03-13 11:00:00,0.0,3.3,2.0,10,0,1.0,False,6,3,0,0.0
2022-03-13 12:00:00,0.0,4.9,2.3,11,0,0.0,False,6,3,0,0.0
2022-03-13 13:00:00,0.0,5.7,1.8,12,0,0.0,False,6,3,0,0.0
2022-03-13 14:00:00,0.0,6.8,2.5,13,0,0.0,False,6,3,1,0.0
2022-03-13 15:00:00,0.0,7.3,2.0,14,0,0.0,False,6,3,1,0.3333333333333333
2022-03-13 16:00:00,0.0,8.1,1.8,15,0,0.0,False,6,3,0,0.0
2022-03-13 17:00:00,0.0,8.2,0.8,16,1,0.0,False,6,3,1,0.0
2022-03-13 18:00:00,0.0,7.4,1.2,17,1,1.0,False,6,3,2,0.6666666666666666
2022-03-13 19:00:00,0.0,4.9,2.9,18,0,1.0,False,6,3,1,0.0
2022-03-13 20:00:00,0.0,2.7,3.8,19,0,0.0,False,6,3,1,0.0
2022-03-13 21:00:00,0.0,2.6,2.9,20,0,0.0,False,6,3,1,0.3333333333333333
2022-03-13 22:00:00,0.0,2.7,3.4,21,0,0.0,False,6,3,0,0.0
2022-03-13 23:00:00,0.0,2.9,3.1,22,0,0.0,False,6,3,1,0.3333333333333333
2022-03-13 00:00:00,0.0,2.8,3.4,23,0,0.0,False,6,3,0,0.0
2022-03-14 01:00:00,0.0,2.1,3.6,0,0,,False,0,3,0,0.3333333333333333
2022-03-14 02:00:00,0.0,1.0,3.4,1,0,0.0,False,0,3,0,0.0
2022-03-14 03:00:00,0.0,1.4,3.6,2,0,0.0,False,0,3,0,0.0
2022-03-14 04:00:00,0.0,1.1,3.7,3,0,0.0,False,0,3,0,0.0
2022-03-14 05:00:00,0.0,1.0,3.9,4,0,0.0,False,0,3,0,0.0
2022-03-14 06:00:00,0.0,0.3,2.9,5,1,0.0,False,0,3,0,0.0
2022-03-14 07:00:00,0.0,0.0,2.8,6,0,1.0,False,0,3,0,0.0
2022-03-14 08:00:00,0.0,-0.9,1.2,7,0,0.0,False,0,3,0,0.0
2022-03-14 09:00:00,0.0,1.6,4.0,8,0,0.0,False,0,3,0,0.0
2022-03-14 10:00:00,0.0,3.2,3.1,9,0,0.0,False,0,3,0,0.0
2022-03-14 11:00:00,0.0,4.8,1.2,10,0,0.0,False,0,3,0,0.0
2022-03-14 12:00:00,0.0,6.0,1.5,11,0,0.0,False,0,3,0,0.0
2022-03-14 13:00:00,0.0,7.1,1.5,12,0,0.0,False,0,3,0,0.0
2022-03-14 14:00:00,0.0,8.0,1.6,13,0,0.0,False,0,3,2,0.6666666666666666
2022-03-14 15:00:00,0.0,9.0,1.8,14,0,0.0,False,0,3,2,0.3333333333333333
2022-03-14 16:00:00,0.0,9.3,2.1,15,0,0.0,False,0,3,2,0.3333333333333333
2022-03-14 17:00:00,0.0,9.9,0.6,16,0,0.0,False,0,3,2,0.3333333333333333
2022-03-14 18:00:00,0.0,8.8,1.6,17,1,0.0,False,0,3,2,0.3333333333333333
2022-03-14 19:00:00,0.0,6.6,0.8,18,0,1.0,False,0,3,3,0.6666666666666666
2022-03-14 20:00:00,0.0,3.3,3.2,19,0,0.0,False,0,3,3,0.6666666666666666
2022-03-14 21:00:00,0.0,2.3,2.7,20,0,0.0,False,0,3,3,0.3333333333333333
2022-03-14 22:00:00,0.0,1.4,3.0,21,0,0.0,False,0,3,3,0.3333333333333333
2022-03-14 23:00:00,0.0,1.2,2.6,22,0,0.0,False,0,3,3,0.0
2022-03-14 00:00:00,0.0,-0.7,1.1,23,0,0.0,False,0,3,3,0.0
2022-03-15 01:00:00,0.0,-0.6,1.8,0,0,,False,1,3,3,0.0
2022-03-15 02:00:00,0.0,-0.8,1.3,1,0,0.0,False,1,3,3,0.0
2022-03-15 03:00:00,0.0,-1.5,1.0,2,0,0.0,False,1,3,3,0.0
2022-03-15 04:00:00,0.0,-2.1,1.1,3,0,0.0,False,1,3,3,0.0
2022-03-15 05:00:00,0.0,-2.5,0.3,4,0,0.0,False,1,3,3,0.0
2022-03-15 06:00:00,0.0,-2.8,0.4,5,0,0.0,False,1,3,3,0.0
2022-03-15 07:00:00,0.0,-2.9,2.2,6,2,0.0,False,1,3,3,0.3333333333333333
2022-03-15 08:00:00,0.0,-2.4,2.4,7,0,2.0,False,1,3,2,0.3333333333333333
2022-03-15 09:00:00,0.0,-0.9,1.6,8,0,0.0,False,1,3,1,0.3333333333333333
2022-03-15 10:00:00,0.0,1.2,1.1,9,0,0.0,False,1,3,0,0.0
2022-03-15 11:00:00,0.0,3.7,0.6,10,1,0.0,False,1,3,0,0.0
2022-03-15 12:00:00,0.0,4.1,2.0,11,0,1.0,False,1,3,0,0.0
2022-03-15 13:00:00,0.0,5.3,1.4,12,0,0.0,False,1,3,1,0.6666666666666666
2022-03-15 14:00:00,0.0,7.3,1.1,13,2,0.0,False,1,3,0,0.0
2022-03-15 15:00:00,0.0,7.4,2.2,14,0,2.0,False,1,3,0,0.0
2022-03-15 16:00:00,0.0,7.9,2.4,15,0,0.0,False,1,3,0,0.0
2022-03-15 17:00:00,0.0,5.8,2.7,16,0,0.0,False,1,3,0,0.0
2022-03-15 18:00:00,0.0,5.5,1.2,17,0,0.0,False,1,3,0,0.3333333333333333
2022-03-15 19:00:00,0.0,4.9,1.2,18,0,0.0,False,1,3,1,0.6666666666666666
2022-03-15 20:00:00,0.0,3.7,1.1,19,0,0.0,False,1,3,0,0.0
2022-03-15 21:00:00,0.0,2.6,0.9,20,0,0.0,False,1,3,0,0.0
2022-03-15 22:00:00,0.0,3.4,1.8,21,0,0.0,False,1,3,0,0.0
2022-03-15 23:00:00,0.0,1.3,0.7,22,0,0.0,False,1,3,1,0.3333333333333333
2022-03-15 00:00:00,0.0,0.5,0.9,23,0,0.0,False,1,3,0,0.0
2022-03-16 01:00:00,0.0,-0.3,1.2,0,0,,False,2,3,0,0.0
2022-03-16 02:00:00,0.0,0.4,0.8,1,0,0.0,False,2,3,0,0.0
2022-03-16 03:00:00,0.0,0.7,1.6,2,0,0.0,False,2,3,0,0.0
2022-03-16 04:00:00,0.0,0.5,1.2,3,0,0.0,False,2,3,0,0.0
2022-03-16 05:00:00,0.0,0.5,1.1,4,0,0.0,False,2,3,0,0.0
2022-03-16 06:00:00,0.0,0.4,1.0,5,3,0.0,False,2,3,0,0.0
2022-03-16 07:00:00,0.0,0.4,0.7,6,1,3.0,False,2,3,0,0.0
2022-03-16 08:00:00,0.0,0.6,1.0,7,0,1.0,False,2,3,0,0.0
2022-03-16 09:00:00,0.0,1.0,1.0,8,0,0.0,False,2,3,0,0.0
2022-03-16 10:00:00,0.0,1.3,2.0,9,0,0.0,False,2,3,0,0.0
2022-03-16 11:00:00,0.0,1.3,1.3,10,1,0.0,False,2,3,0,0.0
2022-03-16 12:00:00,0.0,1.6,1.3,11,1,1.0,False,2,3,0,0.0
2022-03-16 13:00:00,0.0,2.3,1.5,12,0,1.0,False,2,3,0,0.0
2022-03-16 14:00:00,0.0,2.6,2.0,13,1,0.0,False,2,3,0,0.0
2022-03-16 15:00:00,0.0,3.2,1.5,14,0,1.0,False,2,3,0,0.0
2022-03-16 16:00:00,0.0,3.0,1.9,15,1,0.0,False,2,3,0,0.0
2022-03-16 17:00:00,0.0,3.9,2.1,16,0,1.0,False,2,3,0,0.0
2022-03-16 18:00:00,0.0,3.9,3.2,17,0,0.0,False,2,3,1,0.0
2022-03-16 19:00:00,0.0,3.9,2.6,18,1,0.0,False,2,3,1,0.0
2022-03-16 20:00:00,0.0,4.0,2.0,19,1,1.0,False,2,3,1,0.0
2022-03-16 21:00:00,0.0,3.7,2.4,20,0,1.0,False,2,3,2,0.0
2022-03-16 22:00:00,0.0,3.5,2.6,21,0,0.0,False,2,3,2,0.0
2022-03-16 23:00:00,0.0,3.2,2.2,22,0,0.0,False,2,3,2,0.3333333333333333
2022-03-16 00:00:00,0.0,3.1,1.6,23,0,0.0,False,2,3,2,0.0
2022-03-17 01:00:00,0.0,2.8,1.6,0,0,,False,3,3,2,0.0
2022-03-17 02:00:00,0.0,2.7,0.6,1,0,0.0,False,3,3,2,0.0
2022-03-17 03:00:00,0.0,2.6,1.8,2,0,0.0,False,3,3,2,0.0
2022-03-17 04:00:00,0.0,2.5,2.4,3,0,0.0,False,3,3,2,0.0
2022-03-17 05:00:00,0.0,1.9,3.4,4,0,0.0,False,3,3,2,0.0
2022-03-17 06:00:00,0.0,1.6,3.3,5,0,0.0,False,3,3,2,0.0
2022-03-17 07:00:00,0.0,1.5,3.4,6,0,0.0,False,3,3,2,0.3333333333333333
2022-03-17 08:00:00,0.0,1.5,3.8,7,0,0.0,False,3,3,3,1.0
2022-03-17 09:00:00,0.0,1.5,3.9,8,0,0.0,False,3,3,1,0.3333333333333333
2022-03-17 10:00:00,0.0,1.8,4.1,9,0,0.0,False,3,3,0,0.0
2022-03-17 11:00:00,0.0,2.0,2.2,10,1,0.0,False,3,3,0,0.0
2022-03-17 12:00:00,0.0,2.0,3.1,11,1,1.0,False,3,3,0,0.0
2022-03-17 13:00:00,0.0,2.2,2.7,12,0,1.0,False,3,3,0,0.0
2022-03-17 14:00:00,0.0,2.6,3.0,13,0,0.0,False,3,3,0,0.0
2022-03-17 15:00:00,0.0,3.3,3.2,14,0,0.0,False,3,3,0,0.0
2022-03-17 16:00:00,0.0,3.7,4.3,15,0,0.0,False,3,3,1,0.3333333333333333
2022-03-17 17:00:00,0.1,3.5,3.1,16,0,0.0,False,3,3,0,0.0
2022-03-17 18:00:00,0.4,2.3,2.2,17,0,0.0,False,3,3,0,0.0
2022-03-17 19:00:00,1.4,2.0,1.7,18,0,0.0,False,3,3,0,0.0
2022-03-17 20:00:00,0.3,2.2,2.2,19,0,0.0,False,3,3,0,0.0
2022-03-17 21:00:00,0.2,2.2,2.3,20,0,0.0,False,3,3,0,0.0
2022-03-17 22:00:00,0.0,2.3,2.9,21,0,0.0,False,3,3,0,0.0
2022-03-17 23:00:00,0.0,2.7,1.2,22,0,0.0,False,3,3,1,0.0
2022-03-17 00:00:00,0.0,2.6,0.7,23,0,0.0,False,3,3,1,0.0
2022-03-18 01:00:00,0.0,2.7,1.6,0,0,,False,4,3,1,0.3333333333333333
2022-03-18 02:00:00,0.0,2.4,1.9,1,0,0.0,False,4,3,1,0.0
2022-03-18 03:00:00,0.0,1.9,2.6,2,0,0.0,False,4,3,1,0.0
2022-03-18 04:00:00,0.0,1.7,2.2,3,0,0.0,False,4,3,1,0.0
2022-03-18 05:00:00,0.0,1.7,1.9,4,0,0.0,False,4,3,1,0.0
2022-03-18 06:00:00,0.0,1.7,1.9,5,0,0.0,False,4,3,1,0.0
2022-03-18 07:00:00,0.0,1.6,1.4,6,0,0.0,False,4,3,1,0.3333333333333333
2022-03-18 08:00:00,0.0,1.4,1.9,7,0,0.0,False,4,3,1,0.0
2022-03-18 09:00:00,0.0,1.5,1.4,8,0,0.0,False,4,3,2,0.6666666666666666
2022-03-18 10:00:00,0.0,2.4,2.0,9,0,0.0,False,4,3,1,0.3333333333333333
2022-03-18 11:00:00,0.0,3.9,3.0,10,0,0.0,False,4,3,0,0.0
2022-03-18 12:00:00,0.0,6.2,1.6,11,0,0.0,False,4,3,0,0.0
2022-03-18 13:00:00,0.0,8.4,3.4,12,0,0.0,False,4,3,0,0.0
2022-03-18 14:00:00,0.0,9.3,2.1,13,0,0.0,False,4,3,1,0.0
2022-03-18 15:00:00,0.0,9.8,2.3,14,1,0.0,False,4,3,1,0.0
2022-03-18 16:00:00,0.0,10.0,4.3,15,0,1.0,False,4,3,1,0.3333333333333333
2022-03-18 17:00:00,0.0,10.4,4.3,16,0,0.0,False,4,3,0,0.3333333333333333
2022-03-18 18:00:00,0.0,9.9,3.5,17,1,0.0,False,4,3,1,0.0
2022-03-18 19:00:00,0.0,8.5,2.7,18,0,1.0,False,4,3,1,0.6666666666666666
2022-03-18 20:00:00,0.0,6.7,3.5,19,1,0.0,False,4,3,0,0.0
2022-03-18 21:00:00,0.0,4.6,1.6,20,0,1.0,False,4,3,0,0.0
2022-03-18 22:00:00,0.0,3.0,1.9,21,0,0.0,False,4,3,1,0.0
2022-03-18 23:00:00,0.0,1.4,1.2,22,0,0.0,False,4,3,1,0.0
2022-03-18 00:00:00,0.0,0.8,1.1,23,0,0.0,False,4,3,1,0.0
2022-03-19 01:00:00,0.0,0.0,0.6,0,0,,False,5,3,1,0.0
2022-03-19 02:00:00,0.0,-0.9,0.2,1,0,0.0,False,5,3,1,0.0
2022-03-19 03:00:00,0.0,-0.8,2.3,2,0,0.0,False,5,3,1,0.0
2022-03-19 04:00:00,0.0,-0.9,1.7,3,0,0.0,False,5,3,1,0.0
2022-03-19 05:00:00,0.0,-1.4,0.2,4,0,0.0,False,5,3,1,0.0
2022-03-19 06:00:00,0.0,-1.6,0.5,5,0,0.0,False,5,3,1,0.0
2022-03-19 07:00:00,0.0,-1.5,2.4,6,1,0.0,False,5,3,1,0.3333333333333333
2022-03-19 08:00:00,0.0,-0.5,0.6,7,2,1.0,False,5,3,1,0.0
2022-03-19 09:00:00,0.0,1.8,0.9,8,0,2.0,False,5,3,1,0.3333333333333333
2022-03-19 10:00:00,0.0,2.8,0.3,9,0,0.0,False,5,3,0,0.0
2022-03-19 11:00:00,0.0,4.1,1.9,10,1,0.0,False,5,3,0,0.0
2022-03-19 12:00:00,0.0,6.1,2.1,11,0,1.0,False,5,3,0,0.0
2022-03-19 13:00:00,0.0,7.6,1.7,12,0,0.0,False,5,3,1,0.0
2022-03-19 14:00:00,0.0,9.2,1.2,13,0,0.0,False,5,3,1,0.3333333333333333
2022-03-19 15:00:00,0.0,10.7,2.1,14,0,0.0,False,5,3,0,0.0
2022-03-19 16:00:00,0.0,11.2,1.9,15,0,0.0,False,5,3,0,0.3333333333333333
2022-03-19 17:00:00,0.0,10.5,1.8,16,1,0.0,False,5,3,1,0.3333333333333333
2022-03-19 18:00:00,0.0,9.6,2.4,17,0,1.0,False,5,3,1,0.3333333333333333
2022-03-19 19:00:00,0.0,8.4,1.0,18,0,0.0,False,5,3,0,0.0
2022-03-19 20:00:00,0.0,5.6,1.2,19,0,0.0,False,5,3,1,0.0
2022-03-19 21:00:00,0.0,3.3,0.7,20,0,0.0,False,5,3,1,0.3333333333333333
2022-03-19 22:00:00,0.0,2.1,1.5,21,0,0.0,False,5,3,0,0.0
2022-03-19 23:00:00,0.0,0.9,1.7,22,0,0.0,False,5,3,0,0.0
2022-03-19 00:00:00,0.0,0.6,1.5,23,0,0.0,False,5,3,0,0.0
2022-03-20 01:00:00,0.0,0.7,2.8,0,0,,False,6,3,0,0.0
2022-03-20 02:00:00,0.0,1.1,2.4,1,0,0.0,False,6,3,0,0.0
2022-03-20 03:00:00,0.0,-0.4,0.7,2,0,0.0,False,6,3,0,0.0
2022-03-20 04:00:00,0.0,-0.8,1.6,3,0,0.0,False,6,3,0,0.0
2022-03-20 05:00:00,0.0,-1.3,0.4,4,0,0.0,False,6,3,0,0.0
2022-03-20 06:00:00,0.0,-1.5,1.6,5,0,0.0,False,6,3,0,0.0
2022-03-20 07:00:00,0.0,-0.2,2.6,6,0,0.0,False,6,3,0,0.0
2022-03-20 08:00:00,0.0,-1.4,1.0,7,0,0.0,False,6,3,0,0.0
2022-03-20 09:00:00,0.0,2.0,0.1,8,0,0.0,False,6,3,0,0.0
2022-03-20 10:00:00,0.0,3.9,0.9,9,0,0.0,False,6,3,0,0.0
2022-03-20 11:00:00,0.0,6.0,1.0,10,0,0.0,False,6,3,0,0.0
2022-03-20 12:00:00,0.0,7.3,1.2,11,0,0.0,False,6,3,0,0.0
2022-03-20 13:00:00,0.0,8.6,1.5,12,0,0.0,False,6,3,1,0.0
2022-03-20 14:00:00,0.0,9.6,1.9,13,0,0.0,False,6,3,1,0.3333333333333333
2022-03-20 15:00:00,0.0,10.4,2.0,14,0,0.0,False,6,3,0,0.0
2022-03-20 16:00:00,0.0,9.9,2.6,15,0,0.0,False,6,3,0,0.0
2022-03-20 17:00:00,0.0,10.0,2.6,16,0,0.0,False,6,3,0,0.0
2022-03-20 18:00:00,0.0,9.8,2.0,17,1,0.0,False,6,3,1,0.3333333333333333
2022-03-20 19:00:00,0.0,8.9,2.1,18,1,1.0,False,6,3,1,0.0
2022-03-20 20:00:00,0.0,4.2,1.3,19,0,1.0,False,6,3,1,0.0
2022-03-20 21:00:00,0.0,2.1,2.1,20,0,0.0,False,6,3,2,0.0
2022-03-20 22:00:00,0.0,1.5,1.9,21,0,0.0,False,6,3,2,0.3333333333333333
2022-03-20 23:00:00,0.0,1.1,2.5,22,0,0.0,False,6,3,3,1.0
2022-03-20 00:00:00,0.0,-0.2,1.1,23,0,0.0,False,6,3,1,0.0
2022-03-21 01:00:00,0.0,-0.8,1.1,0,0,,False,0,3,1,0.0
2022-03-21 02:00:00,0.0,-0.9,1.1,1,0,0.0,False,0,3,1,0.0
2022-03-21 03:00:00,0.0,-1.8,0.6,2,0,0.0,False,0,3,1,0.0
2022-03-21 04:00:00,0.0,-1.8,1.4,3,0,0.0,False,0,3,1,0.0
2022-03-21 05:00:00,0.0,-1.6,1.3,4,0,0.0,False,0,3,1,0.0
2022-03-21 06:00:00,0.0,-2.1,1.0,5,1,0.0,False,0,3,1,0.0
2022-03-21 07:00:00,0.0,-2.8,1.3,6,0,1.0,False,0,3,1,0.0
2022-03-21 08:00:00,0.0,-2.3,1.7,7,0,0.0,False,0,3,2,1.0
2022-03-21 09:00:00,0.0,0.5,1.3,8,0,0.0,False,0,3,1,0.6666666666666666
2022-03-21 10:00:00,0.0,3.9,0.7,9,0,0.0,False,0,3,1,0.3333333333333333
2022-03-21 11:00:00,0.0,5.2,1.3,10,0,0.0,False,0,3,0,0.0
2022-03-21 12:00:00,0.0,7.2,1.0,11,0,0.0,False,0,3,0,0.0
2022-03-21 13:00:00,0.0,8.6,0.8,12,0,0.0,False,0,3,0,0.0
2022-03-21 14:00:00,0.0,9.6,1.9,13,0,0.0,False,0,3,0,0.0
2022-03-21 15:00:00,0.0,10.1,1.8,14,0,0.0,False,0,3,1,0.0
2022-03-21 16:00:00,0.0,10.2,3.0,15,0,0.0,False,0,3,1,0.0
2022-03-21 17:00:00,0.0,10.4,3.1,16,0,0.0,False,0,3,2,0.6666666666666666
2022-03-21 18:00:00,0.0,8.9,4.1,17,0,0.0,False,0,3,0,0.3333333333333333
2022-03-21 19:00:00,0.0,7.2,2.1,18,1,0.0,False,0,3,0,0.0
2022-03-21 20:00:00,0.0,4.8,0.6,19,0,1.0,False,0,3,1,0.3333333333333333
2022-03-21 21:00:00,0.0,2.6,1.9,20,0,0.0,False,0,3,1,0.3333333333333333
2022-03-21 22:00:00,0.0,1.9,2.1,21,0,0.0,False,0,3,0,0.0
2022-03-21 23:00:00,0.0,1.1,2.5,22,0,0.0,False,0,3,0,0.0
2022-03-21 00:00:00,0.0,0.6,2.8,23,0,0.0,False,0,3,0,0.0
2022-03-22 01:00:00,0.0,0.6,2.9,0,0,,False,1,3,0,0.3333333333333333
2022-03-22 02:00:00,0.0,2.2,4.3,1,0,0.0,False,1,3,0,0.0
2022-03-22 03:00:00,0.0,1.3,1.9,2,0,0.0,False,1,3,0,0.0
2022-03-22 04:00:00,0.0,1.8,2.2,3,0,0.0,False,1,3,0,0.0
2022-03-22 05:00:00,0.0,1.7,1.9,4,0,0.0,False,1,3,0,0.0
2022-03-22 06:00:00,0.0,1.4,1.6,5,1,0.0,False,1,3,0,0.0
2022-03-22 07:00:00,0.0,1.3,1.9,6,0,1.0,False,1,3,0,0.0
2022-03-22 08:00:00,0.0,2.2,0.9,7,0,0.0,False,1,3,1,0.3333333333333333
2022-03-22 09:00:00,0.0,3.0,1.8,8,0,0.0,False,1,3,0,0.0
2022-03-22 10:00:00,0.0,2.9,1.9,9,0,0.0,False,1,3,0,0.0
2022-03-22 11:00:00,0.0,2.9,1.6,10,0,0.0,False,1,3,0,0.0
2022-03-22 12:00:00,0.0,4.8,1.6,11,0,0.0,False,1,3,0,0.0
2022-03-22 13:00:00,0.0,6.2,1.8,12,0,0.0,False,1,3,0,0.0
2022-03-22 14:00:00,0.0,7.6,2.3,13,0,0.0,False,1,3,0,0.0
2022-03-22 15:00:00,0.0,8.7,3.4,14,0,0.0,False,1,3,0,0.0
2022-03-22 16:00:00,0.0,9.1,3.4,15,0,0.0,False,1,3,0,0.0
2022-03-22 17:00:00,0.0,9.3,2.8,16,2,0.0,False,1,3,0,0.3333333333333333
2022-03-22 18:00:00,0.0,9.0,2.6,17,0,2.0,False,1,3,0,0.0
2022-03-22 19:00:00,0.0,7.5,1.2,18,0,0.0,False,1,3,0,0.0
2022-03-22 20:00:00,0.0,5.6,2.5,19,0,0.0,False,1,3,0,0.0
2022-03-22 21:00:00,0.0,3.1,1.0,20,0,0.0,False,1,3,0,0.0
2022-03-22 22:00:00,0.0,5.9,5.6,21,0,0.0,False,1,3,0,0.0
2022-03-22 23:00:00,0.0,3.9,3.5,22,0,0.0,False,1,3,1,0.0
2022-03-22 00:00:00,0.0,2.4,2.1,23,0,0.0,False,1,3,1,0.0
2022-03-23 01:00:00,0.0,0.8,1.6,0,0,,False,2,3,1,0.0
2022-03-23 02:00:00,0.0,-0.5,0.7,1,0,0.0,False,2,3,1,0.0
2022-03-23 03:00:00,0.0,-1.2,0.8,2,0,0.0,False,2,3,1,0.0
2022-03-23 04:00:00,0.0,-1.7,1.0,3,0,0.0,False,2,3,1,0.0
2022-03-23 05:00:00,0.0,-2.2,0.7,4,0,0.0,False,2,3,1,0.0
2022-03-23 06:00:00,0.0,-2.4,0.4,5,2,0.0,False,2,3,1,0.0
2022-03-23 07:00:00,0.0,-2.6,0.2,6,0,2.0,False,2,3,1,0.3333333333333333
2022-03-23 08:00:00,0.0,-2.3,0.8,7,1,0.0,False,2,3,1,0.0
2022-03-23 09:00:00,0.0,1.6,0.2,8,0,1.0,False,2,3,1,0.0
2022-03-23 10:00:00,0.0,3.5,0.5,9,0,0.0,False,2,3,1,0.0
2022-03-23 11:00:00,0.0,4.7,1.7,10,0,0.0,False,2,3,2,0.3333333333333333
2022-03-23 12:00:00,0.0,6.2,1.9,11,0,0.0,False,2,3,1,0.3333333333333333
2022-03-23 13:00:00,0.0,7.8,1.9,12,0,0.0,False,2,3,1,0.0
2022-03-23 14:00:00,0.0,9.1,2.4,13,0,0.0,False,2,3,1,0.3333333333333333
2022-03-23 15:00:00,0.0,10.0,2.2,14,0,0.0,False,2,3,0,0.0
2022-03-23 16:00:00,0.0,10.7,2.6,15,0,0.0,False,2,3,0,0.0
2022-03-23 17:00:00,0.0,11.1,2.6,16,2,0.0,False,2,3,1,1.0
2022-03-23 18:00:00,0.0,10.0,2.0,17,0,2.0,False,2,3,0,0.0
2022-03-23 19:00:00,0.0,8.8,2.8,18,0,0.0,False,2,3,0,0.0
2022-03-23 20:00:00,0.0,6.2,2.7,19,0,0.0,False,2,3,0,0.3333333333333333
2022-03-23 21:00:00,0.0,4.4,1.8,20,0,0.0,False,2,3,1,0.0
2022-03-23 22:00:00,0.0,3.0,1.1,21,0,0.0,False,2,3,1,0.0
2022-03-23 23:00:00,0.0,1.7,1.4,22,0,0.0,False,2,3,1,0.0
2022-03-23 00:00:00,0.0,1.3,1.1,23,0,0.0,False,2,3,1,0.0
2022-03-24 01:00:00,0.0,1.4,1.2,0,0,,False,3,3,1,0.0
2022-03-24 02:00:00,0.0,1.3,1.4,1,0,0.0,False,3,3,1,0.0
2022-03-24 03:00:00,0.0,1.3,0.4,2,0,0.0,False,3,3,1,0.0
2022-03-24 04:00:00,0.0,1.3,1.4,3,0,0.0,False,3,3,1,0.0
2022-03-24 05:00:00,0.0,0.9,1.1,4,0,0.0,False,3,3,1,0.0
2022-03-24 06:00:00,0.0,0.8,1.2,5,2,0.0,False,3,3,1,0.0
2022-03-24 07:00:00,0.0,0.6,1.3,6,0,2.0,False,3,3,1,0.0
2022-03-24 08:00:00,0.0,0.5,1.1,7,0,0.0,False,3,3,1,0.3333333333333333
2022-03-24 09:00:00,0.0,0.9,0.5,8,0,0.0,False,3,3,0,0.0
2022-03-24 10:00:00,0.0,1.2,1.1,9,0,0.0,False,3,3,0,0.0
2022-03-24 11:00:00,0.0,1.5,2.0,10,0,0.0,False,3,3,0,0.0
2022-03-24 12:00:00,0.0,2.2,1.6,11,0,0.0,False,3,3,1,0.0
2022-03-24 13:00:00,0.0,3.2,2.0,12,0,0.0,False,3,3,1,0.0
2022-03-24 14:00:00,0.0,4.1,2.0,13,0,0.0,False,3,3,1,0.0
2022-03-24 15:00:00,0.0,5.8,1.0,14,0,0.0,False,3,3,1,0.6666666666666666
2022-03-24 16:00:00,0.0,8.6,1.2,15,0,0.0,False,3,3,0,0.0
2022-03-24 17:00:00,0.0,9.0,1.2,16,0,0.0,False,3,3,1,0.6666666666666666
2022-03-24 18:00:00,0.0,8.8,0.9,17,0,0.0,False,3,3,1,1.0
2022-03-24 19:00:00,0.0,7.1,0.6,18,0,0.0,False,3,3,1,0.0
2022-03-24 20:00:00,0.0,5.5,0.8,19,1,0.0,False,3,3,1,0.0
2022-03-24 21:00:00,0.0,3.9,1.1,20,0,1.0,False,3,3,1,0.0
2022-03-24 22:00:00,0.0,3.2,0.8,21,0,0.0,False,3,3,1,0.0
2022-03-24 23:00:00,0.0,3.1,0.4,22,0,0.0,False,3,3,1,0.0
2022-03-24 00:00:00,0.0,2.2,0.4,23,0,0.0,False,3,3,2,0.0
2022-03-25 01:00:00,0.0,2.0,1.6,0,0,,False,4,3,2,0.0
2022-03-25 02:00:00,0.0,1.7,0.4,1,0,0.0,False,4,3,2,0.0
2022-03-25 03:00:00,0.0,1.5,0.6,2,0,0.0,False,4,3,2,0.0
2022-03-25 04:00:00,0.0,1.4,0.6,3,0,0.0,False,4,3,2,0.0
2022-03-25 05:00:00,0.0,2.2,0.9,4,0,0.0,False,4,3,2,0.0
2022-03-25 06:00:00,0.0,2.6,1.6,5,0,0.0,False,4,3,2,0.0
2022-03-25 07:00:00,0.0,2.9,1.5,6,0,0.0,False,4,3,2,0.3333333333333333
2022-03-25 08:00:00,0.0,3.8,1.4,7,0,0.0,False,4,3,1,0.3333333333333333
2022-03-25 09:00:00,0.0,10.3,4.5,8,0,0.0,False,4,3,0,0.0
2022-03-25 10:00:00,0.0,10.4,3.0,9,0,0.0,False,4,3,0,0.0
2022-03-25 11:00:00,0.0,11.5,5.9,10,0,0.0,False,4,3,0,0.0
2022-03-25 12:00:00,0.0,12.1,4.2,11,0,0.0,False,4,3,0,0.0
2022-03-25 13:00:00,0.0,13.0,6.3,12,0,0.0,False,4,3,0,0.0
2022-03-25 14:00:00,0.0,13.3,5.6,13,0,0.0,False,4,3,0,0.0
2022-03-25 15:00:00,0.0,13.3,1.5,14,0,0.0,False,4,3,0,0.0
2022-03-25 16:00:00,0.0,13.9,4.2,15,0,0.0,False,4,3,0,0.0
2022-03-25 17:00:00,0.0,14.2,4.2,16,1,0.0,False,4,3,0,0.0
2022-03-25 18:00:00,0.0,13.4,5.8,17,0,1.0,False,4,3,1,0.3333333333333333
2022-03-25 19:00:00,0.0,12.9,4.6,18,0,0.0,False,4,3,1,0.3333333333333333
2022-03-25 20:00:00,0.0,11.9,4.9,19,0,0.0,False,4,3,0,0.0
2022-03-25 21:00:00,0.0,9.8,1.4,20,0,0.0,False,4,3,0,0.0
2022-03-25 22:00:00,0.0,10.5,4.3,21,0,0.0,False,4,3,0,0.0
2022-03-25 23:00:00,0.0,9.7,1.9,22,0,0.0,False,4,3,0,0.0
2022-03-25 00:00:00,0.0,9.0,2.7,23,1,0.0,False,4,3,0,0.0
2022-03-26 01:00:00,0.0,8.4,3.3,0,0,,False,5,3,0,0.0
2022-03-26 02:00:00,0.0,6.2,1.5,1,0,0.0,False,5,3,0,0.0
2022-03-26 03:00:00,0.0,4.6,3.6,2,0,0.0,False,5,3,0,0.0
2022-03-26 04:00:00,0.0,5.5,5.4,3,0,0.0,False,5,3,0,0.0
2022-03-26 05:00:00,0.0,4.9,5.5,4,0,0.0,False,5,3,0,0.0
2022-03-26 06:00:00,0.0,3.3,1.5,5,0,0.0,False,5,3,0,0.0
2022-03-26 07:00:00,0.0,4.4,3.5,6,0,0.0,False,5,3,0,0.0
2022-03-26 08:00:00,0.0,3.5,1.6,7,0,0.0,False,5,3,0,0.0
2022-03-26 09:00:00,0.0,5.6,3.6,8,0,0.0,False,5,3,0,0.0
2022-03-26 10:00:00,0.0,7.7,4.1,9,0,0.0,False,5,3,0,0.0
2022-03-26 11:00:00,0.0,8.4,5.8,10,0,0.0,False,5,3,0,0.0
2022-03-26 12:00:00,0.0,9.4,4.6,11,0,0.0,False,5,3,0,0.0
2022-03-26 13:00:00,0.0,10.6,3.8,12,0,0.0,False,5,3,0,0.3333333333333333
2022-03-26 14:00:00,0.0,10.8,5.8,13,1,0.0,False,5,3,0,0.0
2022-03-26 15:00:00,0.0,11.5,4.7,14,0,1.0,False,5,3,0,0.0
2022-03-26 16:00:00,0.0,11.4,2.3,15,0,0.0,False,5,3,0,0.0
2022-03-26 17:00:00,0.0,9.9,4.4,16,1,0.0,False,5,3,0,0.6666666666666666
2022-03-26 18:00:00,0.0,10.0,2.2,17,0,1.0,False,5,3,1,0.3333333333333333
2022-03-26 19:00:00,0.0,9.0,2.6,18,0,0.0,False,5,3,0,0.0
2022-03-26 20:00:00,0.0,7.1,3.0,19,0,0.0,False,5,3,0,0.0
2022-03-26 21:00:00,0.0,5.4,3.8,20,0,0.0,False,5,3,0,0.0
2022-03-26 22:00:00,0.0,5.2,2.1,21,0,0.0,False,5,3,1,0.0
2022-03-26 23:00:00,0.0,4.8,1.3,22,1,0.0,False,5,3,1,0.0
2022-03-26 00:00:00,0.0,5.1,0.4,23,0,1.0,False,5,3,1,0.0
2022-03-27 01:00:00,0.0,5.1,1.3,0,0,,False,6,3,1,0.0
2022-03-27 02:00:00,0.0,4.8,0.7,1,0,0.0,False,6,3,1,0.0
2022-03-27 03:00:00,0.0,5.1,1.6,2,0,0.0,False,6,3,1,0.0
2022-03-27 04:00:00,0.0,4.2,2.7,3,0,0.0,False,6,3,1,0.0
2022-03-27 05:00:00,0.0,2.8,0.9,4,0,0.0,False,6,3,1,0.0
2022-03-27 06:00:00,0.0,1.2,1.5,5,0,0.0,False,6,3,1,0.0
2022-03-27 07:00:00,0.0,0.6,2.2,6,0,0.0,False,6,3,1,0.0
2022-03-27 08:00:00,0.0,1.2,1.0,7,0,0.0,False,6,3,1,0.3333333333333333
2022-03-27 09:00:00,0.0,2.5,0.7,8,0,0.0,False,6,3,1,0.0
2022-03-27 10:00:00,0.0,3.7,0.4,9,0,0.0,False,6,3,1,0.0
2022-03-27 11:00:00,0.0,4.3,0.8,10,0,0.0,False,6,3,1,0.0
2022-03-27 12:00:00,0.0,4.8,0.6,11,0,0.0,False,6,3,1,0.3333333333333333
2022-03-27 13:00:00,0.0,6.0,1.0,12,0,0.0,False,6,3,1,0.3333333333333333
2022-03-27 14:00:00,0.0,7.8,0.7,13,0,0.0,False,6,3,1,0.3333333333333333
2022-03-27 15:00:00,0.0,9.8,1.9,14,0,0.0,False,6,3,2,0.3333333333333333
2022-03-27 16:00:00,0.0,14.2,5.3,15,0,0.0,False,6,3,1,0.0
2022-03-27 17:00:00,0.0,15.3,4.8,16,0,0.0,False,6,3,0,0.3333333333333333
2022-03-27 18:00:00,0.0,13.9,6.8,17,0,0.0,False,6,3,0,0.0
2022-03-27 19:00:00,0.0,12.4,6.9,18,0,0.0,False,6,3,0,0.0
2022-03-27 20:00:00,0.0,11.0,5.1,19,0,0.0,False,6,3,0,0.0
2022-03-27 21:00:00,0.0,9.9,2.7,20,1,0.0,False,6,3,0,0.0
2022-03-27 22:00:00,0.0,9.3,3.8,21,0,1.0,False,6,3,0,0.0
2022-03-27 23:00:00,0.0,8.8,3.1,22,0,0.0,False,6,3,0,0.0
2022-03-27 00:00:00,0.0,9.2,5.5,23,0,0.0,False,6,3,0,0.0
2022-03-28 01:00:00,0.0,9.2,5.7,0,0,,False,0,3,0,0.0
2022-03-28 02:00:00,0.0,8.3,5.0,1,0,0.0,False,0,3,0,0.0
2022-03-28 03:00:00,0.0,8.1,4.8,2,0,0.0,False,0,3,0,0.0
2022-03-28 04:00:00,0.0,8.5,5.5,3,0,0.0,False,0,3,0,0.0
2022-03-28 05:00:00,0.0,8.9,4.3,4,0,0.0,False,0,3,0,0.0
2022-03-28 06:00:00,0.0,9.0,3.9,5,0,0.0,False,0,3,0,0.0
2022-03-28 07:00:00,0.0,9.8,4.9,6,0,0.0,False,0,3,0,0.0
2022-03-28 08:00:00,0.0,10.2,4.5,7,0,0.0,False,0,3,0,0.0
2022-03-28 09:00:00,0.0,10.8,3.8,8,0,0.0,False,0,3,0,0.0
2022-03-28 10:00:00,0.0,10.3,7.5,9,0,0.0,False,0,3,0,0.0
2022-03-28 11:00:00,0.0,9.4,6.5,10,0,0.0,False,0,3,0,0.0
2022-03-28 12:00:00,0.0,10.3,5.2,11,0,0.0,False,0,3,0,0.0
2022-03-28 13:00:00,0.0,10.9,4.7,12,0,0.0,False,0,3,0,0.0
2022-03-28 14:00:00,0.0,10.4,6.7,13,0,0.0,False,0,3,0,0.0
2022-03-28 15:00:00,0.0,11.7,6.5,14,1,0.0,False,0,3,1,0.0
2022-03-28 16:00:00,0.0,10.7,6.4,15,2,1.0,False,0,3,1,0.3333333333333333
2022-03-28 17:00:00,0.0,9.8,4.1,16,0,2.0,False,0,3,1,0.0
2022-03-28 18:00:00,0.0,8.5,5.4,17,1,0.0,False,0,3,1,0.0
2022-03-28 19:00:00,0.0,7.8,3.9,18,0,1.0,False,0,3,1,0.0
2022-03-28 20:00:00,0.0,5.9,4.3,19,0,0.0,False,0,3,1,0.0
2022-03-28 21:00:00,0.0,4.9,4.6,20,0,0.0,False,0,3,1,0.3333333333333333
2022-03-28 22:00:00,0.0,4.2,4.6,21,0,0.0,False,0,3,2,0.6666666666666666
2022-03-28 23:00:00,0.0,2.9,5.1,22,0,0.0,False,0,3,2,1.0
2022-03-28 00:00:00,0.0,2.4,3.7,23,0,0.0,False,0,3,2,0.0
2022-03-29 01:00:00,0.0,1.5,2.3,0,0,,False,1,3,2,0.0
2022-03-29 02:00:00,0.0,1.6,3.1,1,0,0.0,False,1,3,2,0.0
2022-03-29 03:00:00,0.0,0.1,2.7,2,0,0.0,False,1,3,2,0.0
2022-03-29 04:00:00,0.0,-1.2,1.7,3,0,0.0,False,1,3,2,0.0
2022-03-29 05:00:00,0.0,-2.1,0.6,4,1,0.0,False,1,3,2,0.0
2022-03-29 06:00:00,0.0,-2.0,0.6,5,2,1.0,False,1,3,2,0.0
2022-03-29 07:00:00,0.0,-2.5,0.9,6,0,2.0,False,1,3,2,0.0
2022-03-29 08:00:00,0.0,-1.5,1.3,7,0,0.0,False,1,3,1,0.0
2022-03-29 09:00:00,0.0,0.4,1.2,8,1,0.0,False,1,3,1,0.0
2022-03-29 10:00:00,0.0,2.0,1.5,9,0,1.0,False,1,3,1,0.0
2022-03-29 11:00:00,0.0,2.3,1.7,10,0,0.0,False,1,3,1,0.0
2022-03-29 12:00:00,0.0,3.6,0.8,11,0,0.0,False,1,3,1,0.0
2022-03-29 13:00:00,0.0,4.0,2.6,12,0,0.0,False,1,3,1,0.0
2022-03-29 14:00:00,0.0,3.0,2.2,13,0,0.0,False,1,3,0,0.0
2022-03-29 15:00:00,0.0,2.3,5.2,14,0,0.0,False,1,3,0,0.0
2022-03-29 16:00:00,0.2,1.3,2.1,15,2,0.0,False,1,3,0,0.0
2022-03-29 17:00:00,0.0,2.9,1.0,16,0,2.0,False,1,3,0,0.0
2022-03-29 18:00:00,0.0,1.6,4.7,17,1,0.0,False,1,3,2,0.0
2022-03-29 19:00:00,0.0,1.6,1.8,18,0,1.0,False,1,3,1,0.0
2022-03-29 20:00:00,0.0,0.6,0.9,19,0,0.0,False,1,3,2,0.0
2022-03-29 21:00:00,0.0,-0.3,3.3,20,0,0.0,False,1,3,1,0.0
2022-03-29 22:00:00,0.0,-0.3,5.0,21,0,0.0,False,1,3,1,0.0
2022-03-29 23:00:00,0.0,-0.9,4.2,22,0,0.0,False,1,3,1,0.0
2022-03-29 00:00:00,0.0,-1.1,5.1,23,0,0.0,False,1,3,1,0.0
2022-03-30 01:00:00,0.0,-1.8,4.8,0,0,,False,2,3,1,0.0
2022-03-30 02:00:00,0.0,-2.4,4.6,1,0,0.0,False,2,3,1,0.0
2022-03-30 03:00:00,0.0,-3.1,2.7,2,0,0.0,False,2,3,1,0.0
2022-03-30 04:00:00,0.0,-3.4,3.8,3,0,0.0,False,2,3,1,0.0
2022-03-30 05:00:00,0.0,-4.5,1.9,4,2,0.0,False,2,3,1,0.0
2022-03-30 06:00:00,0.0,-4.9,1.5,5,0,2.0,False,2,3,1,0.0
2022-03-30 07:00:00,0.0,-5.9,1.4,6,0,0.0,False,2,3,1,0.0
2022-03-30 08:00:00,0.0,-4.7,2.6,7,1,0.0,False,2,3,1,0.0
2022-03-30 09:00:00,0.0,-1.4,0.7,8,0,1.0,False,2,3,1,0.0
2022-03-30 10:00:00,0.0,0.2,1.6,9,0,0.0,False,2,3,0,0.0
2022-03-30 11:00:00,0.0,1.4,2.6,10,0,0.0,False,2,3,0,0.0
2022-03-30 12:00:00,0.0,3.4,1.5,11,0,0.0,False,2,3,0,0.0
2022-03-30 13:00:00,0.0,3.8,2.7,12,2,0.0,False,2,3,0,0.0
2022-03-30 14:00:00,0.0,4.5,3.7,13,0,2.0,False,2,3,0,0.0
2022-03-30 15:00:00,0.0,4.5,4.5,14,0,0.0,False,2,3,2,0.0
2022-03-30 16:00:00,0.0,5.1,3.7,15,0,0.0,False,2,3,2,0.0
2022-03-30 17:00:00,0.0,4.7,2.8,16,0,0.0,False,2,3,0,0.0
2022-03-30 18:00:00,0.1,3.2,5.3,17,2,0.0,False,2,3,0,0.0
2022-03-30 19:00:00,0.0,2.6,2.7,18,2,2.0,False,2,3,1,0.0
2022-03-30 20:00:00,0.0,1.2,3.8,19,0,2.0,False,2,3,1,0.0
2022-03-30 21:00:00,0.0,-0.2,2.4,20,0,0.0,False,2,3,1,0.0
2022-03-30 22:00:00,0.0,-1.0,2.4,21,0,0.0,False,2,3,1,0.0
2022-03-30 23:00:00,0.0,-0.6,2.8,22,0,0.0,False,2,3,1,0.0
2022-03-30 00:00:00,0.0,-1.2,3.1,23,0,0.0,False,2,3,1,0.0
2022-03-31 01:00:00,0.0,-0.8,2.9,0,0,,False,3,3,1,0.0
2022-03-31 02:00:00,0.0,-1.5,2.6,1,0,0.0,False,3,3,2,0.0
2022-03-31 03:00:00,0.0,-1.6,3.7,2,0,0.0,False,3,3,2,0.0
2022-03-31 04:00:00,0.0,-2.0,2.4,3,0,0.0,False,3,3,2,0.0
2022-03-31 05:00:00,0.0,-3.0,2.3,4,0,0.0,False,3,3,2,0.0
2022-03-31 06:00:00,0.0,-2.5,3.2,5,2,0.0,False,3,3,2,0.0
2022-03-31 07:00:00,0.0,-2.4,2.5,6,2,2.0,False,3,3,2,0.0
2022-03-31 08:00:00,0.0,-1.9,2.6,7,0,2.0,False,3,3,1,0.0
2022-03-31 09:00:00,0.0,1.0,1.4,8,0,0.0,False,3,3,1,0.0
2022-03-31 10:00:00,0.0,2.4,4.8,9,0,0.0,False,3,3,0,0.0
2022-03-31 11:00:00,0.0,3.5,4.2,10,0,0.0,False,3,3,0,0.0
2022-03-31 12:00:00,0.0,3.7,4.5,11,1,0.0,False,3,3,0,0.0
2022-03-31 13:00:00,0.0,4.3,4.3,12,0,1.0,False,3,3,0,0.0
2022-03-31 14:00:00,0.0,5.7,2.6,13,1,0.0,False,3,3,0,0.0
2022-03-31 15:00:00,0.0,4.8,3.4,14,1,1.0,False,3,3,1,0.0
2022-03-31 16:00:00,0.0,5.9,4.0,15,0,1.0,False,3,3,1,0.0
2022-03-31 17:00:00,0.0,4.2,4.6,16,0,0.0,False,3,3,1,0.0
2022-03-31 18:00:00,0.0,3.3,4.3,17,0,0.0,False,3,3,2,0.0
2022-03-31 19:00:00,0.0,2.5,2.5,18,2,0.0,False,3,3,2,0.0
2022-03-31 20:00:00,0.0,1.5,1.8,19,0,2.0,False,3,3,2,0.0
2022-03-31 21:00:00,0.0,-0.2,2.6,20,0,0.0,False,3,3,2,0.0
2022-03-31 22:00:00,0.0,-1.3,2.2,21,0,0.0,False,3,3,1,0.0
2022-03-31 23:00:00,0.0,-1.7,2.3,22,0,0.0,False,3,3,1,0.0
2022-03-31 00:00:00,0.0,-2.1,2.0,23,0,0.0,False,3,3,1,0.0
