Unnamed: 0,Nedbør (1 t),Lufttemperatur,Middelvind,Skydekke,count,weekday,hour,isHoliday,count_last_hour,bike_availability_1,dock_availability_1,bike_availability_2,dock_availability_2,availability,dock_availability
2022-07-01 00:00:00+00:00,0.0,-7.1,2.2,5,0,4,0,False,,0.999722222222222,0.999722222222222,0.999722222222222,0.999722222222222,0.999722222222222,0.999722222222222
2022-07-01 01:00:00+00:00,0.0,-8.1,0.4,5,0,4,1,False,0.0,0.9627777777777776,0.9627777777777776,0.9627777777777776,0.9627777777777776,0.9627777777777776,0.9627777777777776
2022-07-01 02:00:00+00:00,0.0,-7.9,2.4,5,0,4,2,False,0.0,0.9991666666666668,0.9991666666666668,0.9991666666666668,0.9991666666666668,0.9991666666666668,0.9991666666666668
2022-07-01 03:00:00+00:00,0.0,-7.3,0.2,5,0,4,3,False,0.0,0.9830555555555556,0.9830555555555556,0.9830555555555556,0.9830555555555556,0.9830555555555556,0.9830555555555556
2022-07-01 04:00:00+00:00,0.0,-6.0,3.4,5,1,4,4,False,0.0,0.9838888888888888,0.9838888888888888,0.9838888888888888,0.9838888888888888,0.9838888888888888,0.9838888888888888
2022-07-01 05:00:00+00:00,0.0,-5.7,3.4,5,2,4,5,False,1.0,0.9658333333333337,0.9658333333333337,0.9658333333333337,0.9658333333333337,0.9658333333333337,0.9658333333333337
2022-07-01 06:00:00+00:00,0.1,-5.7,4.9,5,1,4,6,False,2.0,0.9791666666666664,0.9791666666666664,0.9791666666666664,0.9791666666666664,0.9791666666666664,0.9791666666666664
2022-07-01 07:00:00+00:00,0.4,-5.5,4.2,0,2,4,7,False,1.0,0.9977777777777778,0.9977777777777778,0.9977777777777778,0.9977777777777778,0.9977777777777778,0.9977777777777778
2022-07-01 08:00:00+00:00,0.6,-5.7,5.1,0,0,4,8,False,2.0,0.9605555555555556,0.9605555555555556,0.9605555555555556,0.9605555555555556,0.9605555555555556,0.9605555555555556
2022-07-01 09:00:00+00:00,1.2,-5.5,4.8,0,0,4,9,False,0.0,0.981388888888889,0.981388888888889,0.981388888888889,0.981388888888889,0.981388888888889,0.981388888888889
2022-07-01 10:00:00+00:00,0.6,-5.0,3.8,0,0,4,10,False,0.0,0.965277777777778,0.965277777777778,0.965277777777778,0.965277777777778,0.965277777777778,0.965277777777778
2022-07-01 11:00:00+00:00,0.6,-4.2,4.1,0,0,4,11,False,0.0,0.9797222222222224,0.9797222222222224,0.9797222222222224,0.9797222222222224,0.9797222222222224,0.9797222222222224
2022-07-01 12:00:00+00:00,0.5,-4.0,4.5,0,0,4,12,False,0.0,0.9819444444444444,0.9819444444444444,0.9819444444444444,0.9819444444444444,0.9819444444444444,0.9819444444444444
2022-07-01 13:00:00+00:00,0.2,-3.1,4.8,0,1,4,13,False,0.0,0.9786111111111108,0.9786111111111108,0.9786111111111108,0.9786111111111108,0.9786111111111108,0.9786111111111108
2022-07-01 14:00:00+00:00,0.4,-2.8,4.5,0,0,4,14,False,1.0,0.9994444444444442,0.9994444444444442,0.9994444444444442,0.9994444444444442,0.9994444444444442,0.9994444444444442
2022-07-01 15:00:00+00:00,0.5,-3.1,3.9,0,2,4,15,False,0.0,0.9658333333333332,0.9658333333333332,0.9658333333333332,0.9658333333333332,0.9658333333333332,0.9658333333333332
2022-07-01 16:00:00+00:00,0.8,-3.1,4.7,0,1,4,16,False,2.0,0.9605555555555552,0.9605555555555552,0.9605555555555552,0.9605555555555552,0.9605555555555552,0.9605555555555552
2022-07-01 17:00:00+00:00,0.2,-2.8,3.9,0,0,4,17,False,1.0,0.9855555555555552,0.9855555555555552,0.9855555555555552,0.9855555555555552,0.9855555555555552,0.9855555555555552
2022-07-01 18:00:00+00:00,0.0,-3.1,4.3,0,1,4,18,False,0.0,0.9791666666666669,0.9791666666666669,0.9791666666666669,0.9791666666666669,0.9791666666666669,0.9791666666666669
2022-07-01 19:00:00+00:00,0.1,-3.3,6.1,8,1,4,19,False,1.0,0.9441666666666664,0.9441666666666664,0.9441666666666664,0.9441666666666664,0.9441666666666664,0.9441666666666664
2022-07-01 20:00:00+00:00,0.3,-3.3,6.5,8,0,4,20,False,1.0,0.9986111111111108,0.9986111111111108,0.9986111111111108,0.9986111111111108,0.9986111111111108,0.9986111111111108
2022-07-01 21:00:00+00:00,0.2,-3.2,5.7,8,1,4,21,False,0.0,0.9794444444444445,0.9794444444444445,0.9794444444444445,0.9794444444444445,0.9794444444444445,0.9794444444444445
2022-07-01 22:00:00+00:00,0.4,-3.1,5.5,8,1,4,22,False,1.0,0.9827777777777776,0.9827777777777776,0.9827777777777776,0.9827777777777776,0.9827777777777776,0.9827777777777776
2022-07-01 23:00:00+00:00,0.1,-3.4,6.8,8,0,4,23,False,1.0,0.9799999999999998,0.9799999999999998,0.9799999999999998,0.9799999999999998,0.9799999999999998,0.9799999999999998
2022-07-02 00:00:00+00:00,0.0,-4.1,1.4,2,0,5,0,False,0.0,0.9980555555555556,0.9980555555555556,0.9980555555555556,0.9980555555555556,0.9980555555555556,0.9980555555555556
2022-07-02 01:00:00+00:00,0.0,-4.7,1.0,2,0,5,1,False,0.0,0.9972222222222222,0.9972222222222222,0.9972222222222222,0.9972222222222222,0.9972222222222222,0.9972222222222222
2022-07-02 02:00:00+00:00,0.0,-5.1,0.7,2,0,5,2,False,0.0,0.9797222222222222,0.9797222222222222,0.9797222222222222,0.9797222222222222,0.9797222222222222,0.9797222222222222
2022-07-02 03:00:00+00:00,0.0,-3.7,1.7,2,0,5,3,False,0.0,0.9980555555555554,0.9980555555555554,0.9980555555555554,0.9980555555555554,0.9980555555555554,0.9980555555555554
2022-07-02 04:00:00+00:00,0.0,-3.2,2.0,2,0,5,4,False,0.0,0.9669444444444446,0.9669444444444446,0.9669444444444446,0.9669444444444446,0.9669444444444446,0.9669444444444446
2022-07-02 05:00:00+00:00,0.0,-2.8,1.8,2,0,5,5,False,0.0,0.9994444444444442,0.9994444444444442,0.9994444444444442,0.9994444444444442,0.9994444444444442,0.9994444444444442
2022-07-02 06:00:00+00:00,0.0,-2.6,1.7,2,2,5,6,False,0.0,0.9825,0.9825,0.9825,0.9825,0.9825,0.9825
2022-07-02 07:00:00+00:00,0.0,-3.6,0.9,1,0,5,7,False,2.0,0.9974999999999996,0.9974999999999996,0.9974999999999996,0.9974999999999996,0.9974999999999996,0.9974999999999996
2022-07-02 08:00:00+00:00,0.0,-3.0,1.2,1,0,5,8,False,0.0,0.9819444444444444,0.9819444444444444,0.9819444444444444,0.9819444444444444,0.9819444444444444,0.9819444444444444
2022-07-02 09:00:00+00:00,0.0,1.4,1.4,1,0,5,9,False,0.0,0.9611111111111112,0.9611111111111112,0.9611111111111112,0.9611111111111112,0.9611111111111112,0.9611111111111112
2022-07-02 10:00:00+00:00,0.0,-0.2,1.5,1,0,5,10,False,0.0,0.9988888888888886,0.9988888888888886,0.9988888888888886,0.9988888888888886,0.9988888888888886,0.9988888888888886
2022-07-02 11:00:00+00:00,0.0,3.1,1.6,1,1,5,11,False,0.0,0.9977777777777772,0.9977777777777772,0.9977777777777772,0.9977777777777772,0.9977777777777772,0.9977777777777772
2022-07-02 12:00:00+00:00,0.0,6.6,3.0,1,0,5,12,False,1.0,0.998611111111111,0.998611111111111,0.998611111111111,0.998611111111111,0.998611111111111,0.998611111111111
2022-07-02 13:00:00+00:00,0.0,7.3,2.5,1,1,5,13,False,0.0,0.980833333333333,0.980833333333333,0.980833333333333,0.980833333333333,0.980833333333333,0.980833333333333
2022-07-02 14:00:00+00:00,0.0,7.7,2.1,1,0,5,14,False,1.0,0.9805555555555554,0.9805555555555554,0.9805555555555554,0.9805555555555554,0.9805555555555554,0.9805555555555554
2022-07-02 15:00:00+00:00,0.0,7.0,2.5,1,1,5,15,False,0.0,0.979722222222222,0.979722222222222,0.979722222222222,0.979722222222222,0.979722222222222,0.979722222222222
2022-07-02 16:00:00+00:00,0.0,5.5,1.9,2,0,5,16,False,1.0,0.976944444444444,0.976944444444444,0.976944444444444,0.976944444444444,0.976944444444444,0.976944444444444
2022-07-02 17:00:00+00:00,0.0,3.1,1.3,2,0,5,17,False,0.0,0.9802777777777776,0.9802777777777776,0.9802777777777776,0.9802777777777776,0.9802777777777776,0.9802777777777776
2022-07-02 18:00:00+00:00,0.0,0.8,0.5,2,0,5,18,False,0.0,0.979444444444444,0.979444444444444,0.979444444444444,0.979444444444444,0.979444444444444,0.979444444444444
2022-07-02 19:00:00+00:00,0.0,0.4,0.9,8,0,5,19,False,0.0,0.9799999999999998,0.9799999999999998,0.9799999999999998,0.9799999999999998,0.9799999999999998,0.9799999999999998
2022-07-02 20:00:00+00:00,0.0,0.2,0.3,8,2,5,20,False,0.0,0.9786111111111112,0.9786111111111112,0.9786111111111112,0.9786111111111112,0.9786111111111112,0.9786111111111112
2022-07-02 21:00:00+00:00,0.0,-0.2,0.4,8,0,5,21,False,2.0,0.9994444444444444,0.9994444444444444,0.9994444444444444,0.9994444444444444,0.9994444444444444,0.9994444444444444
2022-07-02 22:00:00+00:00,0.0,0.6,0.7,8,0,5,22,False,0.0,0.9994444444444442,0.9994444444444442,0.9994444444444442,0.9994444444444442,0.9994444444444442,0.9994444444444442
2022-07-02 23:00:00+00:00,0.0,1.1,0.8,8,0,5,23,False,0.0,0.9624999999999998,0.9624999999999998,0.9624999999999998,0.9624999999999998,0.9624999999999998,0.9624999999999998
2022-07-03 00:00:00+00:00,0.0,0.3,1.7,3,0,6,0,False,0.0,0.998888888888889,0.998888888888889,0.998888888888889,0.998888888888889,0.998888888888889,0.998888888888889
2022-07-03 01:00:00+00:00,0.0,-0.2,0.8,3,0,6,1,False,0.0,0.9969444444444444,0.9969444444444444,0.9969444444444444,0.9969444444444444,0.9969444444444444,0.9969444444444444
2022-07-03 02:00:00+00:00,0.0,0.1,0.9,3,0,6,2,False,0.0,0.9672222222222222,0.9672222222222222,0.9672222222222222,0.9672222222222222,0.9672222222222222,0.9672222222222222
2022-07-03 03:00:00+00:00,0.0,0.2,0.8,3,0,6,3,False,0.0,0.9991666666666664,0.9991666666666664,0.9991666666666664,0.9991666666666664,0.9991666666666664,0.9991666666666664
2022-07-03 04:00:00+00:00,0.0,0.4,1.0,3,0,6,4,False,0.0,0.965277777777778,0.965277777777778,0.965277777777778,0.965277777777778,0.965277777777778,0.965277777777778
2022-07-03 05:00:00+00:00,0.0,0.2,1.4,3,0,6,5,False,0.0,0.9791666666666669,0.9791666666666669,0.9791666666666669,0.9791666666666669,0.9791666666666669,0.9791666666666669
2022-07-03 06:00:00+00:00,0.0,-0.3,1.0,3,0,6,6,False,0.0,0.983888888888889,0.983888888888889,0.983888888888889,0.983888888888889,0.983888888888889,0.983888888888889
2022-07-03 07:00:00+00:00,0.0,-0.9,1.4,3,0,6,7,False,0.0,0.9788888888888888,0.9788888888888888,0.9788888888888888,0.9788888888888888,0.9788888888888888,0.9788888888888888
2022-07-03 08:00:00+00:00,0.0,-0.5,1.5,3,1,6,8,False,0.0,0.9808333333333336,0.9808333333333336,0.9808333333333336,0.9808333333333336,0.9808333333333336,0.9808333333333336
2022-07-03 09:00:00+00:00,0.0,1.9,0.8,3,0,6,9,False,1.0,0.9780555555555558,0.9780555555555558,0.9780555555555558,0.9780555555555558,0.9780555555555558,0.9780555555555558
2022-07-03 10:00:00+00:00,0.0,3.0,1.1,5,1,6,10,False,0.0,0.9791666666666669,0.9791666666666669,0.9791666666666669,0.9791666666666669,0.9791666666666669,0.9791666666666669
2022-07-03 11:00:00+00:00,0.0,4.6,1.6,5,0,6,11,False,1.0,0.9838888888888888,0.9838888888888888,0.9838888888888888,0.9838888888888888,0.9838888888888888,0.9838888888888888
2022-07-03 12:00:00+00:00,0.0,5.8,1.4,5,0,6,12,False,0.0,0.9836111111111108,0.9836111111111108,0.9836111111111108,0.9836111111111108,0.9836111111111108,0.9836111111111108
2022-07-03 13:00:00+00:00,0.0,7.2,2.0,6,0,6,13,False,0.0,0.9288888888888888,0.9288888888888888,0.9288888888888888,0.9288888888888888,0.9288888888888888,0.9288888888888888
2022-07-03 14:00:00+00:00,0.0,8.0,2.4,6,0,6,14,False,0.0,0.9788888888888886,0.9788888888888886,0.9788888888888886,0.9788888888888886,0.9788888888888886,0.9788888888888886
2022-07-03 15:00:00+00:00,0.0,8.3,2.1,6,1,6,15,False,0.0,0.9772222222222224,0.9772222222222224,0.9772222222222224,0.9772222222222224,0.9772222222222224,0.9772222222222224
2022-07-03 16:00:00+00:00,0.0,8.1,1.5,7,1,6,16,False,1.0,0.9833333333333334,0.9833333333333334,0.9833333333333334,0.9833333333333334,0.9833333333333334,0.9833333333333334
2022-07-03 17:00:00+00:00,0.0,7.2,1.4,7,1,6,17,False,1.0,0.9980555555555553,0.9980555555555553,0.9980555555555553,0.9980555555555553,0.9980555555555553,0.9980555555555553
2022-07-03 18:00:00+00:00,0.0,5.3,1.7,7,1,6,18,False,1.0,0.979444444444444,0.979444444444444,0.979444444444444,0.979444444444444,0.979444444444444,0.979444444444444
2022-07-03 19:00:00+00:00,0.0,2.4,1.7,4,0,6,19,False,1.0,0.9988888888888888,0.9988888888888888,0.9988888888888888,0.9988888888888888,0.9988888888888888,0.9988888888888888
2022-07-03 20:00:00+00:00,0.0,1.2,1.6,4,1,6,20,False,0.0,0.9966666666666666,0.9966666666666666,0.9966666666666666,0.9966666666666666,0.9966666666666666,0.9966666666666666
2022-07-03 21:00:00+00:00,0.0,-0.4,0.6,4,0,6,21,False,1.0,0.9819444444444448,0.9819444444444448,0.9819444444444448,0.9819444444444448,0.9819444444444448,0.9819444444444448
2022-07-03 22:00:00+00:00,0.0,-1.3,0.5,3,0,6,22,False,0.0,0.9986111111111108,0.9986111111111108,0.9986111111111108,0.9986111111111108,0.9986111111111108,0.9986111111111108
2022-07-03 23:00:00+00:00,0.0,-1.3,1.2,3,0,6,23,False,0.0,0.9502777777777776,0.9502777777777776,0.9502777777777776,0.9502777777777776,0.9502777777777776,0.9502777777777776
2022-07-04 00:00:00+00:00,0.0,-1.2,1.9,5,0,0,0,False,0.0,0.9813888888888884,0.9813888888888884,0.9813888888888884,0.9813888888888884,0.9813888888888884,0.9813888888888884
2022-07-04 01:00:00+00:00,0.0,-1.2,2.8,5,0,0,1,False,0.0,0.966388888888889,0.966388888888889,0.966388888888889,0.966388888888889,0.966388888888889,0.966388888888889
2022-07-04 02:00:00+00:00,0.0,-1.2,3.1,5,0,0,2,False,0.0,0.9802777777777776,0.9802777777777776,0.9802777777777776,0.9802777777777776,0.9802777777777776,0.9802777777777776
2022-07-04 03:00:00+00:00,0.0,-0.8,3.6,5,0,0,3,False,0.0,0.9802777777777778,0.9802777777777778,0.9802777777777778,0.9802777777777778,0.9802777777777778,0.9802777777777778
2022-07-04 04:00:00+00:00,0.0,-0.7,3.7,5,1,0,4,False,0.0,0.9833333333333328,0.9833333333333328,0.9833333333333328,0.9833333333333328,0.9833333333333328,0.9833333333333328
2022-07-04 05:00:00+00:00,0.0,-0.8,4.2,5,0,0,5,False,1.0,0.9491666666666666,0.9491666666666666,0.9491666666666666,0.9491666666666666,0.9491666666666666,0.9491666666666666
2022-07-04 06:00:00+00:00,0.0,-0.4,5.4,5,2,0,6,False,0.0,0.9811111111111108,0.9811111111111108,0.9811111111111108,0.9811111111111108,0.9811111111111108,0.9811111111111108
2022-07-04 07:00:00+00:00,0.0,0.3,4.1,7,0,0,7,False,2.0,0.9811111111111112,0.9811111111111112,0.9811111111111112,0.9811111111111112,0.9811111111111112,0.9811111111111112
2022-07-04 08:00:00+00:00,0.0,0.8,3.9,7,0,0,8,False,0.0,0.9997222222222222,0.9997222222222222,0.9997222222222222,0.9997222222222222,0.9997222222222222,0.9997222222222222
2022-07-04 09:00:00+00:00,0.0,1.3,3.9,7,0,0,9,False,0.0,0.9813888888888888,0.9813888888888888,0.9813888888888888,0.9813888888888888,0.9813888888888888,0.9813888888888888
2022-07-04 10:00:00+00:00,0.0,2.2,3.3,8,1,0,10,False,0.0,1.0,1.0,1.0,1.0,1.0,1.0
2022-07-04 11:00:00+00:00,0.0,3.1,5.4,8,0,0,11,False,1.0,0.9802777777777778,0.9802777777777778,0.9802777777777778,0.9802777777777778,0.9802777777777778,0.9802777777777778
2022-07-04 12:00:00+00:00,0.0,3.6,6.5,8,0,0,12,False,0.0,0.9827777777777776,0.9827777777777776,0.9827777777777776,0.9827777777777776,0.9827777777777776,0.9827777777777776
2022-07-04 13:00:00+00:00,0.0,4.0,7.5,8,1,0,13,False,0.0,0.9800000000000002,0.9800000000000002,0.9800000000000002,0.9800000000000002,0.9800000000000002,0.9800000000000002
2022-07-04 14:00:00+00:00,0.0,4.3,5.0,8,0,0,14,False,1.0,0.9825000000000006,0.9825000000000006,0.9825000000000006,0.9825000000000006,0.9825000000000006,0.9825000000000006
2022-07-04 15:00:00+00:00,0.0,4.4,6.5,8,0,0,15,False,0.0,0.9786111111111112,0.9786111111111112,0.9786111111111112,0.9786111111111112,0.9786111111111112,0.9786111111111112
2022-07-04 16:00:00+00:00,0.0,4.4,7.8,7,1,0,16,False,0.0,0.9475,0.9475,0.9475,0.9475,0.9475,0.9475
2022-07-04 17:00:00+00:00,0.0,4.4,7.9,7,2,0,17,False,1.0,0.9666666666666666,0.9666666666666666,0.9666666666666666,0.9666666666666666,0.9666666666666666,0.9666666666666666
2022-07-04 18:00:00+00:00,0.0,3.6,8.0,7,1,0,18,False,2.0,0.9825000000000002,0.9825000000000002,0.9825000000000002,0.9825000000000002,0.9825000000000002,0.9825000000000002
2022-07-04 19:00:00+00:00,0.0,2.5,8.8,8,0,0,19,False,1.0,0.983055555555556,0.983055555555556,0.983055555555556,0.983055555555556,0.983055555555556,0.983055555555556
2022-07-04 20:00:00+00:00,0.0,2.4,5.8,8,0,0,20,False,0.0,0.9997222222222224,0.9997222222222224,0.9997222222222224,0.9997222222222224,0.9997222222222224,0.9997222222222224
2022-07-04 21:00:00+00:00,0.0,2.6,6.1,8,0,0,21,False,0.0,0.9830555555555556,0.9830555555555556,0.9830555555555556,0.9830555555555556,0.9830555555555556,0.9830555555555556
2022-07-04 22:00:00+00:00,0.0,2.1,6.6,6,0,0,22,False,0.0,0.968333333333333,0.968333333333333,0.968333333333333,0.968333333333333,0.968333333333333,0.968333333333333
2022-07-04 23:00:00+00:00,0.0,1.8,6.3,6,0,0,23,False,0.0,0.975277777777778,0.975277777777778,0.975277777777778,0.975277777777778,0.975277777777778,0.975277777777778
2022-07-05 00:00:00+00:00,0.1,10.7,2.9,7,0,1,0,False,0.0,0.9799999999999998,0.9799999999999998,0.9799999999999998,0.9799999999999998,0.9799999999999998,0.9799999999999998
2022-07-05 01:00:00+00:00,0.0,10.4,2.5,7,0,1,1,False,0.0,0.9788888888888888,0.9788888888888888,0.9788888888888888,0.9788888888888888,0.9788888888888888,0.9788888888888888
2022-07-05 02:00:00+00:00,0.0,9.2,1.2,7,0,1,2,False,0.0,0.9813888888888884,0.9813888888888884,0.9813888888888884,0.9813888888888884,0.9813888888888884,0.9813888888888884
2022-07-05 03:00:00+00:00,0.0,8.6,3.8,7,0,1,3,False,0.0,0.979722222222222,0.979722222222222,0.979722222222222,0.979722222222222,0.979722222222222,0.979722222222222
2022-07-05 04:00:00+00:00,0.0,8.8,1.3,7,1,1,4,False,0.0,0.9899999999999998,0.9899999999999998,0.9899999999999998,0.9899999999999998,0.9899999999999998,0.9899999999999998
2022-07-05 05:00:00+00:00,0.0,8.4,1.5,7,1,1,5,False,1.0,0.983611111111111,0.983611111111111,0.983611111111111,0.983611111111111,0.983611111111111,0.983611111111111
2022-07-05 06:00:00+00:00,0.0,10.5,5.6,7,0,1,6,False,1.0,0.9847222222222224,0.9847222222222224,0.9847222222222224,0.9847222222222224,0.9847222222222224,0.9847222222222224
2022-07-05 07:00:00+00:00,0.0,10.6,5.4,5,0,1,7,False,0.0,0.9497222222222222,0.9497222222222222,0.9497222222222222,0.9497222222222222,0.9497222222222222,0.9497222222222222
2022-07-05 08:00:00+00:00,0.0,11.7,2.9,5,0,1,8,False,0.0,0.949722222222222,0.949722222222222,0.949722222222222,0.949722222222222,0.949722222222222,0.949722222222222
2022-07-05 09:00:00+00:00,0.0,12.8,3.5,5,0,1,9,False,0.0,0.981111111111111,0.981111111111111,0.981111111111111,0.981111111111111,0.981111111111111,0.981111111111111
2022-07-05 10:00:00+00:00,0.0,13.0,3.9,5,0,1,10,False,0.0,0.929722222222222,0.929722222222222,0.929722222222222,0.929722222222222,0.929722222222222,0.929722222222222
2022-07-05 11:00:00+00:00,0.0,13.8,4.7,5,0,1,11,False,0.0,0.9833333333333336,0.9833333333333336,0.9833333333333336,0.9833333333333336,0.9833333333333336,0.9833333333333336
2022-07-05 12:00:00+00:00,0.0,14.6,2.8,5,0,1,12,False,0.0,0.983611111111111,0.983611111111111,0.983611111111111,0.983611111111111,0.983611111111111,0.983611111111111
2022-07-05 13:00:00+00:00,0.0,15.6,2.9,6,0,1,13,False,0.0,0.9824999999999996,0.9824999999999996,0.9824999999999996,0.9824999999999996,0.9824999999999996,0.9824999999999996
2022-07-05 14:00:00+00:00,0.0,14.7,3.7,6,2,1,14,False,0.0,0.9830555555555556,0.9830555555555556,0.9830555555555556,0.9830555555555556,0.9830555555555556,0.9830555555555556
2022-07-05 15:00:00+00:00,0.0,15.0,3.4,6,0,1,15,False,2.0,0.9969444444444444,0.9969444444444444,0.9969444444444444,0.9969444444444444,0.9969444444444444,0.9969444444444444
2022-07-05 16:00:00+00:00,0.0,15.3,4.1,7,1,1,16,False,0.0,0.9994444444444444,0.9994444444444444,0.9994444444444444,0.9994444444444444,0.9994444444444444,0.9994444444444444
2022-07-05 17:00:00+00:00,0.0,15.2,3.5,7,1,1,17,False,1.0,0.9825,0.9825,0.9825,0.9825,0.9825,0.9825
2022-07-05 18:00:00+00:00,0.0,14.8,3.0,7,0,1,18,False,1.0,0.982222222222222,0.982222222222222,0.982222222222222,0.982222222222222,0.982222222222222,0.982222222222222
2022-07-05 19:00:00+00:00,0.0,13.5,3.6,3,0,1,19,False,0.0,0.9769444444444448,0.9769444444444448,0.9769444444444448,0.9769444444444448,0.9769444444444448,0.9769444444444448
2022-07-05 20:00:00+00:00,0.0,11.3,4.2,3,0,1,20,False,0.0,0.9980555555555556,0.9980555555555556,0.9980555555555556,0.9980555555555556,0.9980555555555556,0.9980555555555556
2022-07-05 21:00:00+00:00,0.0,9.4,4.4,3,0,1,21,False,0.0,0.9447222222222222,0.9447222222222222,0.9447222222222222,0.9447222222222222,0.9447222222222222,0.9447222222222222
2022-07-05 22:00:00+00:00,0.0,7.4,3.6,1,0,1,22,False,0.0,0.9980555555555556,0.9980555555555556,0.9980555555555556,0.9980555555555556,0.9980555555555556,0.9980555555555556
2022-07-05 23:00:00+00:00,0.0,5.9,1.5,1,0,1,23,False,0.0,0.9994444444444444,0.9994444444444444,0.9994444444444444,0.9994444444444444,0.9994444444444444,0.9994444444444444
2022-07-06 00:00:00+00:00,0.0,14.8,2.5,4,0,2,0,False,0.0,0.9980555555555556,0.9980555555555556,0.9980555555555556,0.9980555555555556,0.9980555555555556,0.9980555555555556
2022-07-06 01:00:00+00:00,0.0,14.1,2.6,4,0,2,1,False,0.0,0.9627777777777776,0.9627777777777776,0.9627777777777776,0.9627777777777776,0.9627777777777776,0.9627777777777776
2022-07-06 02:00:00+00:00,0.0,13.5,2.7,4,0,2,2,False,0.0,0.9983333333333332,0.9983333333333332,0.9983333333333332,0.9983333333333332,0.9983333333333332,0.9983333333333332
2022-07-06 03:00:00+00:00,0.0,13.7,3.1,4,0,2,3,False,0.0,0.997222222222222,0.997222222222222,0.997222222222222,0.997222222222222,0.997222222222222,0.997222222222222
2022-07-06 04:00:00+00:00,0.0,14.0,1.6,4,0,2,4,False,0.0,0.9816666666666668,0.9816666666666668,0.9816666666666668,0.9816666666666668,0.9816666666666668,0.9816666666666668
2022-07-06 05:00:00+00:00,0.0,14.7,3.0,4,2,2,5,False,0.0,0.9808333333333332,0.9808333333333332,0.9808333333333332,0.9808333333333332,0.9808333333333332,0.9808333333333332
2022-07-06 06:00:00+00:00,0.1,15.2,2.5,4,0,2,6,False,2.0,0.9938888888888888,0.9938888888888888,0.9938888888888888,0.9938888888888888,0.9938888888888888,0.9938888888888888
2022-07-06 07:00:00+00:00,0.0,15.8,2.1,6,0,2,7,False,0.0,0.9836111111111112,0.9836111111111112,0.9836111111111112,0.9836111111111112,0.9836111111111112,0.9836111111111112
2022-07-06 08:00:00+00:00,0.0,17.2,2.8,6,1,2,8,False,0.0,0.9774999999999998,0.9774999999999998,0.9774999999999998,0.9774999999999998,0.9774999999999998,0.9774999999999998
2022-07-06 09:00:00+00:00,0.0,18.0,2.2,6,0,2,9,False,1.0,0.9761111111111112,0.9761111111111112,0.9761111111111112,0.9761111111111112,0.9761111111111112,0.9761111111111112
2022-07-06 10:00:00+00:00,0.1,17.7,4.2,7,0,2,10,False,0.0,0.9494444444444448,0.9494444444444448,0.9494444444444448,0.9494444444444448,0.9494444444444448,0.9494444444444448
2022-07-06 11:00:00+00:00,0.0,17.7,2.0,7,0,2,11,False,0.0,0.9833333333333332,0.9833333333333332,0.9833333333333332,0.9833333333333332,0.9833333333333332,0.9833333333333332
2022-07-06 12:00:00+00:00,0.0,17.2,3.1,7,0,2,12,False,0.0,0.9808333333333332,0.9808333333333332,0.9808333333333332,0.9808333333333332,0.9808333333333332,0.9808333333333332
2022-07-06 13:00:00+00:00,0.0,18.6,3.1,7,1,2,13,False,0.0,0.9799999999999996,0.9799999999999996,0.9799999999999996,0.9799999999999996,0.9799999999999996,0.9799999999999996
2022-07-06 14:00:00+00:00,0.0,18.5,4.4,7,0,2,14,False,1.0,0.9624999999999998,0.9624999999999998,0.9624999999999998,0.9624999999999998,0.9624999999999998,0.9624999999999998
2022-07-06 15:00:00+00:00,0.1,20.0,3.5,7,1,2,15,False,0.0,0.978611111111111,0.978611111111111,0.978611111111111,0.978611111111111,0.978611111111111,0.978611111111111
2022-07-06 16:00:00+00:00,0.0,19.7,3.4,7,1,2,16,False,1.0,0.9824999999999998,0.9824999999999998,0.9824999999999998,0.9824999999999998,0.9824999999999998,0.9824999999999998
2022-07-06 17:00:00+00:00,0.5,16.0,3.6,7,1,2,17,False,1.0,0.9791666666666669,0.9791666666666669,0.9791666666666669,0.9791666666666669,0.9791666666666669,0.9791666666666669
2022-07-06 18:00:00+00:00,0.7,16.4,0.8,7,0,2,18,False,1.0,0.9986111111111112,0.9986111111111112,0.9986111111111112,0.9986111111111112,0.9986111111111112,0.9986111111111112
2022-07-06 19:00:00+00:00,0.0,16.2,0.3,7,0,2,19,False,0.0,0.9786111111111108,0.9786111111111108,0.9786111111111108,0.9786111111111108,0.9786111111111108,0.9786111111111108
2022-07-06 20:00:00+00:00,0.0,15.7,1.5,7,0,2,20,False,0.0,0.9988888888888886,0.9988888888888886,0.9988888888888886,0.9988888888888886,0.9988888888888886,0.9988888888888886
2022-07-06 21:00:00+00:00,0.0,15.3,1.0,7,1,2,21,False,0.0,0.98,0.98,0.98,0.98,0.98,0.98
2022-07-06 22:00:00+00:00,0.0,14.7,1.6,7,0,2,22,False,1.0,0.9947222222222222,0.9947222222222222,0.9947222222222222,0.9947222222222222,0.9947222222222222,0.9947222222222222
2022-07-06 23:00:00+00:00,0.0,14.3,3.2,7,0,2,23,False,0.0,0.9780555555555556,0.9780555555555556,0.9780555555555556,0.9780555555555556,0.9780555555555556,0.9780555555555556
2022-07-07 00:00:00+00:00,1.6,12.0,1.4,8,0,3,0,False,0.0,0.9963888888888888,0.9963888888888888,0.9963888888888888,0.9963888888888888,0.9963888888888888,0.9963888888888888
2022-07-07 01:00:00+00:00,1.6,11.7,0.9,8,0,3,1,False,0.0,0.8941666666666666,0.8941666666666666,0.8941666666666666,0.8941666666666666,0.8941666666666666,0.8941666666666666
2022-07-07 02:00:00+00:00,1.5,11.7,0.2,8,0,3,2,False,0.0,0.9811111111111104,0.9811111111111104,0.9811111111111104,0.9811111111111104,0.9811111111111104,0.9811111111111104
2022-07-07 03:00:00+00:00,0.1,11.8,1.4,8,0,3,3,False,0.0,0.9144444444444444,0.9144444444444444,0.9144444444444444,0.9144444444444444,0.9144444444444444,0.9144444444444444
2022-07-07 04:00:00+00:00,0.0,11.8,2.7,8,0,3,4,False,0.0,0.9780555555555556,0.9780555555555556,0.9780555555555556,0.9780555555555556,0.9780555555555556,0.9780555555555556
2022-07-07 05:00:00+00:00,0.0,12.7,2.6,8,0,3,5,False,0.0,0.9786111111111108,0.9786111111111108,0.9786111111111108,0.9786111111111108,0.9786111111111108,0.9786111111111108
2022-07-07 06:00:00+00:00,0.0,13.3,2.2,8,1,3,6,False,0.0,0.9997222222222224,0.9997222222222224,0.9997222222222224,0.9997222222222224,0.9997222222222224,0.9997222222222224
2022-07-07 07:00:00+00:00,0.0,14.9,3.7,3,0,3,7,False,1.0,0.9261111111111108,0.9261111111111108,0.9261111111111108,0.9261111111111108,0.9261111111111108,0.9261111111111108
2022-07-07 08:00:00+00:00,0.0,14.9,6.4,3,1,3,8,False,0.0,0.9955555555555554,0.9955555555555554,0.9955555555555554,0.9955555555555554,0.9955555555555554,0.9955555555555554
2022-07-07 09:00:00+00:00,0.0,16.6,3.7,3,1,3,9,False,1.0,0.9830555555555552,0.9830555555555552,0.9830555555555552,0.9830555555555552,0.9830555555555552,0.9830555555555552
2022-07-07 10:00:00+00:00,0.0,18.0,4.2,2,0,3,10,False,1.0,0.994722222222222,0.994722222222222,0.994722222222222,0.994722222222222,0.994722222222222,0.994722222222222
2022-07-07 11:00:00+00:00,0.0,19.1,4.2,2,0,3,11,False,0.0,0.9772222222222222,0.9772222222222222,0.9772222222222222,0.9772222222222222,0.9772222222222222,0.9772222222222222
2022-07-07 12:00:00+00:00,0.0,19.8,4.2,2,1,3,12,False,0.0,0.9991666666666668,0.9991666666666668,0.9991666666666668,0.9991666666666668,0.9991666666666668,0.9991666666666668
2022-07-07 13:00:00+00:00,0.0,21.4,4.0,2,0,3,13,False,1.0,0.9813888888888884,0.9813888888888884,0.9813888888888884,0.9813888888888884,0.9813888888888884,0.9813888888888884
2022-07-07 14:00:00+00:00,0.0,21.2,4.1,2,0,3,14,False,0.0,0.963611111111111,0.963611111111111,0.963611111111111,0.963611111111111,0.963611111111111,0.963611111111111
2022-07-07 15:00:00+00:00,0.0,20.6,2.8,2,1,3,15,False,0.0,0.9799999999999998,0.9799999999999998,0.9799999999999998,0.9799999999999998,0.9799999999999998,0.9799999999999998
2022-07-07 16:00:00+00:00,0.0,21.2,2.3,5,0,3,16,False,1.0,1.0,1.0,1.0,1.0,1.0,1.0
2022-07-07 17:00:00+00:00,0.0,23.6,3.5,5,1,3,17,False,0.0,0.9836111111111108,0.9836111111111108,0.9836111111111108,0.9836111111111108,0.9836111111111108,0.9836111111111108
2022-07-07 18:00:00+00:00,0.1,23.3,2.8,5,1,3,18,False,1.0,0.998888888888889,0.998888888888889,0.998888888888889,0.998888888888889,0.998888888888889,0.998888888888889
2022-07-07 19:00:00+00:00,0.0,22.9,2.4,4,0,3,19,False,1.0,0.9963888888888888,0.9963888888888888,0.9963888888888888,0.9963888888888888,0.9963888888888888,0.9963888888888888
2022-07-07 20:00:00+00:00,0.0,19.6,2.0,4,0,3,20,False,0.0,0.981111111111111,0.981111111111111,0.981111111111111,0.981111111111111,0.981111111111111,0.981111111111111
2022-07-07 21:00:00+00:00,0.0,18.6,2.3,4,0,3,21,False,0.0,0.9794444444444445,0.9794444444444445,0.9794444444444445,0.9794444444444445,0.9794444444444445,0.9794444444444445
2022-07-07 22:00:00+00:00,0.0,17.7,3.9,8,0,3,22,False,0.0,0.9777777777777776,0.9777777777777776,0.9777777777777776,0.9777777777777776,0.9777777777777776,0.9777777777777776
2022-07-07 23:00:00+00:00,0.0,17.0,3.1,8,0,3,23,False,0.0,0.981111111111111,0.981111111111111,0.981111111111111,0.981111111111111,0.981111111111111,0.981111111111111
2022-07-13 00:00:00+00:00,0.0,17.1,3.4,7,0,2,0,False,0.0,0.9474999999999996,0.9474999999999996,0.9474999999999996,0.9474999999999996,0.9474999999999996,0.9474999999999996
2022-07-13 01:00:00+00:00,0.0,17.0,2.2,7,0,2,1,False,0.0,0.7708333333333331,0.7708333333333331,0.7708333333333331,0.7708333333333331,0.7708333333333331,0.7708333333333331
2022-07-13 02:00:00+00:00,0.0,17.0,2.0,7,0,2,2,False,0.0,0.9780555555555552,0.9780555555555552,0.9780555555555552,0.9780555555555552,0.9780555555555552,0.9780555555555552
2022-07-13 03:00:00+00:00,0.0,17.0,2.1,7,0,2,3,False,0.0,0.9991666666666664,0.9991666666666664,0.9991666666666664,0.9991666666666664,0.9991666666666664,0.9991666666666664
2022-07-13 04:00:00+00:00,0.0,16.8,1.8,7,0,2,4,False,0.0,0.9961111111111108,0.9961111111111108,0.9961111111111108,0.9961111111111108,0.9961111111111108,0.9961111111111108
2022-07-13 05:00:00+00:00,0.0,16.7,1.7,7,0,2,5,False,0.0,0.9511111111111108,0.9511111111111108,0.9511111111111108,0.9511111111111108,0.9511111111111108,0.9511111111111108
2022-07-13 06:00:00+00:00,0.0,17.2,2.4,7,1,2,6,False,0.0,0.9999999999999998,0.9999999999999998,0.9999999999999998,0.9999999999999998,0.9999999999999998,0.9999999999999998
2022-07-13 07:00:00+00:00,0.0,17.6,2.4,7,2,2,7,False,1.0,0.9980555555555554,0.9980555555555554,0.9980555555555554,0.9980555555555554,0.9980555555555554,0.9980555555555554
2022-07-13 08:00:00+00:00,0.0,18.3,2.5,7,0,2,8,False,2.0,0.9772222222222222,0.9772222222222222,0.9772222222222222,0.9772222222222222,0.9772222222222222,0.9772222222222222
2022-07-13 09:00:00+00:00,0.0,19.0,2.8,7,0,2,9,False,0.0,0.9991666666666664,0.9991666666666664,0.9991666666666664,0.9991666666666664,0.9991666666666664,0.9991666666666664
2022-07-13 10:00:00+00:00,0.0,21.6,1.8,5,0,2,10,False,0.0,0.9988888888888888,0.9988888888888888,0.9988888888888888,0.9988888888888888,0.9988888888888888,0.9988888888888888
2022-07-13 11:00:00+00:00,0.0,22.6,2.1,5,0,2,11,False,0.0,0.974722222222222,0.974722222222222,0.974722222222222,0.974722222222222,0.974722222222222,0.974722222222222
2022-07-13 12:00:00+00:00,0.2,19.7,3.6,5,1,2,12,False,0.0,0.9816666666666664,0.9816666666666664,0.9816666666666664,0.9816666666666664,0.9816666666666664,0.9816666666666664
2022-07-13 13:00:00+00:00,1.7,13.4,4.9,8,0,2,13,False,1.0,0.9983333333333332,0.9983333333333332,0.9983333333333332,0.9983333333333332,0.9983333333333332,0.9983333333333332
2022-07-13 14:00:00+00:00,0.3,15.9,4.7,8,0,2,14,False,0.0,0.9813888888888886,0.9813888888888886,0.9813888888888886,0.9813888888888886,0.9813888888888886,0.9813888888888886
2022-07-13 15:00:00+00:00,0.0,20.8,4.2,8,1,2,15,False,0.0,0.9991666666666664,0.9991666666666664,0.9991666666666664,0.9991666666666664,0.9991666666666664,0.9991666666666664
2022-07-13 16:00:00+00:00,0.0,20.1,5.3,3,0,2,16,False,1.0,0.961111111111111,0.961111111111111,0.961111111111111,0.961111111111111,0.961111111111111,0.961111111111111
2022-07-13 17:00:00+00:00,0.0,20.6,3.7,3,1,2,17,False,0.0,0.9936111111111108,0.9936111111111108,0.9936111111111108,0.9936111111111108,0.9936111111111108,0.9936111111111108
2022-07-13 18:00:00+00:00,0.0,20.4,6.5,3,0,2,18,False,1.0,0.998888888888889,0.998888888888889,0.998888888888889,0.998888888888889,0.998888888888889,0.998888888888889
2022-07-13 19:00:00+00:00,0.0,19.2,5.5,3,0,2,19,False,0.0,0.966111111111111,0.966111111111111,0.966111111111111,0.966111111111111,0.966111111111111,0.966111111111111
2022-07-13 20:00:00+00:00,0.0,17.4,4.7,3,0,2,20,False,0.0,0.9805555555555552,0.9805555555555552,0.9805555555555552,0.9805555555555552,0.9805555555555552,0.9805555555555552
2022-07-13 21:00:00+00:00,0.0,15.7,2.9,3,0,2,21,False,0.0,0.9791666666666664,0.9791666666666664,0.9791666666666664,0.9791666666666664,0.9791666666666664,0.9791666666666664
2022-07-13 22:00:00+00:00,0.0,13.7,2.0,1,0,2,22,False,0.0,0.9941666666666664,0.9941666666666664,0.9941666666666664,0.9941666666666664,0.9941666666666664,0.9941666666666664
2022-07-13 23:00:00+00:00,0.0,14.2,5.4,1,0,2,23,False,0.0,0.9791666666666669,0.9791666666666669,0.9791666666666669,0.9791666666666669,0.9791666666666669,0.9791666666666669
2022-07-14 00:00:00+00:00,0.0,14.2,1.8,1,0,3,0,False,0.0,0.9608333333333334,0.9608333333333334,0.9608333333333334,0.9608333333333334,0.9608333333333334,0.9608333333333334
2022-07-14 01:00:00+00:00,0.0,13.4,2.7,1,0,3,1,False,0.0,0.9658333333333332,0.9658333333333332,0.9658333333333332,0.9658333333333332,0.9658333333333332,0.9658333333333332
2022-07-14 02:00:00+00:00,0.0,13.9,2.3,1,0,3,2,False,0.0,0.9808333333333332,0.9808333333333332,0.9808333333333332,0.9808333333333332,0.9808333333333332,0.9808333333333332
2022-07-14 03:00:00+00:00,0.0,13.1,1.6,1,0,3,3,False,0.0,0.9625,0.9625,0.9625,0.9625,0.9625,0.9625
2022-07-14 04:00:00+00:00,0.0,12.8,1.9,1,0,3,4,False,0.0,0.9644444444444448,0.9644444444444448,0.9644444444444448,0.9644444444444448,0.9644444444444448,0.9644444444444448
2022-07-14 05:00:00+00:00,0.0,12.9,0.5,1,1,3,5,False,0.0,0.9974999999999998,0.9974999999999998,0.9974999999999998,0.9974999999999998,0.9974999999999998,0.9974999999999998
2022-07-14 06:00:00+00:00,0.0,13.6,1.6,1,2,3,6,False,1.0,0.9994444444444444,0.9994444444444444,0.9994444444444444,0.9994444444444444,0.9994444444444444,0.9994444444444444
2022-07-14 07:00:00+00:00,0.0,14.8,1.8,7,0,3,7,False,2.0,0.9788888888888886,0.9788888888888886,0.9788888888888886,0.9788888888888886,0.9788888888888886,0.9788888888888886
2022-07-14 08:00:00+00:00,0.0,15.3,1.6,7,0,3,8,False,0.0,0.9805555555555554,0.9805555555555554,0.9805555555555554,0.9805555555555554,0.9805555555555554,0.9805555555555554
2022-07-14 09:00:00+00:00,0.0,16.1,2.1,7,0,3,9,False,0.0,0.9974999999999996,0.9974999999999996,0.9974999999999996,0.9974999999999996,0.9974999999999996,0.9974999999999996
2022-07-14 10:00:00+00:00,0.0,18.5,2.2,7,0,3,10,False,0.0,0.9797222222222224,0.9797222222222224,0.9797222222222224,0.9797222222222224,0.9797222222222224,0.9797222222222224
2022-07-14 11:00:00+00:00,0.0,18.0,1.4,7,0,3,11,False,0.0,0.9961111111111112,0.9961111111111112,0.9961111111111112,0.9961111111111112,0.9961111111111112,0.9961111111111112
2022-07-14 12:00:00+00:00,0.0,18.6,4.7,7,0,3,12,False,0.0,0.9661111111111108,0.9661111111111108,0.9661111111111108,0.9661111111111108,0.9661111111111108,0.9661111111111108
2022-07-14 13:00:00+00:00,0.0,17.9,3.9,7,0,3,13,False,0.0,0.9955555555555556,0.9955555555555556,0.9955555555555556,0.9955555555555556,0.9955555555555556,0.9955555555555556
2022-07-14 14:00:00+00:00,0.0,18.2,4.0,7,0,3,14,False,0.0,0.9752777777777776,0.9752777777777776,0.9752777777777776,0.9752777777777776,0.9752777777777776,0.9752777777777776
2022-07-14 15:00:00+00:00,0.0,18.2,2.8,7,1,3,15,False,0.0,0.9991666666666668,0.9991666666666668,0.9991666666666668,0.9991666666666668,0.9991666666666668,0.9991666666666668
2022-07-14 16:00:00+00:00,0.0,17.8,2.5,7,0,3,16,False,1.0,0.9588888888888883,0.9588888888888883,0.9588888888888883,0.9588888888888883,0.9588888888888883,0.9588888888888883
2022-07-14 17:00:00+00:00,0.0,18.7,3.6,7,1,3,17,False,0.0,0.9980555555555556,0.9980555555555556,0.9980555555555556,0.9980555555555556,0.9980555555555556,0.9980555555555556
2022-07-14 18:00:00+00:00,0.0,17.7,4.0,7,0,3,18,False,1.0,0.9969444444444444,0.9969444444444444,0.9969444444444444,0.9969444444444444,0.9969444444444444,0.9969444444444444
2022-07-14 19:00:00+00:00,0.0,16.5,3.5,7,0,3,19,False,0.0,0.945,0.945,0.945,0.945,0.945,0.945
2022-07-14 20:00:00+00:00,0.0,15.8,3.8,7,0,3,20,False,0.0,0.9774999999999996,0.9774999999999996,0.9774999999999996,0.9774999999999996,0.9774999999999996,0.9774999999999996
2022-07-14 21:00:00+00:00,0.0,15.0,1.8,7,0,3,21,False,0.0,0.9827777777777776,0.9827777777777776,0.9827777777777776,0.9827777777777776,0.9827777777777776,0.9827777777777776
2022-07-14 22:00:00+00:00,0.0,14.4,2.5,7,0,3,22,False,0.0,0.994722222222222,0.994722222222222,0.994722222222222,0.994722222222222,0.994722222222222,0.994722222222222
2022-07-14 23:00:00+00:00,0.0,13.6,4.0,7,0,3,23,False,0.0,0.9730555555555556,0.9730555555555556,0.9730555555555556,0.9730555555555556,0.9730555555555556,0.9730555555555556
2022-07-15 00:00:00+00:00,0.0,13.0,4.0,7,0,4,0,False,0.0,0.9816666666666668,0.9816666666666668,0.9816666666666668,0.9816666666666668,0.9816666666666668,0.9816666666666668
2022-07-15 01:00:00+00:00,0.0,12.5,5.5,7,0,4,1,False,0.0,0.9816666666666664,0.9816666666666664,0.9816666666666664,0.9816666666666664,0.9816666666666664,0.9816666666666664
2022-07-15 02:00:00+00:00,0.0,11.7,2.8,7,0,4,2,False,0.0,0.9297222222222224,0.9297222222222224,0.9297222222222224,0.9297222222222224,0.9297222222222224,0.9297222222222224
2022-07-15 03:00:00+00:00,0.0,8.8,0.7,7,0,4,3,False,0.0,0.9427777777777776,0.9427777777777776,0.9427777777777776,0.9427777777777776,0.9427777777777776,0.9427777777777776
2022-07-15 04:00:00+00:00,0.0,7.7,0.9,7,0,4,4,False,0.0,0.994722222222222,0.994722222222222,0.994722222222222,0.994722222222222,0.994722222222222,0.994722222222222
2022-07-15 05:00:00+00:00,0.0,8.6,1.5,7,0,4,5,False,0.0,0.9883333333333328,0.9883333333333328,0.9883333333333328,0.9883333333333328,0.9883333333333328,0.9883333333333328
2022-07-15 06:00:00+00:00,0.0,11.7,1.4,7,3,4,6,False,0.0,0.9966666666666666,0.9966666666666666,0.9966666666666666,0.9966666666666666,0.9966666666666666,0.9966666666666666
2022-07-15 07:00:00+00:00,0.0,14.6,2.3,4,0,4,7,False,3.0,0.977222222222222,0.977222222222222,0.977222222222222,0.977222222222222,0.977222222222222,0.977222222222222
2022-07-15 08:00:00+00:00,0.0,16.3,2.1,4,0,4,8,False,0.0,0.9925,0.9925,0.9925,0.9925,0.9925,0.9925
2022-07-15 09:00:00+00:00,0.0,17.6,2.5,4,0,4,9,False,0.0,0.9825,0.9825,0.9825,0.9825,0.9825,0.9825
2022-07-15 10:00:00+00:00,0.0,18.5,1.6,2,1,4,10,False,0.0,0.9969444444444449,0.9969444444444449,0.9969444444444449,0.9969444444444449,0.9969444444444449,0.9969444444444449
2022-07-15 11:00:00+00:00,0.0,19.6,2.6,2,0,4,11,False,1.0,0.975,0.975,0.975,0.975,0.975,0.975
2022-07-15 12:00:00+00:00,0.0,19.6,2.8,2,0,4,12,False,0.0,0.995,0.995,0.995,0.995,0.995,0.995
2022-07-15 13:00:00+00:00,0.0,19.3,3.4,3,0,4,13,False,0.0,0.962222222222222,0.962222222222222,0.962222222222222,0.962222222222222,0.962222222222222,0.962222222222222
2022-07-15 14:00:00+00:00,0.0,18.9,4.1,3,1,4,14,False,0.0,0.9780555555555556,0.9780555555555556,0.9780555555555556,0.9780555555555556,0.9780555555555556,0.9780555555555556
2022-07-15 15:00:00+00:00,0.0,20.1,3.9,3,0,4,15,False,1.0,0.9924999999999998,0.9924999999999998,0.9924999999999998,0.9924999999999998,0.9924999999999998,0.9924999999999998
2022-07-15 16:00:00+00:00,0.0,19.8,4.7,6,0,4,16,False,0.0,0.9725,0.9725,0.9725,0.9725,0.9725,0.9725
2022-07-15 17:00:00+00:00,0.1,18.6,4.0,6,2,4,17,False,0.0,0.996388888888889,0.996388888888889,0.996388888888889,0.996388888888889,0.996388888888889,0.996388888888889
2022-07-15 18:00:00+00:00,0.0,18.8,4.5,6,1,4,18,False,2.0,0.9777777777777774,0.9777777777777774,0.9777777777777774,0.9777777777777774,0.9777777777777774,0.9777777777777774
2022-07-15 19:00:00+00:00,0.0,17.8,2.6,6,0,4,19,False,1.0,0.998611111111111,0.998611111111111,0.998611111111111,0.998611111111111,0.998611111111111,0.998611111111111
2022-07-15 20:00:00+00:00,0.0,16.4,1.6,6,0,4,20,False,0.0,0.9794444444444446,0.9794444444444446,0.9794444444444446,0.9794444444444446,0.9794444444444446,0.9794444444444446
2022-07-15 21:00:00+00:00,0.0,15.9,2.4,6,0,4,21,False,0.0,0.998888888888889,0.998888888888889,0.998888888888889,0.998888888888889,0.998888888888889,0.998888888888889
2022-07-15 22:00:00+00:00,0.2,14.2,5.6,6,0,4,22,False,0.0,0.9783333333333328,0.9783333333333328,0.9783333333333328,0.9783333333333328,0.9783333333333328,0.9783333333333328
2022-07-15 23:00:00+00:00,0.2,13.1,4.2,6,0,4,23,False,0.0,0.9963888888888888,0.9963888888888888,0.9963888888888888,0.9963888888888888,0.9963888888888888,0.9963888888888888
2022-07-16 00:00:00+00:00,0.0,13.5,4.3,6,0,5,0,False,0.0,0.9780555555555552,0.9780555555555552,0.9780555555555552,0.9780555555555552,0.9780555555555552,0.9780555555555552
2022-07-16 01:00:00+00:00,0.0,13.3,3.2,6,0,5,1,False,0.0,0.9794444444444445,0.9794444444444445,0.9794444444444445,0.9794444444444445,0.9794444444444445,0.9794444444444445
2022-07-16 02:00:00+00:00,0.0,12.6,3.1,6,0,5,2,False,0.0,0.999444444444444,0.999444444444444,0.999444444444444,0.999444444444444,0.999444444444444,0.999444444444444
2022-07-16 03:00:00+00:00,0.0,11.8,4.2,6,0,5,3,False,0.0,0.9586111111111112,0.9586111111111112,0.9586111111111112,0.9586111111111112,0.9586111111111112,0.9586111111111112
2022-07-16 04:00:00+00:00,0.0,11.9,2.6,6,0,5,4,False,0.0,0.9786111111111108,0.9786111111111108,0.9786111111111108,0.9786111111111108,0.9786111111111108,0.9786111111111108
2022-07-16 05:00:00+00:00,0.0,11.8,1.9,6,0,5,5,False,0.0,0.9808333333333332,0.9808333333333332,0.9808333333333332,0.9808333333333332,0.9808333333333332,0.9808333333333332
2022-07-16 06:00:00+00:00,0.0,11.7,0.3,6,0,5,6,False,0.0,0.998888888888889,0.998888888888889,0.998888888888889,0.998888888888889,0.998888888888889,0.998888888888889
2022-07-16 07:00:00+00:00,0.0,13.3,2.3,6,0,5,7,False,0.0,0.9938888888888888,0.9938888888888888,0.9938888888888888,0.9938888888888888,0.9938888888888888,0.9938888888888888
2022-07-16 08:00:00+00:00,0.0,14.7,2.5,6,0,5,8,False,0.0,0.998888888888889,0.998888888888889,0.998888888888889,0.998888888888889,0.998888888888889,0.998888888888889
2022-07-16 09:00:00+00:00,0.0,15.7,2.3,6,2,5,9,False,0.0,0.9936111111111108,0.9936111111111108,0.9936111111111108,0.9936111111111108,0.9936111111111108,0.9936111111111108
2022-07-16 10:00:00+00:00,0.0,18.9,2.6,6,1,5,10,False,2.0,0.9833333333333332,0.9833333333333332,0.9833333333333332,0.9833333333333332,0.9833333333333332,0.9833333333333332
2022-07-16 11:00:00+00:00,0.0,18.1,4.4,6,0,5,11,False,1.0,0.9805555555555556,0.9805555555555556,0.9805555555555556,0.9805555555555556,0.9805555555555556,0.9805555555555556
2022-07-16 12:00:00+00:00,0.0,19.9,2.5,6,0,5,12,False,0.0,0.9963888888888892,0.9963888888888892,0.9963888888888892,0.9963888888888892,0.9963888888888892,0.9963888888888892
2022-07-16 13:00:00+00:00,0.0,21.7,2.3,4,1,5,13,False,0.0,0.965,0.965,0.965,0.965,0.965,0.965
2022-07-16 14:00:00+00:00,0.0,20.9,3.5,4,0,5,14,False,1.0,0.9986111111111108,0.9986111111111108,0.9986111111111108,0.9986111111111108,0.9986111111111108,0.9986111111111108
2022-07-16 15:00:00+00:00,0.0,21.5,2.3,4,0,5,15,False,0.0,0.9775,0.9775,0.9775,0.9775,0.9775,0.9775
2022-07-16 16:00:00+00:00,0.0,22.2,1.9,4,0,5,16,False,0.0,0.9974999999999998,0.9974999999999998,0.9974999999999998,0.9974999999999998,0.9974999999999998,0.9974999999999998
2022-07-16 17:00:00+00:00,0.0,19.2,3.9,4,0,5,17,False,0.0,0.9988888888888888,0.9988888888888888,0.9988888888888888,0.9988888888888888,0.9988888888888888,0.9988888888888888
2022-07-16 18:00:00+00:00,0.0,18.9,3.8,4,0,5,18,False,0.0,0.9772222222222222,0.9772222222222222,0.9772222222222222,0.9772222222222222,0.9772222222222222,0.9772222222222222
2022-07-16 19:00:00+00:00,0.0,18.2,2.9,6,0,5,19,False,0.0,0.9786111111111108,0.9786111111111108,0.9786111111111108,0.9786111111111108,0.9786111111111108,0.9786111111111108
2022-07-16 20:00:00+00:00,0.0,17.8,0.7,6,0,5,20,False,0.0,0.9980555555555554,0.9980555555555554,0.9980555555555554,0.9980555555555554,0.9980555555555554,0.9980555555555554
2022-07-16 21:00:00+00:00,0.0,17.0,0.7,6,0,5,21,False,0.0,0.9952777777777774,0.9952777777777774,0.9952777777777774,0.9952777777777774,0.9952777777777774,0.9952777777777774
2022-07-16 22:00:00+00:00,0.0,15.4,1.4,6,0,5,22,False,0.0,0.996111111111111,0.996111111111111,0.996111111111111,0.996111111111111,0.996111111111111,0.996111111111111
2022-07-16 23:00:00+00:00,0.0,13.7,1.2,6,0,5,23,False,0.0,0.9769444444444444,0.9769444444444444,0.9769444444444444,0.9769444444444444,0.9769444444444444,0.9769444444444444
2022-07-17 00:00:00+00:00,0.0,12.7,1.8,6,0,6,0,False,0.0,0.9813888888888886,0.9813888888888886,0.9813888888888886,0.9813888888888886,0.9813888888888886,0.9813888888888886
2022-07-17 01:00:00+00:00,0.0,12.7,2.3,6,0,6,1,False,0.0,0.983888888888889,0.983888888888889,0.983888888888889,0.983888888888889,0.983888888888889,0.983888888888889
2022-07-17 02:00:00+00:00,0.0,12.1,0.5,6,0,6,2,False,0.0,0.9991666666666666,0.9991666666666666,0.9991666666666666,0.9991666666666666,0.9991666666666666,0.9991666666666666
2022-07-17 03:00:00+00:00,0.0,12.7,0.5,6,0,6,3,False,0.0,0.9833333333333332,0.9833333333333332,0.9833333333333332,0.9833333333333332,0.9833333333333332,0.9833333333333332
2022-07-17 04:00:00+00:00,0.0,13.5,0.8,6,0,6,4,False,0.0,0.9986111111111104,0.9986111111111104,0.9986111111111104,0.9986111111111104,0.9986111111111104,0.9986111111111104
2022-07-17 05:00:00+00:00,0.0,13.9,1.5,6,1,6,5,False,0.0,0.9588888888888888,0.9588888888888888,0.9588888888888888,0.9588888888888888,0.9588888888888888,0.9588888888888888
2022-07-17 06:00:00+00:00,0.0,14.4,1.0,6,0,6,6,False,1.0,0.979444444444444,0.979444444444444,0.979444444444444,0.979444444444444,0.979444444444444,0.979444444444444
2022-07-17 07:00:00+00:00,0.0,15.3,3.4,6,0,6,7,False,0.0,0.9813888888888884,0.9813888888888884,0.9813888888888884,0.9813888888888884,0.9813888888888884,0.9813888888888884
2022-07-17 08:00:00+00:00,0.0,16.2,4.4,6,0,6,8,False,0.0,0.9963888888888884,0.9963888888888884,0.9963888888888884,0.9963888888888884,0.9963888888888884,0.9963888888888884
2022-07-17 09:00:00+00:00,0.0,16.4,2.2,6,0,6,9,False,0.0,0.9775,0.9775,0.9775,0.9775,0.9775,0.9775
2022-07-17 10:00:00+00:00,0.0,17.5,2.0,6,0,6,10,False,0.0,0.9794444444444446,0.9794444444444446,0.9794444444444446,0.9794444444444446,0.9794444444444446,0.9794444444444446
2022-07-17 11:00:00+00:00,0.0,16.8,3.1,6,0,6,11,False,0.0,0.9977777777777778,0.9977777777777778,0.9977777777777778,0.9977777777777778,0.9977777777777778,0.9977777777777778
2022-07-17 12:00:00+00:00,0.0,17.2,3.6,6,0,6,12,False,0.0,0.96,0.96,0.96,0.96,0.96,0.96
2022-07-17 13:00:00+00:00,0.0,21.3,3.3,6,0,6,13,False,0.0,0.9994444444444446,0.9994444444444446,0.9994444444444446,0.9994444444444446,0.9994444444444446,0.9994444444444446
2022-07-17 14:00:00+00:00,0.0,19.8,2.9,6,0,6,14,False,0.0,0.9972222222222222,0.9972222222222222,0.9972222222222222,0.9972222222222222,0.9972222222222222,0.9972222222222222
2022-07-17 15:00:00+00:00,0.0,20.3,2.5,6,2,6,15,False,0.0,0.9758333333333336,0.9758333333333336,0.9758333333333336,0.9758333333333336,0.9758333333333336,0.9758333333333336
2022-07-17 16:00:00+00:00,0.1,20.3,4.2,7,1,6,16,False,2.0,1.0000000000000002,1.0000000000000002,1.0000000000000002,1.0000000000000002,1.0000000000000002,1.0000000000000002
2022-07-17 17:00:00+00:00,0.0,20.5,3.6,7,0,6,17,False,1.0,0.9994444444444446,0.9994444444444446,0.9994444444444446,0.9994444444444446,0.9994444444444446,0.9994444444444446
2022-07-17 18:00:00+00:00,0.0,20.3,3.1,7,0,6,18,False,0.0,0.9661111111111108,0.9661111111111108,0.9661111111111108,0.9661111111111108,0.9661111111111108,0.9661111111111108
2022-07-17 19:00:00+00:00,0.0,19.8,3.0,8,1,6,19,False,0.0,0.992777777777778,0.992777777777778,0.992777777777778,0.992777777777778,0.992777777777778,0.992777777777778
2022-07-17 20:00:00+00:00,0.0,19.0,4.2,8,0,6,20,False,1.0,0.9802777777777778,0.9802777777777778,0.9802777777777778,0.9802777777777778,0.9802777777777778,0.9802777777777778
2022-07-17 21:00:00+00:00,0.0,18.0,3.8,8,0,6,21,False,0.0,0.9969444444444444,0.9969444444444444,0.9969444444444444,0.9969444444444444,0.9969444444444444,0.9969444444444444
2022-07-17 22:00:00+00:00,0.0,16.4,1.2,5,0,6,22,False,0.0,0.9813888888888892,0.9813888888888892,0.9813888888888892,0.9813888888888892,0.9813888888888892,0.9813888888888892
2022-07-17 23:00:00+00:00,0.0,14.9,1.6,5,0,6,23,False,0.0,0.9986111111111112,0.9986111111111112,0.9986111111111112,0.9986111111111112,0.9986111111111112,0.9986111111111112
2022-07-18 00:00:00+00:00,0.0,13.2,0.3,5,0,0,0,False,0.0,0.981111111111111,0.981111111111111,0.981111111111111,0.981111111111111,0.981111111111111,0.981111111111111
2022-07-18 01:00:00+00:00,0.0,12.8,0.6,5,0,0,1,False,0.0,0.976944444444444,0.976944444444444,0.976944444444444,0.976944444444444,0.976944444444444,0.976944444444444
2022-07-18 02:00:00+00:00,0.0,12.3,1.0,5,0,0,2,False,0.0,0.9797222222222224,0.9797222222222224,0.9797222222222224,0.9797222222222224,0.9797222222222224,0.9797222222222224
2022-07-18 03:00:00+00:00,0.0,13.0,1.6,5,0,0,3,False,0.0,0.962222222222222,0.962222222222222,0.962222222222222,0.962222222222222,0.962222222222222,0.962222222222222
2022-07-18 04:00:00+00:00,0.0,13.3,2.1,5,0,0,4,False,0.0,0.9991666666666668,0.9991666666666668,0.9991666666666668,0.9991666666666668,0.9991666666666668,0.9991666666666668
2022-07-18 05:00:00+00:00,0.1,13.3,1.2,5,0,0,5,False,0.0,0.9880555555555556,0.9880555555555556,0.9880555555555556,0.9880555555555556,0.9880555555555556,0.9880555555555556
2022-07-18 06:00:00+00:00,0.7,13.4,2.4,5,1,0,6,False,0.0,0.9794444444444442,0.9794444444444442,0.9794444444444442,0.9794444444444442,0.9794444444444442,0.9794444444444442
2022-07-18 07:00:00+00:00,0.3,13.7,0.3,8,1,0,7,False,1.0,0.9466666666666664,0.9466666666666664,0.9466666666666664,0.9466666666666664,0.9466666666666664,0.9466666666666664
2022-07-18 08:00:00+00:00,0.0,15.7,0.9,8,0,0,8,False,1.0,0.9808333333333332,0.9808333333333332,0.9808333333333332,0.9808333333333332,0.9808333333333332,0.9808333333333332
2022-07-18 09:00:00+00:00,0.0,17.1,0.7,8,1,0,9,False,0.0,0.9808333333333336,0.9808333333333336,0.9808333333333336,0.9808333333333336,0.9808333333333336,0.9808333333333336
2022-07-18 10:00:00+00:00,0.0,19.0,1.6,6,0,0,10,False,1.0,0.9963888888888888,0.9963888888888888,0.9963888888888888,0.9963888888888888,0.9963888888888888,0.9963888888888888
2022-07-18 11:00:00+00:00,0.0,19.8,1.8,6,0,0,11,False,0.0,0.9641666666666664,0.9641666666666664,0.9641666666666664,0.9641666666666664,0.9641666666666664,0.9641666666666664
2022-07-18 12:00:00+00:00,0.0,21.9,2.4,6,0,0,12,False,0.0,0.9961111111111112,0.9961111111111112,0.9961111111111112,0.9961111111111112,0.9961111111111112,0.9961111111111112
2022-07-18 13:00:00+00:00,0.0,22.0,3.7,6,0,0,13,False,0.0,0.999722222222222,0.999722222222222,0.999722222222222,0.999722222222222,0.999722222222222,0.999722222222222
2022-07-18 14:00:00+00:00,0.0,22.5,2.0,6,0,0,14,False,0.0,0.980833333333333,0.980833333333333,0.980833333333333,0.980833333333333,0.980833333333333,0.980833333333333
2022-07-18 15:00:00+00:00,0.0,22.7,2.4,6,0,0,15,False,0.0,0.997777777777778,0.997777777777778,0.997777777777778,0.997777777777778,0.997777777777778,0.997777777777778
2022-07-18 16:00:00+00:00,0.0,22.6,2.3,7,0,0,16,False,0.0,0.9941666666666664,0.9941666666666664,0.9941666666666664,0.9941666666666664,0.9941666666666664,0.9941666666666664
2022-07-18 17:00:00+00:00,0.0,21.4,2.9,7,1,0,17,False,0.0,0.927222222222222,0.927222222222222,0.927222222222222,0.927222222222222,0.927222222222222,0.927222222222222
2022-07-18 18:00:00+00:00,0.0,19.9,3.3,7,0,0,18,False,1.0,0.981388888888889,0.981388888888889,0.981388888888889,0.981388888888889,0.981388888888889,0.981388888888889
2022-07-18 19:00:00+00:00,0.0,19.8,1.7,5,1,0,19,False,0.0,0.9797222222222224,0.9797222222222224,0.9797222222222224,0.9797222222222224,0.9797222222222224,0.9797222222222224
2022-07-18 20:00:00+00:00,0.0,18.2,1.9,5,0,0,20,False,1.0,0.9980555555555554,0.9980555555555554,0.9980555555555554,0.9980555555555554,0.9980555555555554,0.9980555555555554
2022-07-18 21:00:00+00:00,0.0,17.1,2.3,5,0,0,21,False,0.0,0.979444444444444,0.979444444444444,0.979444444444444,0.979444444444444,0.979444444444444,0.979444444444444
2022-07-18 22:00:00+00:00,0.0,16.2,2.1,4,0,0,22,False,0.0,0.9772222222222222,0.9772222222222222,0.9772222222222222,0.9772222222222222,0.9772222222222222,0.9772222222222222
2022-07-18 23:00:00+00:00,0.0,15.4,0.8,4,0,0,23,False,0.0,0.9988888888888888,0.9988888888888888,0.9988888888888888,0.9988888888888888,0.9988888888888888,0.9988888888888888
2022-07-19 00:00:00+00:00,0.0,15.1,1.1,4,0,1,0,False,0.0,0.998611111111111,0.998611111111111,0.998611111111111,0.998611111111111,0.998611111111111,0.998611111111111
2022-07-19 01:00:00+00:00,0.0,13.8,2.4,4,0,1,1,False,0.0,0.9766666666666668,0.9766666666666668,0.9766666666666668,0.9766666666666668,0.9766666666666668,0.9766666666666668
2022-07-19 02:00:00+00:00,0.0,13.6,1.1,4,0,1,2,False,0.0,0.8983333333333332,0.8983333333333332,0.8983333333333332,0.8983333333333332,0.8983333333333332,0.8983333333333332
2022-07-19 03:00:00+00:00,0.0,12.7,2.0,4,0,1,3,False,0.0,0.9805555555555554,0.9805555555555554,0.9805555555555554,0.9805555555555554,0.9805555555555554,0.9805555555555554
2022-07-19 04:00:00+00:00,0.0,11.7,1.4,4,0,1,4,False,0.0,0.9794444444444446,0.9794444444444446,0.9794444444444446,0.9794444444444446,0.9794444444444446,0.9794444444444446
2022-07-19 05:00:00+00:00,0.0,13.2,2.6,4,1,1,5,False,0.0,0.9822222222222224,0.9822222222222224,0.9822222222222224,0.9822222222222224,0.9822222222222224,0.9822222222222224
2022-07-19 06:00:00+00:00,0.0,14.9,0.4,4,1,1,6,False,1.0,0.9438888888888888,0.9438888888888888,0.9438888888888888,0.9438888888888888,0.9438888888888888,0.9438888888888888
2022-07-19 07:00:00+00:00,0.0,18.7,0.8,4,0,1,7,False,1.0,0.9991666666666668,0.9991666666666668,0.9991666666666668,0.9991666666666668,0.9991666666666668,0.9991666666666668
2022-07-19 08:00:00+00:00,0.0,18.9,2.3,4,2,1,8,False,0.0,0.959722222222222,0.959722222222222,0.959722222222222,0.959722222222222,0.959722222222222,0.959722222222222
2022-07-19 09:00:00+00:00,0.0,20.1,3.1,4,0,1,9,False,2.0,0.9466666666666668,0.9466666666666668,0.9466666666666668,0.9466666666666668,0.9466666666666668,0.9466666666666668
2022-07-19 10:00:00+00:00,0.0,21.4,3.4,6,0,1,10,False,0.0,0.9797222222222224,0.9797222222222224,0.9797222222222224,0.9797222222222224,0.9797222222222224,0.9797222222222224
2022-07-19 11:00:00+00:00,0.0,21.3,2.2,6,1,1,11,False,0.0,0.979444444444444,0.979444444444444,0.979444444444444,0.979444444444444,0.979444444444444,0.979444444444444
2022-07-19 12:00:00+00:00,0.0,21.1,2.7,6,0,1,12,False,1.0,0.9924999999999996,0.9924999999999996,0.9924999999999996,0.9924999999999996,0.9924999999999996,0.9924999999999996
2022-07-19 13:00:00+00:00,0.0,23.4,1.6,3,0,1,13,False,0.0,0.995,0.995,0.995,0.995,0.995,0.995
2022-07-19 14:00:00+00:00,0.0,23.6,3.0,3,2,1,14,False,0.0,0.9802777777777776,0.9802777777777776,0.9802777777777776,0.9802777777777776,0.9802777777777776,0.9802777777777776
2022-07-19 15:00:00+00:00,0.0,24.3,2.5,3,0,1,15,False,2.0,0.9988888888888888,0.9988888888888888,0.9988888888888888,0.9988888888888888,0.9988888888888888,0.9988888888888888
2022-07-19 16:00:00+00:00,0.0,25.4,3.3,3,1,1,16,False,0.0,0.9966666666666666,0.9966666666666666,0.9966666666666666,0.9966666666666666,0.9966666666666666,0.9966666666666666
2022-07-19 17:00:00+00:00,0.0,24.3,3.2,3,0,1,17,False,1.0,0.9952777777777776,0.9952777777777776,0.9952777777777776,0.9952777777777776,0.9952777777777776,0.9952777777777776
2022-07-19 18:00:00+00:00,0.0,22.8,3.3,3,0,1,18,False,0.0,0.9777777777777776,0.9777777777777776,0.9777777777777776,0.9777777777777776,0.9777777777777776,0.9777777777777776
2022-07-19 19:00:00+00:00,0.0,21.3,3.2,5,0,1,19,False,0.0,0.9980555555555553,0.9980555555555553,0.9980555555555553,0.9980555555555553,0.9980555555555553,0.9980555555555553
2022-07-19 20:00:00+00:00,0.0,20.6,1.8,5,0,1,20,False,0.0,0.9966666666666668,0.9966666666666668,0.9966666666666668,0.9966666666666668,0.9966666666666668,0.9966666666666668
2022-07-19 21:00:00+00:00,0.0,19.5,2.3,5,1,1,21,False,0.0,0.977777777777778,0.977777777777778,0.977777777777778,0.977777777777778,0.977777777777778,0.977777777777778
2022-07-19 22:00:00+00:00,0.0,18.4,2.3,5,0,1,22,False,1.0,0.9783333333333332,0.9783333333333332,0.9783333333333332,0.9783333333333332,0.9783333333333332,0.9783333333333332
2022-07-19 23:00:00+00:00,0.0,17.1,1.3,5,0,1,23,False,0.0,0.9777777777777776,0.9777777777777776,0.9777777777777776,0.9777777777777776,0.9777777777777776,0.9777777777777776
2022-07-20 00:00:00+00:00,0.0,16.5,0.4,5,0,2,0,False,0.0,0.9780555555555552,0.9780555555555552,0.9780555555555552,0.9780555555555552,0.9780555555555552,0.9780555555555552
2022-07-20 01:00:00+00:00,0.0,16.4,1.2,5,0,2,1,False,0.0,0.9836111111111108,0.9836111111111108,0.9836111111111108,0.9836111111111108,0.9836111111111108,0.9836111111111108
2022-07-20 02:00:00+00:00,0.0,16.4,1.9,5,0,2,2,False,0.0,0.9786111111111112,0.9786111111111112,0.9786111111111112,0.9786111111111112,0.9786111111111112,0.9786111111111112
2022-07-20 03:00:00+00:00,0.0,15.2,1.1,5,0,2,3,False,0.0,0.9641666666666668,0.9641666666666668,0.9641666666666668,0.9641666666666668,0.9641666666666668,0.9641666666666668
2022-07-20 04:00:00+00:00,0.0,15.1,0.3,5,0,2,4,False,0.0,0.9999999999999998,0.9999999999999998,0.9999999999999998,0.9999999999999998,0.9999999999999998,0.9999999999999998
2022-07-20 05:00:00+00:00,0.0,15.1,1.6,5,0,2,5,False,0.0,0.9966666666666668,0.9966666666666668,0.9966666666666668,0.9966666666666668,0.9966666666666668,0.9966666666666668
2022-07-20 06:00:00+00:00,0.0,16.9,0.7,5,0,2,6,False,0.0,0.9936111111111108,0.9936111111111108,0.9936111111111108,0.9936111111111108,0.9936111111111108,0.9936111111111108
2022-07-20 07:00:00+00:00,0.0,19.0,2.1,6,0,2,7,False,0.0,0.9783333333333336,0.9783333333333336,0.9783333333333336,0.9783333333333336,0.9783333333333336,0.9783333333333336
2022-07-20 08:00:00+00:00,0.0,20.3,2.4,6,0,2,8,False,0.0,0.9933333333333334,0.9933333333333334,0.9933333333333334,0.9933333333333334,0.9933333333333334,0.9933333333333334
2022-07-20 09:00:00+00:00,0.0,22.4,1.8,6,0,2,9,False,0.0,0.9936111111111112,0.9936111111111112,0.9936111111111112,0.9936111111111112,0.9936111111111112,0.9936111111111112
2022-07-20 10:00:00+00:00,0.0,22.6,2.3,4,0,2,10,False,0.0,0.9983333333333334,0.9983333333333334,0.9983333333333334,0.9983333333333334,0.9983333333333334,0.9983333333333334
2022-07-20 11:00:00+00:00,0.0,25.4,2.1,4,0,2,11,False,0.0,0.9963888888888888,0.9963888888888888,0.9963888888888888,0.9963888888888888,0.9963888888888888,0.9963888888888888
2022-07-20 12:00:00+00:00,0.0,26.0,3.6,4,0,2,12,False,0.0,0.9991666666666664,0.9991666666666664,0.9991666666666664,0.9991666666666664,0.9991666666666664,0.9991666666666664
2022-07-20 13:00:00+00:00,0.0,27.6,2.9,6,1,2,13,False,0.0,0.9799999999999998,0.9799999999999998,0.9799999999999998,0.9799999999999998,0.9799999999999998,0.9799999999999998
2022-07-20 14:00:00+00:00,0.0,27.3,4.3,6,0,2,14,False,1.0,0.9975000000000002,0.9975000000000002,0.9975000000000002,0.9975000000000002,0.9975000000000002,0.9975000000000002
2022-07-20 15:00:00+00:00,0.0,26.7,5.9,6,1,2,15,False,0.0,0.9830555555555556,0.9830555555555556,0.9830555555555556,0.9830555555555556,0.9830555555555556,0.9830555555555556
2022-07-20 16:00:00+00:00,0.0,25.9,5.4,6,0,2,16,False,1.0,0.9983333333333332,0.9983333333333332,0.9983333333333332,0.9983333333333332,0.9983333333333332,0.9983333333333332
2022-07-20 17:00:00+00:00,0.0,26.0,4.1,6,2,2,17,False,0.0,0.9908333333333332,0.9908333333333332,0.9908333333333332,0.9908333333333332,0.9908333333333332,0.9908333333333332
2022-07-20 18:00:00+00:00,0.0,25.3,3.6,6,0,2,18,False,2.0,0.9980555555555556,0.9980555555555556,0.9980555555555556,0.9980555555555556,0.9980555555555556,0.9980555555555556
2022-07-20 19:00:00+00:00,0.0,24.2,5.0,8,0,2,19,False,0.0,0.9988888888888888,0.9988888888888888,0.9988888888888888,0.9988888888888888,0.9988888888888888,0.9988888888888888
2022-07-20 20:00:00+00:00,0.0,22.8,3.0,8,0,2,20,False,0.0,0.9975000000000004,0.9975000000000004,0.9975000000000004,0.9975000000000004,0.9975000000000004,0.9975000000000004
2022-07-20 21:00:00+00:00,0.0,20.7,1.6,8,0,2,21,False,0.0,0.9788888888888888,0.9788888888888888,0.9788888888888888,0.9788888888888888,0.9788888888888888,0.9788888888888888
2022-07-20 22:00:00+00:00,0.0,20.6,1.6,7,0,2,22,False,0.0,0.9788888888888893,0.9788888888888893,0.9788888888888893,0.9788888888888893,0.9788888888888893,0.9788888888888893
2022-07-20 23:00:00+00:00,0.0,20.1,0.5,7,0,2,23,False,0.0,0.9791666666666664,0.9791666666666664,0.9791666666666664,0.9791666666666664,0.9791666666666664,0.9791666666666664
2022-07-21 00:00:00+00:00,0.0,18.7,0.3,7,0,3,0,False,0.0,0.9972222222222225,0.9972222222222225,0.9972222222222225,0.9972222222222225,0.9972222222222225,0.9972222222222225
2022-07-21 01:00:00+00:00,0.0,18.7,0.3,7,0,3,1,False,0.0,0.9769444444444444,0.9769444444444444,0.9769444444444444,0.9769444444444444,0.9769444444444444,0.9769444444444444
2022-07-21 02:00:00+00:00,0.0,17.6,0.4,7,0,3,2,False,0.0,0.9991666666666664,0.9991666666666664,0.9991666666666664,0.9991666666666664,0.9991666666666664,0.9991666666666664
2022-07-21 03:00:00+00:00,0.1,17.9,2.4,7,0,3,3,False,0.0,0.9413888888888884,0.9413888888888884,0.9413888888888884,0.9413888888888884,0.9413888888888884,0.9413888888888884
2022-07-21 04:00:00+00:00,0.0,17.4,0.9,7,0,3,4,False,0.0,0.9983333333333332,0.9983333333333332,0.9983333333333332,0.9983333333333332,0.9983333333333332,0.9983333333333332
2022-07-21 05:00:00+00:00,0.0,17.6,1.6,7,0,3,5,False,0.0,0.7972222222222223,0.7972222222222223,0.7972222222222223,0.7972222222222223,0.7972222222222223,0.7972222222222223
2022-07-21 06:00:00+00:00,0.0,18.1,1.0,7,1,3,6,False,0.0,0.9816666666666668,0.9816666666666668,0.9816666666666668,0.9816666666666668,0.9816666666666668,0.9816666666666668
2022-07-21 07:00:00+00:00,0.0,19.4,0.8,7,0,3,7,False,1.0,0.9816666666666668,0.9816666666666668,0.9816666666666668,0.9816666666666668,0.9816666666666668,0.9816666666666668
2022-07-21 08:00:00+00:00,0.0,19.1,2.5,7,0,3,8,False,0.0,0.9969444444444444,0.9969444444444444,0.9969444444444444,0.9969444444444444,0.9969444444444444,0.9969444444444444
2022-07-21 09:00:00+00:00,0.0,19.6,1.6,7,0,3,9,False,0.0,0.9994444444444444,0.9994444444444444,0.9994444444444444,0.9994444444444444,0.9994444444444444,0.9994444444444444
2022-07-21 10:00:00+00:00,0.0,21.0,1.5,8,0,3,10,False,0.0,0.9966666666666668,0.9966666666666668,0.9966666666666668,0.9966666666666668,0.9966666666666668,0.9966666666666668
2022-07-21 11:00:00+00:00,0.0,22.3,2.0,8,0,3,11,False,0.0,0.9788888888888888,0.9788888888888888,0.9788888888888888,0.9788888888888888,0.9788888888888888,0.9788888888888888
2022-07-21 12:00:00+00:00,0.0,24.2,1.1,8,0,3,12,False,0.0,0.9983333333333332,0.9983333333333332,0.9983333333333332,0.9983333333333332,0.9983333333333332,0.9983333333333332
2022-07-21 13:00:00+00:00,0.0,25.0,1.4,8,0,3,13,False,0.0,0.9980555555555556,0.9980555555555556,0.9980555555555556,0.9980555555555556,0.9980555555555556,0.9980555555555556
2022-07-21 14:00:00+00:00,0.0,26.5,1.3,8,1,3,14,False,0.0,0.9424999999999998,0.9424999999999998,0.9424999999999998,0.9424999999999998,0.9424999999999998,0.9424999999999998
2022-07-21 15:00:00+00:00,0.0,25.5,2.0,8,0,3,15,False,1.0,0.9916666666666668,0.9916666666666668,0.9916666666666668,0.9916666666666668,0.9916666666666668,0.9916666666666668
2022-07-21 16:00:00+00:00,0.0,24.2,1.9,7,0,3,16,False,0.0,0.9980555555555556,0.9980555555555556,0.9980555555555556,0.9980555555555556,0.9980555555555556,0.9980555555555556
2022-07-21 17:00:00+00:00,0.0,23.9,1.0,7,1,3,17,False,0.0,0.9933333333333332,0.9933333333333332,0.9933333333333332,0.9933333333333332,0.9933333333333332,0.9933333333333332
2022-07-21 18:00:00+00:00,0.0,23.5,0.7,7,1,3,18,False,1.0,0.9969444444444444,0.9969444444444444,0.9969444444444444,0.9969444444444444,0.9969444444444444,0.9969444444444444
2022-07-21 19:00:00+00:00,0.0,23.0,2.7,8,1,3,19,False,1.0,0.9786111111111112,0.9786111111111112,0.9786111111111112,0.9786111111111112,0.9786111111111112,0.9786111111111112
2022-07-21 20:00:00+00:00,0.0,22.6,1.9,8,1,3,20,False,1.0,0.9966666666666668,0.9966666666666668,0.9966666666666668,0.9966666666666668,0.9966666666666668,0.9966666666666668
2022-07-21 21:00:00+00:00,0.0,21.6,0.5,8,3,3,21,False,1.0,0.977777777777778,0.977777777777778,0.977777777777778,0.977777777777778,0.977777777777778,0.977777777777778
2022-07-21 22:00:00+00:00,0.0,21.7,2.6,7,0,3,22,False,3.0,0.9780555555555556,0.9780555555555556,0.9780555555555556,0.9780555555555556,0.9780555555555556,0.9780555555555556
2022-07-21 23:00:00+00:00,0.0,22.2,2.9,7,0,3,23,False,0.0,0.9797222222222224,0.9797222222222224,0.9797222222222224,0.9797222222222224,0.9797222222222224,0.9797222222222224
2022-07-22 00:00:00+00:00,0.0,20.6,0.6,7,0,4,0,False,0.0,0.9786111111111108,0.9786111111111108,0.9786111111111108,0.9786111111111108,0.9786111111111108,0.9786111111111108
2022-07-22 01:00:00+00:00,0.0,20.7,1.5,7,0,4,1,False,0.0,0.9794444444444445,0.9794444444444445,0.9794444444444445,0.9794444444444445,0.9794444444444445,0.9794444444444445
2022-07-22 02:00:00+00:00,0.0,20.6,3.3,7,0,4,2,False,0.0,0.9794444444444445,0.9794444444444445,0.9794444444444445,0.9794444444444445,0.9794444444444445,0.9794444444444445
2022-07-22 03:00:00+00:00,0.0,19.5,6.4,7,0,4,3,False,0.0,0.9969444444444442,0.9969444444444442,0.9969444444444442,0.9969444444444442,0.9969444444444442,0.9969444444444442
2022-07-22 04:00:00+00:00,0.0,19.0,4.6,7,3,4,4,False,0.0,0.8805555555555555,0.8805555555555555,0.8805555555555555,0.8805555555555555,0.8805555555555555,0.8805555555555555
2022-07-22 05:00:00+00:00,0.0,18.6,3.8,7,0,4,5,False,3.0,0.9994444444444442,0.9994444444444442,0.9994444444444442,0.9994444444444442,0.9994444444444442,0.9994444444444442
2022-07-22 06:00:00+00:00,0.0,18.4,7.4,7,0,4,6,False,0.0,0.9958333333333332,0.9958333333333332,0.9958333333333332,0.9958333333333332,0.9958333333333332,0.9958333333333332
2022-07-22 07:00:00+00:00,0.0,18.2,7.5,8,0,4,7,False,0.0,0.9791666666666669,0.9791666666666669,0.9791666666666669,0.9791666666666669,0.9791666666666669,0.9791666666666669
2022-07-22 08:00:00+00:00,0.0,17.7,8.2,8,0,4,8,False,0.0,0.9972222222222222,0.9972222222222222,0.9972222222222222,0.9972222222222222,0.9972222222222222,0.9972222222222222
2022-07-22 09:00:00+00:00,0.0,17.2,7.9,8,0,4,9,False,0.0,0.9772222222222224,0.9772222222222224,0.9772222222222224,0.9772222222222224,0.9772222222222224,0.9772222222222224
2022-07-22 10:00:00+00:00,5.8,14.8,1.8,8,0,4,10,False,0.0,0.996944444444444,0.996944444444444,0.996944444444444,0.996944444444444,0.996944444444444,0.996944444444444
2022-07-22 11:00:00+00:00,0.4,15.6,2.4,8,0,4,11,False,0.0,0.9988888888888886,0.9988888888888886,0.9988888888888886,0.9988888888888886,0.9988888888888886,0.9988888888888886
2022-07-22 12:00:00+00:00,0.3,16.0,3.2,8,0,4,12,False,0.0,1.0000000000000002,1.0000000000000002,1.0000000000000002,1.0000000000000002,1.0000000000000002,1.0000000000000002
2022-07-22 13:00:00+00:00,0.1,16.1,2.2,7,1,4,13,False,0.0,0.9774999999999996,0.9774999999999996,0.9774999999999996,0.9774999999999996,0.9774999999999996,0.9774999999999996
2022-07-22 14:00:00+00:00,0.0,17.1,2.2,7,1,4,14,False,1.0,0.9305555555555552,0.9305555555555552,0.9305555555555552,0.9305555555555552,0.9305555555555552,0.9305555555555552
2022-07-22 15:00:00+00:00,0.0,17.6,1.8,7,0,4,15,False,1.0,0.9980555555555556,0.9980555555555556,0.9980555555555556,0.9980555555555556,0.9980555555555556,0.9980555555555556
2022-07-22 16:00:00+00:00,0.0,16.8,2.9,7,0,4,16,False,0.0,0.9974999999999996,0.9974999999999996,0.9974999999999996,0.9974999999999996,0.9974999999999996,0.9974999999999996
2022-07-22 17:00:00+00:00,0.0,17.4,3.1,7,1,4,17,False,0.0,0.9441666666666666,0.9441666666666666,0.9441666666666666,0.9441666666666666,0.9441666666666666,0.9441666666666666
2022-07-22 18:00:00+00:00,0.0,18.1,2.4,7,0,4,18,False,1.0,0.9780555555555552,0.9780555555555552,0.9780555555555552,0.9780555555555552,0.9780555555555552,0.9780555555555552
2022-07-22 19:00:00+00:00,0.0,17.6,2.9,6,0,4,19,False,0.0,0.947777777777778,0.947777777777778,0.947777777777778,0.947777777777778,0.947777777777778,0.947777777777778
2022-07-22 20:00:00+00:00,0.0,16.6,2.8,6,0,4,20,False,0.0,0.9766666666666668,0.9766666666666668,0.9766666666666668,0.9766666666666668,0.9766666666666668,0.9766666666666668
2022-07-22 21:00:00+00:00,0.0,15.6,2.8,6,0,4,21,False,0.0,0.9994444444444446,0.9994444444444446,0.9994444444444446,0.9994444444444446,0.9994444444444446,0.9994444444444446
2022-07-22 22:00:00+00:00,0.0,14.2,2.5,3,0,4,22,False,0.0,0.9977777777777777,0.9977777777777777,0.9977777777777777,0.9977777777777777,0.9977777777777777,0.9977777777777777
2022-07-22 23:00:00+00:00,0.0,13.5,2.5,3,0,4,23,False,0.0,0.9983333333333332,0.9983333333333332,0.9983333333333332,0.9983333333333332,0.9983333333333332,0.9983333333333332
2022-07-23 00:00:00+00:00,0.0,12.3,1.6,3,0,5,0,False,0.0,0.9980555555555554,0.9980555555555554,0.9980555555555554,0.9980555555555554,0.9980555555555554,0.9980555555555554
2022-07-23 01:00:00+00:00,0.0,11.8,2.8,3,0,5,1,False,0.0,0.9788888888888888,0.9788888888888888,0.9788888888888888,0.9788888888888888,0.9788888888888888,0.9788888888888888
2022-07-23 02:00:00+00:00,0.0,11.3,2.5,3,0,5,2,False,0.0,0.992222222222222,0.992222222222222,0.992222222222222,0.992222222222222,0.992222222222222,0.992222222222222
2022-07-23 03:00:00+00:00,0.0,10.5,1.4,3,0,5,3,False,0.0,0.9594444444444448,0.9594444444444448,0.9594444444444448,0.9594444444444448,0.9594444444444448,0.9594444444444448
2022-07-23 04:00:00+00:00,0.0,10.3,1.1,3,0,5,4,False,0.0,0.9780555555555556,0.9780555555555556,0.9780555555555556,0.9780555555555556,0.9780555555555556,0.9780555555555556
2022-07-23 05:00:00+00:00,0.0,10.7,0.4,3,0,5,5,False,0.0,0.9583333333333331,0.9583333333333331,0.9583333333333331,0.9583333333333331,0.9583333333333331,0.9583333333333331
2022-07-23 06:00:00+00:00,0.0,12.9,1.6,3,0,5,6,False,0.0,0.9480555555555557,0.9480555555555557,0.9480555555555557,0.9480555555555557,0.9480555555555557,0.9480555555555557
2022-07-23 07:00:00+00:00,0.0,16.1,2.7,3,0,5,7,False,0.0,0.9955555555555552,0.9955555555555552,0.9955555555555552,0.9955555555555552,0.9955555555555552,0.9955555555555552
2022-07-23 08:00:00+00:00,0.0,17.1,2.2,3,0,5,8,False,0.0,0.9783333333333334,0.9783333333333334,0.9783333333333334,0.9783333333333334,0.9783333333333334,0.9783333333333334
2022-07-23 09:00:00+00:00,0.0,17.6,2.2,3,2,5,9,False,0.0,0.9777777777777776,0.9777777777777776,0.9777777777777776,0.9777777777777776,0.9777777777777776,0.9777777777777776
2022-07-23 10:00:00+00:00,0.0,18.1,2.0,6,2,5,10,False,2.0,0.997222222222222,0.997222222222222,0.997222222222222,0.997222222222222,0.997222222222222,0.997222222222222
2022-07-23 11:00:00+00:00,0.0,18.8,1.1,6,2,5,11,False,2.0,0.9755555555555556,0.9755555555555556,0.9755555555555556,0.9755555555555556,0.9755555555555556,0.9755555555555556
2022-07-23 12:00:00+00:00,0.0,20.2,1.8,6,1,5,12,False,2.0,0.9958333333333332,0.9958333333333332,0.9958333333333332,0.9958333333333332,0.9958333333333332,0.9958333333333332
2022-07-23 13:00:00+00:00,0.0,21.2,2.3,6,1,5,13,False,1.0,0.9966666666666666,0.9966666666666666,0.9966666666666666,0.9966666666666666,0.9966666666666666,0.9966666666666666
2022-07-23 14:00:00+00:00,0.0,22.2,2.9,6,0,5,14,False,1.0,0.9925,0.9925,0.9925,0.9925,0.9925,0.9925
2022-07-23 15:00:00+00:00,0.0,21.0,2.7,6,0,5,15,False,0.0,0.9986111111111108,0.9986111111111108,0.9986111111111108,0.9986111111111108,0.9986111111111108,0.9986111111111108
2022-07-23 16:00:00+00:00,0.0,20.3,3.9,7,0,5,16,False,0.0,0.9591666666666666,0.9591666666666666,0.9591666666666666,0.9591666666666666,0.9591666666666666,0.9591666666666666
2022-07-23 17:00:00+00:00,0.0,20.5,3.0,7,0,5,17,False,0.0,0.9972222222222225,0.9972222222222225,0.9972222222222225,0.9972222222222225,0.9972222222222225,0.9972222222222225
2022-07-23 18:00:00+00:00,0.0,19.7,2.3,7,0,5,18,False,0.0,0.996111111111111,0.996111111111111,0.996111111111111,0.996111111111111,0.996111111111111,0.996111111111111
2022-07-23 19:00:00+00:00,0.0,19.4,2.5,7,0,5,19,False,0.0,0.9658333333333332,0.9658333333333332,0.9658333333333332,0.9658333333333332,0.9658333333333332,0.9658333333333332
2022-07-23 20:00:00+00:00,0.0,18.9,3.0,7,0,5,20,False,0.0,0.9775,0.9775,0.9775,0.9775,0.9775,0.9775
2022-07-23 21:00:00+00:00,0.0,18.0,2.7,7,0,5,21,False,0.0,0.9997222222222224,0.9997222222222224,0.9997222222222224,0.9997222222222224,0.9997222222222224,0.9997222222222224
2022-07-23 22:00:00+00:00,0.0,16.9,2.7,7,0,5,22,False,0.0,0.9786111111111112,0.9786111111111112,0.9786111111111112,0.9786111111111112,0.9786111111111112,0.9786111111111112
2022-07-23 23:00:00+00:00,0.0,15.9,2.8,7,0,5,23,False,0.0,0.9441666666666664,0.9441666666666664,0.9441666666666664,0.9441666666666664,0.9441666666666664,0.9441666666666664
2022-07-24 00:00:00+00:00,0.0,15.0,2.3,7,0,6,0,False,0.0,0.9738888888888888,0.9738888888888888,0.9738888888888888,0.9738888888888888,0.9738888888888888,0.9738888888888888
2022-07-24 01:00:00+00:00,0.0,13.8,1.5,7,0,6,1,False,0.0,0.9466666666666664,0.9466666666666664,0.9466666666666664,0.9466666666666664,0.9466666666666664,0.9466666666666664
2022-07-24 02:00:00+00:00,0.0,13.3,0.9,7,0,6,2,False,0.0,0.999722222222222,0.999722222222222,0.999722222222222,0.999722222222222,0.999722222222222,0.999722222222222
2022-07-24 03:00:00+00:00,0.0,13.6,0.9,7,0,6,3,False,0.0,0.8483333333333335,0.8483333333333335,0.8483333333333335,0.8483333333333335,0.8483333333333335,0.8483333333333335
2022-07-24 04:00:00+00:00,0.0,14.8,1.9,7,0,6,4,False,0.0,0.9797222222222224,0.9797222222222224,0.9797222222222224,0.9797222222222224,0.9797222222222224,0.9797222222222224
2022-07-24 05:00:00+00:00,0.0,15.2,2.2,7,0,6,5,False,0.0,0.9791666666666669,0.9791666666666669,0.9791666666666669,0.9791666666666669,0.9791666666666669,0.9791666666666669
2022-07-24 06:00:00+00:00,0.0,15.6,2.4,7,0,6,6,False,0.0,0.9797222222222224,0.9797222222222224,0.9797222222222224,0.9797222222222224,0.9797222222222224,0.9797222222222224
2022-07-24 07:00:00+00:00,0.0,15.6,3.4,8,0,6,7,False,0.0,0.9627777777777776,0.9627777777777776,0.9627777777777776,0.9627777777777776,0.9627777777777776,0.9627777777777776
2022-07-24 08:00:00+00:00,0.0,16.8,2.7,8,0,6,8,False,0.0,0.9777777777777776,0.9777777777777776,0.9777777777777776,0.9777777777777776,0.9777777777777776,0.9777777777777776
2022-07-24 09:00:00+00:00,0.0,17.7,3.4,8,1,6,9,False,0.0,0.9977777777777777,0.9977777777777777,0.9977777777777777,0.9977777777777777,0.9977777777777777,0.9977777777777777
2022-07-24 10:00:00+00:00,0.0,17.8,3.4,7,1,6,10,False,1.0,0.9927777777777772,0.9927777777777772,0.9927777777777772,0.9927777777777772,0.9927777777777772,0.9927777777777772
2022-07-24 11:00:00+00:00,0.0,18.4,2.9,7,0,6,11,False,1.0,0.9994444444444442,0.9994444444444442,0.9994444444444442,0.9994444444444442,0.9994444444444442,0.9994444444444442
2022-07-24 12:00:00+00:00,0.0,18.2,3.6,7,0,6,12,False,0.0,0.997222222222222,0.997222222222222,0.997222222222222,0.997222222222222,0.997222222222222,0.997222222222222
2022-07-24 13:00:00+00:00,0.0,18.5,3.2,7,1,6,13,False,0.0,0.9788888888888888,0.9788888888888888,0.9788888888888888,0.9788888888888888,0.9788888888888888,0.9788888888888888
2022-07-24 14:00:00+00:00,0.0,18.0,4.9,7,1,6,14,False,1.0,0.9972222222222222,0.9972222222222222,0.9972222222222222,0.9972222222222222,0.9972222222222222,0.9972222222222222
2022-07-24 15:00:00+00:00,0.0,18.3,3.5,7,0,6,15,False,1.0,0.993611111111111,0.993611111111111,0.993611111111111,0.993611111111111,0.993611111111111,0.993611111111111
2022-07-24 16:00:00+00:00,0.1,16.1,3.6,8,0,6,16,False,0.0,0.9330555555555552,0.9330555555555552,0.9330555555555552,0.9330555555555552,0.9330555555555552,0.9330555555555552
2022-07-24 17:00:00+00:00,0.1,15.6,4.9,8,0,6,17,False,0.0,0.9824999999999998,0.9824999999999998,0.9824999999999998,0.9824999999999998,0.9824999999999998,0.9824999999999998
2022-07-24 18:00:00+00:00,0.3,15.5,4.2,8,0,6,18,False,0.0,1.0,1.0,1.0,1.0,1.0,1.0
2022-07-24 19:00:00+00:00,0.1,15.5,3.3,8,1,6,19,False,0.0,0.997777777777778,0.997777777777778,0.997777777777778,0.997777777777778,0.997777777777778,0.997777777777778
2022-07-24 20:00:00+00:00,0.0,15.7,4.1,8,1,6,20,False,1.0,0.9830555555555556,0.9830555555555556,0.9830555555555556,0.9830555555555556,0.9830555555555556,0.9830555555555556
2022-07-24 21:00:00+00:00,0.0,15.7,3.3,8,0,6,21,False,1.0,0.9816666666666664,0.9816666666666664,0.9816666666666664,0.9816666666666664,0.9816666666666664,0.9816666666666664
2022-07-24 22:00:00+00:00,0.0,16.2,3.9,8,0,6,22,False,0.0,0.9824999999999998,0.9824999999999998,0.9824999999999998,0.9824999999999998,0.9824999999999998,0.9824999999999998
2022-07-24 23:00:00+00:00,0.0,16.4,3.9,8,0,6,23,False,0.0,0.9969444444444444,0.9969444444444444,0.9969444444444444,0.9969444444444444,0.9969444444444444,0.9969444444444444
2022-07-25 00:00:00+00:00,0.0,16.4,2.4,8,0,0,0,False,0.0,0.9972222222222222,0.9972222222222222,0.9972222222222222,0.9972222222222222,0.9972222222222222,0.9972222222222222
2022-07-25 01:00:00+00:00,0.0,16.5,4.7,8,0,0,1,False,0.0,0.9791666666666664,0.9791666666666664,0.9791666666666664,0.9791666666666664,0.9791666666666664,0.9791666666666664
2022-07-25 02:00:00+00:00,0.0,16.3,4.8,8,0,0,2,False,0.0,0.980833333333333,0.980833333333333,0.980833333333333,0.980833333333333,0.980833333333333,0.980833333333333
2022-07-25 03:00:00+00:00,0.0,16.2,3.2,8,0,0,3,False,0.0,0.9825,0.9825,0.9825,0.9825,0.9825,0.9825
2022-07-25 04:00:00+00:00,0.0,16.2,3.8,8,0,0,4,False,0.0,0.9955555555555552,0.9955555555555552,0.9955555555555552,0.9955555555555552,0.9955555555555552,0.9955555555555552
2022-07-25 05:00:00+00:00,0.0,16.0,4.5,8,1,0,5,False,0.0,0.9486111111111112,0.9486111111111112,0.9486111111111112,0.9486111111111112,0.9486111111111112,0.9486111111111112
2022-07-25 06:00:00+00:00,0.0,16.0,3.4,8,0,0,6,False,1.0,0.9977777777777778,0.9977777777777778,0.9977777777777778,0.9977777777777778,0.9977777777777778,0.9977777777777778
2022-07-25 07:00:00+00:00,1.3,15.9,1.5,8,1,0,7,False,0.0,0.977222222222222,0.977222222222222,0.977222222222222,0.977222222222222,0.977222222222222,0.977222222222222
2022-07-25 08:00:00+00:00,0.2,16.0,2.4,8,0,0,8,False,1.0,0.9986111111111112,0.9986111111111112,0.9986111111111112,0.9986111111111112,0.9986111111111112,0.9986111111111112
2022-07-25 09:00:00+00:00,0.2,16.5,2.9,8,1,0,9,False,0.0,0.9980555555555554,0.9980555555555554,0.9980555555555554,0.9980555555555554,0.9980555555555554,0.9980555555555554
2022-07-25 10:00:00+00:00,0.0,17.0,2.9,8,0,0,10,False,1.0,0.9794444444444445,0.9794444444444445,0.9794444444444445,0.9794444444444445,0.9794444444444445,0.9794444444444445
2022-07-25 11:00:00+00:00,0.1,17.2,4.8,8,1,0,11,False,0.0,0.9969444444444444,0.9969444444444444,0.9969444444444444,0.9969444444444444,0.9969444444444444,0.9969444444444444
2022-07-25 12:00:00+00:00,0.0,17.2,4.9,8,1,0,12,False,1.0,0.9655555555555556,0.9655555555555556,0.9655555555555556,0.9655555555555556,0.9655555555555556,0.9655555555555556
2022-07-25 13:00:00+00:00,0.0,17.4,4.4,8,0,0,13,False,1.0,0.8938888888888888,0.8938888888888888,0.8938888888888888,0.8938888888888888,0.8938888888888888,0.8938888888888888
2022-07-25 14:00:00+00:00,0.5,17.4,4.2,8,0,0,14,False,0.0,0.995,0.995,0.995,0.995,0.995,0.995
2022-07-25 15:00:00+00:00,0.0,16.9,5.5,8,0,0,15,False,0.0,0.959722222222222,0.959722222222222,0.959722222222222,0.959722222222222,0.959722222222222,0.959722222222222
2022-07-25 16:00:00+00:00,0.1,16.6,5.6,8,0,0,16,False,0.0,0.9997222222222222,0.9997222222222222,0.9997222222222222,0.9997222222222222,0.9997222222222222,0.9997222222222222
2022-07-25 17:00:00+00:00,0.0,16.5,5.7,8,0,0,17,False,0.0,0.9638888888888884,0.9638888888888884,0.9638888888888884,0.9638888888888884,0.9638888888888884,0.9638888888888884
2022-07-25 18:00:00+00:00,0.0,16.5,4.4,8,0,0,18,False,0.0,0.965833333333333,0.965833333333333,0.965833333333333,0.965833333333333,0.965833333333333,0.965833333333333
2022-07-25 19:00:00+00:00,0.0,16.9,3.4,7,1,0,19,False,0.0,0.9955555555555552,0.9955555555555552,0.9955555555555552,0.9955555555555552,0.9955555555555552,0.9955555555555552
2022-07-25 20:00:00+00:00,0.0,16.9,4.0,7,0,0,20,False,1.0,0.9805555555555552,0.9805555555555552,0.9805555555555552,0.9805555555555552,0.9805555555555552,0.9805555555555552
2022-07-25 21:00:00+00:00,0.0,16.6,4.2,7,0,0,21,False,0.0,0.975833333333333,0.975833333333333,0.975833333333333,0.975833333333333,0.975833333333333,0.975833333333333
2022-07-25 22:00:00+00:00,0.0,16.5,4.0,7,0,0,22,False,0.0,0.9983333333333332,0.9983333333333332,0.9983333333333332,0.9983333333333332,0.9983333333333332,0.9983333333333332
2022-07-25 23:00:00+00:00,0.0,16.4,3.6,7,0,0,23,False,0.0,0.9988888888888888,0.9988888888888888,0.9988888888888888,0.9988888888888888,0.9988888888888888,0.9988888888888888
2022-07-26 00:00:00+00:00,0.0,16.2,3.1,7,0,1,0,False,0.0,0.9766666666666668,0.9766666666666668,0.9766666666666668,0.9766666666666668,0.9766666666666668,0.9766666666666668
2022-07-26 01:00:00+00:00,0.0,15.9,2.8,7,0,1,1,False,0.0,0.9819444444444442,0.9819444444444442,0.9819444444444442,0.9819444444444442,0.9819444444444442,0.9819444444444442
2022-07-26 02:00:00+00:00,0.0,15.6,3.3,7,0,1,2,False,0.0,0.9786111111111112,0.9786111111111112,0.9786111111111112,0.9786111111111112,0.9786111111111112,0.9786111111111112
2022-07-26 03:00:00+00:00,0.0,15.3,2.5,7,0,1,3,False,0.0,0.9811111111111112,0.9811111111111112,0.9811111111111112,0.9811111111111112,0.9811111111111112,0.9811111111111112
2022-07-26 04:00:00+00:00,0.0,15.1,3.1,7,0,1,4,False,0.0,0.977222222222222,0.977222222222222,0.977222222222222,0.977222222222222,0.977222222222222,0.977222222222222
2022-07-26 05:00:00+00:00,0.0,15.0,2.2,7,1,1,5,False,0.0,0.9763888888888886,0.9763888888888886,0.9763888888888886,0.9763888888888886,0.9763888888888886,0.9763888888888886
2022-07-26 06:00:00+00:00,0.0,15.7,1.2,7,0,1,6,False,1.0,0.9966666666666664,0.9966666666666664,0.9966666666666664,0.9966666666666664,0.9966666666666664,0.9966666666666664
2022-07-26 07:00:00+00:00,0.0,16.2,1.2,7,0,1,7,False,0.0,0.9780555555555556,0.9780555555555556,0.9780555555555556,0.9780555555555556,0.9780555555555556,0.9780555555555556
2022-07-26 08:00:00+00:00,0.0,16.6,2.4,7,0,1,8,False,0.0,0.9941666666666668,0.9941666666666668,0.9941666666666668,0.9941666666666668,0.9941666666666668,0.9941666666666668
2022-07-26 09:00:00+00:00,0.0,18.3,3.0,7,0,1,9,False,0.0,0.9983333333333332,0.9983333333333332,0.9983333333333332,0.9983333333333332,0.9983333333333332,0.9983333333333332
2022-07-26 10:00:00+00:00,0.0,17.6,3.3,7,0,1,10,False,0.0,0.9927777777777776,0.9927777777777776,0.9927777777777776,0.9927777777777776,0.9927777777777776,0.9927777777777776
2022-07-26 11:00:00+00:00,0.0,18.4,2.2,7,0,1,11,False,0.0,0.9986111111111108,0.9986111111111108,0.9986111111111108,0.9986111111111108,0.9986111111111108,0.9986111111111108
2022-07-26 12:00:00+00:00,0.0,20.1,2.8,7,0,1,12,False,0.0,0.9774999999999996,0.9774999999999996,0.9774999999999996,0.9774999999999996,0.9774999999999996,0.9774999999999996
2022-07-26 13:00:00+00:00,0.0,20.9,3.1,7,0,1,13,False,0.0,0.9783333333333332,0.9783333333333332,0.9783333333333332,0.9783333333333332,0.9783333333333332,0.9783333333333332
2022-07-26 14:00:00+00:00,0.0,22.0,2.5,7,1,1,14,False,0.0,0.9983333333333332,0.9983333333333332,0.9983333333333332,0.9983333333333332,0.9983333333333332,0.9983333333333332
2022-07-26 15:00:00+00:00,0.0,20.9,3.6,7,0,1,15,False,1.0,0.9991666666666664,0.9991666666666664,0.9991666666666664,0.9991666666666664,0.9991666666666664,0.9991666666666664
2022-07-26 16:00:00+00:00,0.0,21.4,3.8,7,0,1,16,False,0.0,0.9616666666666668,0.9616666666666668,0.9616666666666668,0.9616666666666668,0.9616666666666668,0.9616666666666668
2022-07-26 17:00:00+00:00,0.0,21.6,3.1,7,2,1,17,False,0.0,0.9977777777777774,0.9977777777777774,0.9977777777777774,0.9977777777777774,0.9977777777777774,0.9977777777777774
2022-07-26 18:00:00+00:00,0.0,21.1,3.8,7,2,1,18,False,2.0,0.9952777777777772,0.9952777777777772,0.9952777777777772,0.9952777777777772,0.9952777777777772,0.9952777777777772
2022-07-26 19:00:00+00:00,0.0,18.5,4.0,7,0,1,19,False,2.0,0.9783333333333328,0.9783333333333328,0.9783333333333328,0.9783333333333328,0.9783333333333328,0.9783333333333328
2022-07-26 20:00:00+00:00,0.0,18.6,3.3,7,0,1,20,False,0.0,1.0,1.0,1.0,1.0,1.0,1.0
2022-07-26 21:00:00+00:00,0.0,17.8,2.6,7,0,1,21,False,0.0,0.9783333333333334,0.9783333333333334,0.9783333333333334,0.9783333333333334,0.9783333333333334,0.9783333333333334
2022-07-26 22:00:00+00:00,0.0,17.0,1.5,7,0,1,22,False,0.0,0.9788888888888886,0.9788888888888886,0.9788888888888886,0.9788888888888886,0.9788888888888886,0.9788888888888886
2022-07-26 23:00:00+00:00,0.0,16.9,4.1,7,0,1,23,False,0.0,0.995833333333333,0.995833333333333,0.995833333333333,0.995833333333333,0.995833333333333,0.995833333333333
2022-07-27 00:00:00+00:00,0.0,16.5,4.9,7,0,2,0,False,0.0,0.9469444444444448,0.9469444444444448,0.9469444444444448,0.9469444444444448,0.9469444444444448,0.9469444444444448
2022-07-27 01:00:00+00:00,0.0,16.1,2.8,7,0,2,1,False,0.0,0.9775,0.9775,0.9775,0.9775,0.9775,0.9775
2022-07-27 02:00:00+00:00,0.0,15.5,1.8,7,0,2,2,False,0.0,0.9936111111111108,0.9936111111111108,0.9936111111111108,0.9936111111111108,0.9936111111111108,0.9936111111111108
2022-07-27 03:00:00+00:00,0.0,15.0,1.1,7,0,2,3,False,0.0,0.9975000000000004,0.9975000000000004,0.9975000000000004,0.9975000000000004,0.9975000000000004,0.9975000000000004
2022-07-27 04:00:00+00:00,0.0,14.8,1.4,7,0,2,4,False,0.0,0.9786111111111108,0.9786111111111108,0.9786111111111108,0.9786111111111108,0.9786111111111108,0.9786111111111108
2022-07-27 05:00:00+00:00,0.0,14.3,0.9,7,1,2,5,False,0.0,0.9761111111111108,0.9761111111111108,0.9761111111111108,0.9761111111111108,0.9761111111111108,0.9761111111111108
2022-07-27 06:00:00+00:00,0.0,15.0,2.6,7,2,2,6,False,1.0,0.9977777777777777,0.9977777777777777,0.9977777777777777,0.9977777777777777,0.9977777777777777,0.9977777777777777
2022-07-27 07:00:00+00:00,0.0,15.2,3.5,7,0,2,7,False,2.0,0.9938888888888886,0.9938888888888886,0.9938888888888886,0.9938888888888886,0.9938888888888886,0.9938888888888886
2022-07-27 08:00:00+00:00,0.0,15.3,3.9,7,0,2,8,False,0.0,0.9963888888888888,0.9963888888888888,0.9963888888888888,0.9963888888888888,0.9963888888888888,0.9963888888888888
2022-07-27 09:00:00+00:00,0.0,16.4,2.5,7,0,2,9,False,0.0,0.9933333333333328,0.9933333333333328,0.9933333333333328,0.9933333333333328,0.9933333333333328,0.9933333333333328
2022-07-27 10:00:00+00:00,0.0,18.6,1.8,3,0,2,10,False,0.0,0.9769444444444444,0.9769444444444444,0.9769444444444444,0.9769444444444444,0.9769444444444444,0.9769444444444444
2022-07-27 11:00:00+00:00,0.0,19.1,4.2,3,0,2,11,False,0.0,0.9958333333333332,0.9958333333333332,0.9958333333333332,0.9958333333333332,0.9958333333333332,0.9958333333333332
2022-07-27 12:00:00+00:00,0.0,20.2,4.8,3,0,2,12,False,0.0,0.9933333333333328,0.9933333333333328,0.9933333333333328,0.9933333333333328,0.9933333333333328,0.9933333333333328
2022-07-27 13:00:00+00:00,0.0,20.9,3.3,1,0,2,13,False,0.0,0.996944444444444,0.996944444444444,0.996944444444444,0.996944444444444,0.996944444444444,0.996944444444444
2022-07-27 14:00:00+00:00,0.0,21.8,3.7,1,1,2,14,False,0.0,0.9647222222222218,0.9647222222222218,0.9647222222222218,0.9647222222222218,0.9647222222222218,0.9647222222222218
2022-07-27 15:00:00+00:00,0.0,21.7,3.4,1,0,2,15,False,1.0,0.9830555555555552,0.9830555555555552,0.9830555555555552,0.9830555555555552,0.9830555555555552,0.9830555555555552
2022-07-27 16:00:00+00:00,0.0,21.7,3.5,1,0,2,16,False,0.0,0.9974999999999996,0.9974999999999996,0.9974999999999996,0.9974999999999996,0.9974999999999996,0.9974999999999996
2022-07-27 17:00:00+00:00,0.0,22.1,2.4,1,1,2,17,False,0.0,0.9974999999999998,0.9974999999999998,0.9974999999999998,0.9974999999999998,0.9974999999999998,0.9974999999999998
2022-07-27 18:00:00+00:00,0.0,21.5,3.0,1,0,2,18,False,1.0,0.9641666666666666,0.9641666666666666,0.9641666666666666,0.9641666666666666,0.9641666666666666,0.9641666666666666
2022-07-27 19:00:00+00:00,0.0,20.7,2.4,1,1,2,19,False,0.0,0.9966666666666664,0.9966666666666664,0.9966666666666664,0.9966666666666664,0.9966666666666664,0.9966666666666664
2022-07-27 20:00:00+00:00,0.0,19.5,1.8,1,0,2,20,False,1.0,0.98,0.98,0.98,0.98,0.98,0.98
2022-07-27 21:00:00+00:00,0.0,16.8,2.1,1,0,2,21,False,0.0,0.9941666666666664,0.9941666666666664,0.9941666666666664,0.9941666666666664,0.9941666666666664,0.9941666666666664
2022-07-27 22:00:00+00:00,0.0,15.2,3.3,1,0,2,22,False,0.0,0.980833333333333,0.980833333333333,0.980833333333333,0.980833333333333,0.980833333333333,0.980833333333333
2022-07-27 23:00:00+00:00,0.0,15.0,4.8,1,0,2,23,False,0.0,0.9841666666666666,0.9841666666666666,0.9841666666666666,0.9841666666666666,0.9841666666666666,0.9841666666666666
2022-07-28 00:00:00+00:00,0.0,15.6,5.2,1,0,3,0,False,0.0,0.9827777777777778,0.9827777777777778,0.9827777777777778,0.9827777777777778,0.9827777777777778,0.9827777777777778
2022-07-28 01:00:00+00:00,0.0,14.9,5.3,1,0,3,1,False,0.0,0.9775,0.9775,0.9775,0.9775,0.9775,0.9775
2022-07-28 02:00:00+00:00,0.0,14.2,5.2,1,0,3,2,False,0.0,0.9744444444444444,0.9744444444444444,0.9744444444444444,0.9744444444444444,0.9744444444444444,0.9744444444444444
2022-07-28 03:00:00+00:00,0.0,13.6,5.3,1,0,3,3,False,0.0,0.9991666666666666,0.9991666666666666,0.9991666666666666,0.9991666666666666,0.9991666666666666,0.9991666666666666
2022-07-28 04:00:00+00:00,0.0,12.6,4.8,1,0,3,4,False,0.0,0.9783333333333332,0.9783333333333332,0.9783333333333332,0.9783333333333332,0.9783333333333332,0.9783333333333332
2022-07-28 05:00:00+00:00,0.0,12.7,5.2,1,1,3,5,False,0.0,0.9830555555555552,0.9830555555555552,0.9830555555555552,0.9830555555555552,0.9830555555555552,0.9830555555555552
2022-07-28 06:00:00+00:00,0.0,13.0,3.6,1,0,3,6,False,1.0,0.998611111111111,0.998611111111111,0.998611111111111,0.998611111111111,0.998611111111111,0.998611111111111
2022-07-28 07:00:00+00:00,0.0,13.4,2.2,5,0,3,7,False,0.0,0.9969444444444444,0.9969444444444444,0.9969444444444444,0.9969444444444444,0.9969444444444444,0.9969444444444444
2022-07-28 08:00:00+00:00,0.0,14.6,2.5,5,1,3,8,False,0.0,0.9777777777777776,0.9777777777777776,0.9777777777777776,0.9777777777777776,0.9777777777777776,0.9777777777777776
2022-07-28 09:00:00+00:00,0.0,16.4,2.5,5,0,3,9,False,1.0,0.999444444444444,0.999444444444444,0.999444444444444,0.999444444444444,0.999444444444444,0.999444444444444
2022-07-28 10:00:00+00:00,0.0,17.5,2.5,3,0,3,10,False,0.0,0.9986111111111108,0.9986111111111108,0.9986111111111108,0.9986111111111108,0.9986111111111108,0.9986111111111108
2022-07-28 11:00:00+00:00,0.0,17.5,1.5,3,0,3,11,False,0.0,0.9627777777777776,0.9627777777777776,0.9627777777777776,0.9627777777777776,0.9627777777777776,0.9627777777777776
2022-07-28 12:00:00+00:00,0.0,19.8,0.7,3,0,3,12,False,0.0,0.9958333333333332,0.9958333333333332,0.9958333333333332,0.9958333333333332,0.9958333333333332,0.9958333333333332
2022-07-28 13:00:00+00:00,0.0,18.6,1.6,3,0,3,13,False,0.0,0.9783333333333328,0.9783333333333328,0.9783333333333328,0.9783333333333328,0.9783333333333328,0.9783333333333328
2022-07-28 14:00:00+00:00,0.0,21.0,2.7,3,0,3,14,False,0.0,1.0,1.0,1.0,1.0,1.0,1.0
2022-07-28 15:00:00+00:00,0.0,21.6,2.0,3,0,3,15,False,0.0,0.9966666666666668,0.9966666666666668,0.9966666666666668,0.9966666666666668,0.9966666666666668,0.9966666666666668
2022-07-28 16:00:00+00:00,0.0,20.7,2.4,5,0,3,16,False,0.0,0.961388888888889,0.961388888888889,0.961388888888889,0.961388888888889,0.961388888888889,0.961388888888889
2022-07-28 17:00:00+00:00,0.0,22.1,1.1,5,0,3,17,False,0.0,0.9775,0.9775,0.9775,0.9775,0.9775,0.9775
2022-07-28 18:00:00+00:00,0.0,20.7,0.7,5,0,3,18,False,0.0,0.9936111111111108,0.9936111111111108,0.9936111111111108,0.9936111111111108,0.9936111111111108,0.9936111111111108
2022-07-28 19:00:00+00:00,0.0,20.5,2.4,6,0,3,19,False,0.0,0.8805555555555554,0.8805555555555554,0.8805555555555554,0.8805555555555554,0.8805555555555554,0.8805555555555554
2022-07-28 20:00:00+00:00,0.0,19.5,3.3,6,0,3,20,False,0.0,0.9794444444444445,0.9794444444444445,0.9794444444444445,0.9794444444444445,0.9794444444444445,0.9794444444444445
2022-07-28 21:00:00+00:00,0.0,18.7,2.5,6,0,3,21,False,0.0,0.9988888888888886,0.9988888888888886,0.9988888888888886,0.9988888888888886,0.9988888888888886,0.9988888888888886
2022-07-28 22:00:00+00:00,0.0,17.8,1.6,5,0,3,22,False,0.0,0.98,0.98,0.98,0.98,0.98,0.98
2022-07-28 23:00:00+00:00,0.0,17.3,1.2,5,0,3,23,False,0.0,0.9441666666666664,0.9441666666666664,0.9441666666666664,0.9441666666666664,0.9441666666666664,0.9441666666666664
2022-07-29 00:00:00+00:00,0.5,14.6,1.2,5,0,4,0,False,0.0,0.9780555555555556,0.9780555555555556,0.9780555555555556,0.9780555555555556,0.9780555555555556,0.9780555555555556
2022-07-29 01:00:00+00:00,0.0,14.0,1.8,5,0,4,1,False,0.0,0.9788888888888884,0.9788888888888884,0.9788888888888884,0.9788888888888884,0.9788888888888884,0.9788888888888884
2022-07-29 02:00:00+00:00,0.0,13.8,2.1,5,0,4,2,False,0.0,0.9969444444444442,0.9969444444444442,0.9969444444444442,0.9969444444444442,0.9969444444444442,0.9969444444444442
2022-07-29 03:00:00+00:00,0.0,13.1,2.3,5,0,4,3,False,0.0,0.982222222222222,0.982222222222222,0.982222222222222,0.982222222222222,0.982222222222222,0.982222222222222
2022-07-29 04:00:00+00:00,0.0,12.0,3.0,5,0,4,4,False,0.0,0.98,0.98,0.98,0.98,0.98,0.98
2022-07-29 05:00:00+00:00,0.0,12.4,3.5,5,1,4,5,False,0.0,0.9999999999999996,0.9999999999999996,0.9999999999999996,0.9999999999999996,0.9999999999999996,0.9999999999999996
2022-07-29 06:00:00+00:00,0.0,13.7,1.7,5,0,4,6,False,1.0,0.9836111111111108,0.9836111111111108,0.9836111111111108,0.9836111111111108,0.9836111111111108,0.9836111111111108
2022-07-29 07:00:00+00:00,0.0,16.7,1.1,3,2,4,7,False,0.0,0.995,0.995,0.995,0.995,0.995,0.995
2022-07-29 08:00:00+00:00,0.0,18.8,0.7,3,4,4,8,False,2.0,0.999722222222222,0.999722222222222,0.999722222222222,0.999722222222222,0.999722222222222,0.999722222222222
2022-07-29 09:00:00+00:00,0.0,19.7,1.7,3,2,4,9,False,4.0,0.999444444444444,0.999444444444444,0.999444444444444,0.999444444444444,0.999444444444444,0.999444444444444
2022-07-29 10:00:00+00:00,0.0,20.9,2.1,2,1,4,10,False,2.0,0.9991666666666664,0.9991666666666664,0.9991666666666664,0.9991666666666664,0.9991666666666664,0.9991666666666664
2022-07-29 11:00:00+00:00,0.0,22.3,2.3,2,1,4,11,False,1.0,0.9963888888888884,0.9963888888888884,0.9963888888888884,0.9963888888888884,0.9963888888888884,0.9963888888888884
2022-07-29 12:00:00+00:00,0.0,23.1,3.6,2,0,4,12,False,1.0,0.9983333333333332,0.9983333333333332,0.9983333333333332,0.9983333333333332,0.9983333333333332,0.9983333333333332
2022-07-29 13:00:00+00:00,0.0,23.4,3.0,2,0,4,13,False,0.0,0.965,0.965,0.965,0.965,0.965,0.965
2022-07-29 14:00:00+00:00,0.0,24.1,3.8,2,2,4,14,False,0.0,0.9752777777777776,0.9752777777777776,0.9752777777777776,0.9752777777777776,0.9752777777777776,0.9752777777777776
2022-07-29 15:00:00+00:00,0.0,24.7,4.2,2,2,4,15,False,2.0,0.9772222222222224,0.9772222222222224,0.9772222222222224,0.9772222222222224,0.9772222222222224,0.9772222222222224
2022-07-29 16:00:00+00:00,0.0,24.4,4.6,3,0,4,16,False,2.0,0.9783333333333336,0.9783333333333336,0.9783333333333336,0.9783333333333336,0.9783333333333336,0.9783333333333336
2022-07-29 17:00:00+00:00,0.0,23.8,4.0,3,0,4,17,False,0.0,0.9949999999999996,0.9949999999999996,0.9949999999999996,0.9949999999999996,0.9949999999999996,0.9949999999999996
2022-07-29 18:00:00+00:00,0.0,22.1,4.0,3,0,4,18,False,0.0,0.994444444444444,0.994444444444444,0.994444444444444,0.994444444444444,0.994444444444444,0.994444444444444
2022-07-29 19:00:00+00:00,0.0,20.9,3.9,2,0,4,19,False,0.0,0.9774999999999996,0.9774999999999996,0.9774999999999996,0.9774999999999996,0.9774999999999996,0.9774999999999996
2022-07-29 20:00:00+00:00,0.0,19.6,3.4,2,1,4,20,False,0.0,0.979722222222222,0.979722222222222,0.979722222222222,0.979722222222222,0.979722222222222,0.979722222222222
2022-07-29 21:00:00+00:00,0.0,17.3,1.9,2,0,4,21,False,1.0,0.98,0.98,0.98,0.98,0.98,0.98
2022-07-29 22:00:00+00:00,0.0,16.0,2.4,1,0,4,22,False,0.0,0.996944444444444,0.996944444444444,0.996944444444444,0.996944444444444,0.996944444444444,0.996944444444444
2022-07-29 23:00:00+00:00,0.0,13.7,0.7,1,0,4,23,False,0.0,0.9797222222222222,0.9797222222222222,0.9797222222222222,0.9797222222222222,0.9797222222222222,0.9797222222222222
2022-07-30 00:00:00+00:00,0.0,12.9,1.2,1,0,5,0,False,0.0,0.9933333333333334,0.9933333333333334,0.9933333333333334,0.9933333333333334,0.9933333333333334,0.9933333333333334
2022-07-30 01:00:00+00:00,0.0,12.0,1.8,1,0,5,1,False,0.0,0.9766666666666666,0.9766666666666666,0.9766666666666666,0.9766666666666666,0.9766666666666666,0.9766666666666666
2022-07-30 02:00:00+00:00,0.0,11.0,1.3,1,0,5,2,False,0.0,0.9955555555555556,0.9955555555555556,0.9955555555555556,0.9955555555555556,0.9955555555555556,0.9955555555555556
2022-07-30 03:00:00+00:00,0.0,10.7,1.3,1,0,5,3,False,0.0,0.9805555555555552,0.9805555555555552,0.9805555555555552,0.9805555555555552,0.9805555555555552,0.9805555555555552
2022-07-30 04:00:00+00:00,0.0,10.3,1.7,1,0,5,4,False,0.0,0.9775,0.9775,0.9775,0.9775,0.9775,0.9775
2022-07-30 05:00:00+00:00,0.0,11.4,2.2,1,0,5,5,False,0.0,0.9825,0.9825,0.9825,0.9825,0.9825,0.9825
2022-07-30 06:00:00+00:00,0.0,13.0,1.0,1,0,5,6,False,0.0,0.9972222222222222,0.9972222222222222,0.9972222222222222,0.9972222222222222,0.9972222222222222,0.9972222222222222
2022-07-30 07:00:00+00:00,0.0,16.7,0.9,1,0,5,7,False,0.0,0.9997222222222224,0.9997222222222224,0.9997222222222224,0.9997222222222224,0.9997222222222224,0.9997222222222224
2022-07-30 08:00:00+00:00,0.0,18.3,1.0,1,0,5,8,False,0.0,0.9930555555555556,0.9930555555555556,0.9930555555555556,0.9930555555555556,0.9930555555555556,0.9930555555555556
2022-07-30 09:00:00+00:00,0.0,20.3,1.7,1,0,5,9,False,0.0,0.9788888888888888,0.9788888888888888,0.9788888888888888,0.9788888888888888,0.9788888888888888,0.9788888888888888
2022-07-30 10:00:00+00:00,0.0,21.6,2.4,2,0,5,10,False,0.0,0.8994444444444446,0.8994444444444446,0.8994444444444446,0.8994444444444446,0.8994444444444446,0.8994444444444446
2022-07-30 11:00:00+00:00,0.0,22.8,2.3,2,0,5,11,False,0.0,0.9930555555555552,0.9930555555555552,0.9930555555555552,0.9930555555555552,0.9930555555555552,0.9930555555555552
2022-07-30 12:00:00+00:00,0.0,21.7,2.4,2,0,5,12,False,0.0,0.9802777777777776,0.9802777777777776,0.9802777777777776,0.9802777777777776,0.9802777777777776,0.9802777777777776
2022-07-30 13:00:00+00:00,0.0,23.2,5.2,2,0,5,13,False,0.0,0.9977777777777778,0.9977777777777778,0.9977777777777778,0.9977777777777778,0.9977777777777778,0.9977777777777778
2022-07-30 14:00:00+00:00,0.0,23.1,5.9,2,2,5,14,False,0.0,0.980555555555555,0.980555555555555,0.980555555555555,0.980555555555555,0.980555555555555,0.980555555555555
2022-07-30 15:00:00+00:00,0.0,22.9,5.2,2,0,5,15,False,2.0,0.9958333333333332,0.9958333333333332,0.9958333333333332,0.9958333333333332,0.9958333333333332,0.9958333333333332
2022-07-30 16:00:00+00:00,0.0,22.0,6.0,2,0,5,16,False,0.0,0.9813888888888888,0.9813888888888888,0.9813888888888888,0.9813888888888888,0.9813888888888888,0.9813888888888888
2022-07-30 17:00:00+00:00,0.0,21.0,5.2,2,0,5,17,False,0.0,0.9422222222222222,0.9422222222222222,0.9422222222222222,0.9422222222222222,0.9422222222222222,0.9422222222222222
2022-07-30 18:00:00+00:00,0.0,19.8,4.8,2,0,5,18,False,0.0,0.978611111111111,0.978611111111111,0.978611111111111,0.978611111111111,0.978611111111111,0.978611111111111
2022-07-30 19:00:00+00:00,0.0,19.2,4.2,6,0,5,19,False,0.0,0.9963888888888888,0.9963888888888888,0.9963888888888888,0.9963888888888888,0.9963888888888888,0.9963888888888888
2022-07-30 20:00:00+00:00,0.0,18.3,3.5,6,0,5,20,False,0.0,0.976944444444444,0.976944444444444,0.976944444444444,0.976944444444444,0.976944444444444,0.976944444444444
2022-07-30 21:00:00+00:00,0.0,17.2,3.2,6,0,5,21,False,0.0,0.9800000000000004,0.9800000000000004,0.9800000000000004,0.9800000000000004,0.9800000000000004,0.9800000000000004
2022-07-30 22:00:00+00:00,0.0,16.8,2.7,6,0,5,22,False,0.0,0.9825,0.9825,0.9825,0.9825,0.9825,0.9825
2022-07-30 23:00:00+00:00,0.0,16.2,2.7,6,0,5,23,False,0.0,0.9780555555555552,0.9780555555555552,0.9780555555555552,0.9780555555555552,0.9780555555555552,0.9780555555555552
2022-07-31 00:00:00+00:00,0.0,15.5,1.9,6,0,6,0,False,0.0,0.981388888888889,0.981388888888889,0.981388888888889,0.981388888888889,0.981388888888889,0.981388888888889
2022-07-31 01:00:00+00:00,0.0,15.4,1.5,6,0,6,1,False,0.0,0.9794444444444446,0.9794444444444446,0.9794444444444446,0.9794444444444446,0.9794444444444446,0.9794444444444446
2022-07-31 02:00:00+00:00,0.0,15.0,1.2,6,0,6,2,False,0.0,0.9819444444444444,0.9819444444444444,0.9819444444444444,0.9819444444444444,0.9819444444444444,0.9819444444444444
2022-07-31 03:00:00+00:00,0.0,14.2,1.9,6,0,6,3,False,0.0,0.982222222222222,0.982222222222222,0.982222222222222,0.982222222222222,0.982222222222222,0.982222222222222
2022-07-31 04:00:00+00:00,0.0,14.3,0.8,6,0,6,4,False,0.0,0.9816666666666666,0.9816666666666666,0.9816666666666666,0.9816666666666666,0.9816666666666666,0.9816666666666666
2022-07-31 05:00:00+00:00,0.0,14.3,1.0,6,0,6,5,False,0.0,0.9980555555555556,0.9980555555555556,0.9980555555555556,0.9980555555555556,0.9980555555555556,0.9980555555555556
2022-07-31 06:00:00+00:00,0.0,15.3,1.4,6,0,6,6,False,0.0,0.9813888888888888,0.9813888888888888,0.9813888888888888,0.9813888888888888,0.9813888888888888,0.9813888888888888
2022-07-31 07:00:00+00:00,0.0,15.9,1.8,7,0,6,7,False,0.0,0.9794444444444445,0.9794444444444445,0.9794444444444445,0.9794444444444445,0.9794444444444445,0.9794444444444445
2022-07-31 08:00:00+00:00,0.0,16.7,2.0,7,0,6,8,False,0.0,0.9791666666666669,0.9791666666666669,0.9791666666666669,0.9791666666666669,0.9791666666666669,0.9791666666666669
2022-07-31 09:00:00+00:00,0.0,17.0,1.2,7,0,6,9,False,0.0,0.9819444444444444,0.9819444444444444,0.9819444444444444,0.9819444444444444,0.9819444444444444,0.9819444444444444
2022-07-31 10:00:00+00:00,0.0,18.5,1.1,7,0,6,10,False,0.0,0.9811111111111112,0.9811111111111112,0.9811111111111112,0.9811111111111112,0.9811111111111112,0.9811111111111112
2022-07-31 11:00:00+00:00,0.0,19.7,1.2,7,0,6,11,False,0.0,0.9963888888888888,0.9963888888888888,0.9963888888888888,0.9963888888888888,0.9963888888888888,0.9963888888888888
2022-07-31 12:00:00+00:00,0.0,21.0,1.8,7,0,6,12,False,0.0,0.9955555555555554,0.9955555555555554,0.9955555555555554,0.9955555555555554,0.9955555555555554,0.9955555555555554
2022-07-31 13:00:00+00:00,0.0,21.1,1.9,7,0,6,13,False,0.0,0.9983333333333334,0.9983333333333334,0.9983333333333334,0.9983333333333334,0.9983333333333334,0.9983333333333334
2022-07-31 14:00:00+00:00,0.0,20.4,3.4,7,0,6,14,False,0.0,0.9955555555555554,0.9955555555555554,0.9955555555555554,0.9955555555555554,0.9955555555555554,0.9955555555555554
2022-07-31 15:00:00+00:00,0.0,21.5,4.1,7,1,6,15,False,0.0,0.9797222222222222,0.9797222222222222,0.9797222222222222,0.9797222222222222,0.9797222222222222,0.9797222222222222
2022-07-08 00:00:00+00:00,0.0,11.2,1.4,1,0,4,0,False,1.0,0.9766666666666668,0.9766666666666668,0.9766666666666668,0.9766666666666668,0.9766666666666668,0.9766666666666668
2022-07-08 01:00:00+00:00,0.0,11.6,1.2,1,0,4,1,False,0.0,0.9672222222222224,0.9672222222222224,0.9672222222222224,0.9672222222222224,0.9672222222222224,0.9672222222222224
2022-07-08 02:00:00+00:00,0.0,9.8,1.0,1,0,4,2,False,0.0,0.9827777777777776,0.9827777777777776,0.9827777777777776,0.9827777777777776,0.9827777777777776,0.9827777777777776
2022-07-08 03:00:00+00:00,0.0,9.6,0.4,1,0,4,3,False,0.0,0.9780555555555552,0.9780555555555552,0.9780555555555552,0.9780555555555552,0.9780555555555552,0.9780555555555552
2022-07-08 04:00:00+00:00,0.0,9.1,1.0,1,0,4,4,False,0.0,0.9805555555555554,0.9805555555555554,0.9805555555555554,0.9805555555555554,0.9805555555555554,0.9805555555555554
2022-07-08 05:00:00+00:00,0.0,9.6,0.5,1,0,4,5,False,0.0,0.9805555555555556,0.9805555555555556,0.9805555555555556,0.9805555555555556,0.9805555555555556,0.9805555555555556
2022-07-08 06:00:00+00:00,0.0,10.6,0.9,1,2,4,6,False,0.0,0.9980555555555556,0.9980555555555556,0.9980555555555556,0.9980555555555556,0.9980555555555556,0.9980555555555556
2022-07-08 07:00:00+00:00,0.0,11.8,0.6,8,1,4,7,False,2.0,0.9963888888888884,0.9963888888888884,0.9963888888888884,0.9963888888888884,0.9963888888888884,0.9963888888888884
2022-07-08 08:00:00+00:00,0.0,13.5,1.0,8,1,4,8,False,1.0,0.9808333333333332,0.9808333333333332,0.9808333333333332,0.9808333333333332,0.9808333333333332,0.9808333333333332
2022-07-08 09:00:00+00:00,0.0,14.8,0.9,8,2,4,9,False,1.0,0.9819444444444446,0.9819444444444446,0.9819444444444446,0.9819444444444446,0.9819444444444446,0.9819444444444446
2022-07-08 10:00:00+00:00,0.0,16.9,0.9,7,0,4,10,False,2.0,0.9294444444444444,0.9294444444444444,0.9294444444444444,0.9294444444444444,0.9294444444444444,0.9294444444444444
2022-07-08 11:00:00+00:00,0.0,16.7,2.9,7,0,4,11,False,0.0,0.9813888888888884,0.9813888888888884,0.9813888888888884,0.9813888888888884,0.9813888888888884,0.9813888888888884
2022-07-08 12:00:00+00:00,0.0,18.0,1.7,7,0,4,12,False,0.0,0.9763888888888884,0.9763888888888884,0.9763888888888884,0.9763888888888884,0.9763888888888884,0.9763888888888884
2022-07-08 13:00:00+00:00,0.0,19.6,2.7,7,0,4,13,False,0.0,0.9805555555555552,0.9805555555555552,0.9805555555555552,0.9805555555555552,0.9805555555555552,0.9805555555555552
2022-07-08 14:00:00+00:00,0.0,20.6,3.4,7,0,4,14,False,0.0,0.9805555555555552,0.9805555555555552,0.9805555555555552,0.9805555555555552,0.9805555555555552,0.9805555555555552
2022-07-08 15:00:00+00:00,0.0,18.9,3.1,7,1,4,15,False,0.0,0.9791666666666664,0.9791666666666664,0.9791666666666664,0.9791666666666664,0.9791666666666664,0.9791666666666664
2022-07-08 16:00:00+00:00,0.0,18.3,4.1,1,0,4,16,False,1.0,0.9766666666666662,0.9766666666666662,0.9766666666666662,0.9766666666666662,0.9766666666666662,0.9766666666666662
2022-07-08 17:00:00+00:00,0.0,17.7,2.8,1,0,4,17,False,0.0,0.9630555555555558,0.9630555555555558,0.9630555555555558,0.9630555555555558,0.9630555555555558,0.9630555555555558
2022-07-08 18:00:00+00:00,0.0,17.3,3.0,1,0,4,18,False,0.0,0.9952777777777778,0.9952777777777778,0.9952777777777778,0.9952777777777778,0.9952777777777778,0.9952777777777778
2022-07-08 19:00:00+00:00,0.0,16.5,3.1,7,0,4,19,False,0.0,0.9799999999999996,0.9799999999999996,0.9799999999999996,0.9799999999999996,0.9799999999999996,0.9799999999999996
2022-07-08 20:00:00+00:00,0.0,15.7,2.7,7,0,4,20,False,0.0,0.9986111111111112,0.9986111111111112,0.9986111111111112,0.9986111111111112,0.9986111111111112,0.9986111111111112
2022-07-08 21:00:00+00:00,0.0,15.0,2.7,7,0,4,21,False,0.0,1.0000000000000002,1.0000000000000002,1.0000000000000002,1.0000000000000002,1.0000000000000002,1.0000000000000002
2022-07-08 22:00:00+00:00,0.0,13.9,2.3,5,0,4,22,False,0.0,0.9991666666666666,0.9991666666666666,0.9991666666666666,0.9991666666666666,0.9991666666666666,0.9991666666666666
2022-07-08 23:00:00+00:00,0.0,13.0,0.8,5,0,4,23,False,0.0,0.9958333333333332,0.9958333333333332,0.9958333333333332,0.9958333333333332,0.9958333333333332,0.9958333333333332
2022-07-09 00:00:00+00:00,0.0,10.2,1.7,1,0,5,0,False,0.0,0.9963888888888888,0.9963888888888888,0.9963888888888888,0.9963888888888888,0.9963888888888888,0.9963888888888888
2022-07-09 01:00:00+00:00,0.0,10.0,2.0,1,0,5,1,False,0.0,0.9136111111111112,0.9136111111111112,0.9136111111111112,0.9136111111111112,0.9136111111111112,0.9136111111111112
2022-07-09 02:00:00+00:00,0.0,9.8,2.8,1,0,5,2,False,0.0,0.9805555555555556,0.9805555555555556,0.9805555555555556,0.9805555555555556,0.9805555555555556,0.9805555555555556
2022-07-09 03:00:00+00:00,0.0,9.6,2.3,1,0,5,3,False,0.0,0.9830555555555552,0.9830555555555552,0.9830555555555552,0.9830555555555552,0.9830555555555552,0.9830555555555552
2022-07-09 04:00:00+00:00,0.0,8.8,1.9,1,0,5,4,False,0.0,0.9294444444444444,0.9294444444444444,0.9294444444444444,0.9294444444444444,0.9294444444444444,0.9294444444444444
2022-07-09 05:00:00+00:00,0.0,8.6,2.2,1,0,5,5,False,0.0,0.9741666666666668,0.9741666666666668,0.9741666666666668,0.9741666666666668,0.9741666666666668,0.9741666666666668
2022-07-09 06:00:00+00:00,0.0,8.3,1.6,1,0,5,6,False,0.0,0.9752777777777778,0.9752777777777778,0.9752777777777778,0.9752777777777778,0.9752777777777778,0.9752777777777778
2022-07-09 07:00:00+00:00,0.0,10.7,1.3,1,0,5,7,False,0.0,0.995833333333333,0.995833333333333,0.995833333333333,0.995833333333333,0.995833333333333,0.995833333333333
2022-07-09 08:00:00+00:00,0.0,13.2,0.8,1,1,5,8,False,0.0,0.9991666666666664,0.9991666666666664,0.9991666666666664,0.9991666666666664,0.9991666666666664,0.9991666666666664
2022-07-09 09:00:00+00:00,0.0,15.3,1.6,1,0,5,9,False,1.0,0.9975,0.9975,0.9975,0.9975,0.9975,0.9975
2022-07-09 10:00:00+00:00,0.0,16.4,2.2,1,0,5,10,False,0.0,0.9986111111111112,0.9986111111111112,0.9986111111111112,0.9986111111111112,0.9986111111111112,0.9986111111111112
2022-07-09 11:00:00+00:00,0.0,18.5,1.5,1,0,5,11,False,0.0,0.9791666666666664,0.9791666666666664,0.9791666666666664,0.9791666666666664,0.9791666666666664,0.9791666666666664
2022-07-09 12:00:00+00:00,0.0,18.6,1.3,1,0,5,12,False,0.0,0.9994444444444442,0.9994444444444442,0.9994444444444442,0.9994444444444442,0.9994444444444442,0.9994444444444442
2022-07-09 13:00:00+00:00,0.0,19.2,1.3,2,0,5,13,False,0.0,0.9627777777777776,0.9627777777777776,0.9627777777777776,0.9627777777777776,0.9627777777777776,0.9627777777777776
2022-07-09 14:00:00+00:00,0.0,20.2,2.1,2,0,5,14,False,0.0,0.9811111111111108,0.9811111111111108,0.9811111111111108,0.9811111111111108,0.9811111111111108,0.9811111111111108
2022-07-09 15:00:00+00:00,0.0,20.0,2.5,2,1,5,15,False,0.0,0.9977777777777777,0.9977777777777777,0.9977777777777777,0.9977777777777777,0.9977777777777777,0.9977777777777777
2022-07-09 16:00:00+00:00,0.0,20.7,1.4,5,0,5,16,False,1.0,0.9783333333333336,0.9783333333333336,0.9783333333333336,0.9783333333333336,0.9783333333333336,0.9783333333333336
2022-07-09 17:00:00+00:00,0.0,20.1,1.9,5,1,5,17,False,0.0,0.9797222222222224,0.9797222222222224,0.9797222222222224,0.9797222222222224,0.9797222222222224,0.9797222222222224
2022-07-09 18:00:00+00:00,0.0,18.3,1.9,5,0,5,18,False,1.0,0.9997222222222222,0.9997222222222222,0.9997222222222222,0.9997222222222222,0.9997222222222222,0.9997222222222222
2022-07-09 19:00:00+00:00,0.0,17.2,2.4,5,0,5,19,False,0.0,0.999444444444444,0.999444444444444,0.999444444444444,0.999444444444444,0.999444444444444,0.999444444444444
2022-07-09 20:00:00+00:00,0.0,14.1,1.4,5,0,5,20,False,0.0,0.9969444444444444,0.9969444444444444,0.9969444444444444,0.9969444444444444,0.9969444444444444,0.9969444444444444
2022-07-09 21:00:00+00:00,0.0,12.5,1.9,5,0,5,21,False,0.0,0.982222222222222,0.982222222222222,0.982222222222222,0.982222222222222,0.982222222222222,0.982222222222222
2022-07-09 22:00:00+00:00,0.0,11.5,2.6,4,0,5,22,False,0.0,0.9975,0.9975,0.9975,0.9975,0.9975,0.9975
2022-07-09 23:00:00+00:00,0.0,11.8,3.0,4,0,5,23,False,0.0,0.9777777777777776,0.9777777777777776,0.9777777777777776,0.9777777777777776,0.9777777777777776,0.9777777777777776
2022-07-10 00:00:00+00:00,0.0,8.7,1.9,2,0,6,0,False,0.0,0.9633333333333336,0.9633333333333336,0.9633333333333336,0.9633333333333336,0.9633333333333336,0.9633333333333336
2022-07-10 01:00:00+00:00,0.0,8.9,2.8,2,0,6,1,False,0.0,0.9769444444444446,0.9769444444444446,0.9769444444444446,0.9769444444444446,0.9769444444444446,0.9769444444444446
2022-07-10 02:00:00+00:00,0.0,9.7,3.9,2,0,6,2,False,0.0,0.8952777777777778,0.8952777777777778,0.8952777777777778,0.8952777777777778,0.8952777777777778,0.8952777777777778
2022-07-10 03:00:00+00:00,0.0,9.6,3.1,2,0,6,3,False,0.0,0.9961111111111112,0.9961111111111112,0.9961111111111112,0.9961111111111112,0.9961111111111112,0.9961111111111112
2022-07-10 04:00:00+00:00,0.0,10.4,3.2,2,0,6,4,False,0.0,0.985,0.985,0.985,0.985,0.985,0.985
2022-07-10 05:00:00+00:00,0.0,10.5,3.0,2,0,6,5,False,0.0,0.9808333333333332,0.9808333333333332,0.9808333333333332,0.9808333333333332,0.9808333333333332,0.9808333333333332
2022-07-10 06:00:00+00:00,0.1,10.5,1.9,2,0,6,6,False,0.0,0.9647222222222224,0.9647222222222224,0.9647222222222224,0.9647222222222224,0.9647222222222224,0.9647222222222224
2022-07-10 07:00:00+00:00,0.0,10.7,2.5,8,1,6,7,False,0.0,0.9861111111111112,0.9861111111111112,0.9861111111111112,0.9861111111111112,0.9861111111111112,0.9861111111111112
2022-07-10 08:00:00+00:00,0.5,12.5,3.4,8,0,6,8,False,1.0,0.9811111111111112,0.9811111111111112,0.9811111111111112,0.9811111111111112,0.9811111111111112,0.9811111111111112
2022-07-10 09:00:00+00:00,0.0,13.5,5.4,8,0,6,9,False,0.0,0.9769444444444444,0.9769444444444444,0.9769444444444444,0.9769444444444444,0.9769444444444444,0.9769444444444444
2022-07-10 10:00:00+00:00,0.0,14.1,6.8,7,1,6,10,False,0.0,0.9994444444444444,0.9994444444444444,0.9994444444444444,0.9994444444444444,0.9994444444444444,0.9994444444444444
2022-07-10 11:00:00+00:00,0.1,13.7,5.4,7,0,6,11,False,1.0,0.9966666666666664,0.9966666666666664,0.9966666666666664,0.9966666666666664,0.9966666666666664,0.9966666666666664
2022-07-10 12:00:00+00:00,0.0,14.1,7.4,7,0,6,12,False,0.0,0.9800000000000002,0.9800000000000002,0.9800000000000002,0.9800000000000002,0.9800000000000002,0.9800000000000002
2022-07-10 13:00:00+00:00,0.0,14.1,6.6,8,0,6,13,False,0.0,0.9961111111111108,0.9961111111111108,0.9961111111111108,0.9961111111111108,0.9961111111111108,0.9961111111111108
2022-07-10 14:00:00+00:00,0.0,14.4,5.8,8,0,6,14,False,0.0,0.9805555555555554,0.9805555555555554,0.9805555555555554,0.9805555555555554,0.9805555555555554,0.9805555555555554
2022-07-10 15:00:00+00:00,0.0,13.7,5.5,8,1,6,15,False,0.0,0.9827777777777776,0.9827777777777776,0.9827777777777776,0.9827777777777776,0.9827777777777776,0.9827777777777776
2022-07-10 16:00:00+00:00,0.0,13.0,4.7,8,0,6,16,False,1.0,0.9983333333333332,0.9983333333333332,0.9983333333333332,0.9983333333333332,0.9983333333333332,0.9983333333333332
2022-07-10 17:00:00+00:00,0.0,12.7,3.7,8,0,6,17,False,0.0,0.978611111111111,0.978611111111111,0.978611111111111,0.978611111111111,0.978611111111111,0.978611111111111
2022-07-10 18:00:00+00:00,0.0,12.0,3.2,8,0,6,18,False,0.0,0.9641666666666668,0.9641666666666668,0.9641666666666668,0.9641666666666668,0.9641666666666668,0.9641666666666668
2022-07-10 19:00:00+00:00,0.0,11.9,3.9,8,0,6,19,False,0.0,0.9105555555555556,0.9105555555555556,0.9105555555555556,0.9105555555555556,0.9105555555555556,0.9105555555555556
2022-07-10 20:00:00+00:00,0.0,11.4,3.4,8,0,6,20,False,0.0,0.995,0.995,0.995,0.995,0.995,0.995
2022-07-10 21:00:00+00:00,0.0,11.2,4.2,8,0,6,21,False,0.0,0.9761111111111112,0.9761111111111112,0.9761111111111112,0.9761111111111112,0.9761111111111112,0.9761111111111112
2022-07-10 22:00:00+00:00,0.0,10.9,3.2,8,0,6,22,False,0.0,0.978888888888889,0.978888888888889,0.978888888888889,0.978888888888889,0.978888888888889,0.978888888888889
2022-07-10 23:00:00+00:00,0.0,10.3,2.9,8,0,6,23,False,0.0,0.9994444444444446,0.9994444444444446,0.9994444444444446,0.9994444444444446,0.9994444444444446,0.9994444444444446
2022-07-11 00:00:00+00:00,0.4,7.0,1.8,8,0,0,0,False,0.0,0.9788888888888888,0.9788888888888888,0.9788888888888888,0.9788888888888888,0.9788888888888888,0.9788888888888888
2022-07-11 01:00:00+00:00,1.0,7.1,3.9,8,0,0,1,False,0.0,0.9813888888888888,0.9813888888888888,0.9813888888888888,0.9813888888888888,0.9813888888888888,0.9813888888888888
2022-07-11 02:00:00+00:00,0.5,6.9,4.1,8,0,0,2,False,0.0,0.9413888888888892,0.9413888888888892,0.9413888888888892,0.9413888888888892,0.9413888888888892,0.9413888888888892
2022-07-11 03:00:00+00:00,1.4,7.0,5.8,8,0,0,3,False,0.0,0.9952777777777776,0.9952777777777776,0.9952777777777776,0.9952777777777776,0.9952777777777776,0.9952777777777776
2022-07-11 04:00:00+00:00,1.4,7.2,4.4,8,1,0,4,False,0.0,0.9816666666666666,0.9816666666666666,0.9816666666666666,0.9816666666666666,0.9816666666666666,0.9816666666666666
2022-07-11 05:00:00+00:00,2.4,7.7,4.4,8,1,0,5,False,1.0,0.9827777777777774,0.9827777777777774,0.9827777777777774,0.9827777777777774,0.9827777777777774,0.9827777777777774
2022-07-11 06:00:00+00:00,2.9,8.2,2.7,8,2,0,6,False,1.0,0.9816666666666668,0.9816666666666668,0.9816666666666668,0.9816666666666668,0.9816666666666668,0.9816666666666668
2022-07-11 07:00:00+00:00,1.1,8.1,1.7,8,0,0,7,False,2.0,0.9663888888888889,0.9663888888888889,0.9663888888888889,0.9663888888888889,0.9663888888888889,0.9663888888888889
2022-07-11 08:00:00+00:00,0.8,8.0,2.5,8,1,0,8,False,0.0,0.9958333333333336,0.9958333333333336,0.9958333333333336,0.9958333333333336,0.9958333333333336,0.9958333333333336
2022-07-11 09:00:00+00:00,0.4,8.0,2.5,8,0,0,9,False,1.0,0.9663888888888889,0.9663888888888889,0.9663888888888889,0.9663888888888889,0.9663888888888889,0.9663888888888889
2022-07-11 10:00:00+00:00,0.1,8.1,1.9,8,0,0,10,False,0.0,0.9974999999999996,0.9974999999999996,0.9974999999999996,0.9974999999999996,0.9974999999999996,0.9974999999999996
2022-07-11 11:00:00+00:00,2.5,8.0,2.6,8,0,0,11,False,0.0,0.9669444444444444,0.9669444444444444,0.9669444444444444,0.9669444444444444,0.9669444444444444,0.9669444444444444
2022-07-11 12:00:00+00:00,1.6,8.0,3.3,8,0,0,12,False,0.0,0.9994444444444442,0.9994444444444442,0.9994444444444442,0.9994444444444442,0.9994444444444442,0.9994444444444442
2022-07-11 13:00:00+00:00,1.0,8.1,2.9,8,0,0,13,False,0.0,0.9744444444444446,0.9744444444444446,0.9744444444444446,0.9744444444444446,0.9744444444444446,0.9744444444444446
2022-07-11 14:00:00+00:00,0.2,8.4,2.6,8,0,0,14,False,0.0,0.9825,0.9825,0.9825,0.9825,0.9825,0.9825
2022-07-11 15:00:00+00:00,0.1,8.6,1.6,8,1,0,15,False,0.0,0.9994444444444444,0.9994444444444444,0.9994444444444444,0.9994444444444444,0.9994444444444444,0.9994444444444444
2022-07-11 16:00:00+00:00,0.0,8.0,1.4,7,1,0,16,False,1.0,0.9997222222222224,0.9997222222222224,0.9997222222222224,0.9997222222222224,0.9997222222222224,0.9997222222222224
2022-07-11 17:00:00+00:00,0.0,7.4,0.9,7,3,0,17,False,1.0,0.9805555555555556,0.9805555555555556,0.9805555555555556,0.9805555555555556,0.9805555555555556,0.9805555555555556
2022-07-11 18:00:00+00:00,0.0,6.6,1.6,7,0,0,18,False,3.0,0.98,0.98,0.98,0.98,0.98,0.98
2022-07-11 19:00:00+00:00,0.0,5.8,2.4,5,0,0,19,False,0.0,0.9794444444444442,0.9794444444444442,0.9794444444444442,0.9794444444444442,0.9794444444444442,0.9794444444444442
2022-07-11 20:00:00+00:00,0.0,5.3,2.0,5,1,0,20,False,0.0,0.9824999999999996,0.9824999999999996,0.9824999999999996,0.9824999999999996,0.9824999999999996,0.9824999999999996
2022-07-11 21:00:00+00:00,0.0,4.8,0.7,5,0,0,21,False,1.0,0.9794444444444442,0.9794444444444442,0.9794444444444442,0.9794444444444442,0.9794444444444442,0.9794444444444442
2022-07-11 22:00:00+00:00,0.0,4.2,1.1,2,0,0,22,False,0.0,0.9994444444444444,0.9994444444444444,0.9994444444444444,0.9994444444444444,0.9994444444444444,0.9994444444444444
2022-07-11 23:00:00+00:00,0.0,3.6,1.0,2,0,0,23,False,0.0,0.9805555555555552,0.9805555555555552,0.9805555555555552,0.9805555555555552,0.9805555555555552,0.9805555555555552
